Workbook

Sheet Cover
E8: Test Report
C11: Project Name: | E11: DỰ ÁN TRIỂN KHAI BẢN QUYỀN PHẦN MỀM HỆ THỐNG AML MỚI | G11: Reviewer:
C12: Document Code: | E12: MSB_AML_Testcase_TF_Report | G12: Position:
C13: Originator: | G13: Reviewed Date:
C14: Position: | G14: Approver:
C15: Created Date: | E15: 46255 | G15: Position:
C16: Version: | E16: 1.1 | G16: Approved Date:

Sheet Records
A1: TABLE OF CONTENT
A3: No | B3: Items | C3: Content | H3: Note
A4: 1 | B4: Cover | C4: Cover
A5: 2 | B5: Records | C5: Record of changes
A6: 3 | B6: Changelog | C6: Bảng ghi nhận thay đổi so với phiên bản trước
A7: 4 | B7: Test Report | C7: Tổng hợp kết quả thực thi test
A8: 5 | B8: Report_01 | C8: Test case Báo cáo thống kê HIT theo từng giao dịch
A9: 6 | B9: Report_02 | C9: Test case Báo cáo tỷ lệ cảnh báo HIT theo nghiệp vụ
A10: 7 | B10: Report_03 | C10: Test case Báo cáo tỷ lệ cảnh báo theo rule quét sàng lọc
A11: 8 | B11: Report_04 | C11: Test case Báo cáo theo dõi Good Guy sắp đến hạn
A12: 9 | B12: Report_05 | C12: Test case Báo cáo các giao dịch đã bị từ chối
A13: 10 | B13: Report_Permission | C13: Test case phân quyền báo cáo (xem/xuất, phạm vi dữ liệu)
A15: Effective Date | B15: A, M, D | C15: Change Description | F15: New Version | G15: Author
A16: 46153 | B16: A | C16: Create new TC | F16: 1
A17: 46255 | B17: M | C17: Chi tiết tại sheet Changelog. | F17: 1.1

Sheet Test Report
B2: SYSTEM TEST REPORT
A5: Project | B5: DỰ ÁN TRIỂN KHAI BẢN QUYỀN PHẦN MỀM HỆ THỐNG AML MỚI | D5: Project manager
A6: Application | D6: Approved Date
A7: Consolidated By | D7: Reviewed By
A8: Build Versions | D8: Reviewed date
A9: Test Environment | B9: SIT
A10: Last Updated Date
A11: Test Execution Summary
A12: Reported by
A13: Date
A14: Test Results | B14: Passed | C14: Failed | D14: Accepted | E14: N/A | F14: Untested | G14: Total
A15: Tổng cộng | B15: =SUM(B16:B21) -> 105 | C15: =SUM(C16:C21) -> 0 | D15: =SUM(D16:D21) -> 0 | E15: =SUM(E16:E21) -> 0 | F15: =SUM(F16:F21) -> 34 | G15: =SUM(B15:F15) -> 139
A16: Report_01 | B16: =COUNTIF(Report_01!J:J,"Passed") -> 0 | C16: =COUNTIF(Report_01!J:J,"Failed") -> 0 | D16: =COUNTIF(Report_01!J:J,"Accepted") -> 0 | E16: =COUNTIF(Report_01!J:J,"N/A") -> 0 | F16: =COUNTIF(Report_01!J:J,"Untested") -> 34 | G16: =SUM(B16:F16) -> 34
A17: Report_02 | B17: =COUNTIF(Report_02!K:K,"Passed") -> 30 | C17: =COUNTIF(Report_02!K:K,"Failed") -> 0 | D17: =COUNTIF(Report_02!K:K,"Accepted") -> 0 | E17: =COUNTIF(Report_02!K:K,"N/A") -> 0 | F17: =COUNTIF(Report_02!K:K,"Untested") -> 0 | G17: =SUM(B17:F17) -> 30
A18: Report_03 | B18: =COUNTIF(Report_03!J:J,"Passed") -> 28 | C18: =COUNTIF(Report_03!J:J,"Failed") -> 0 | D18: =COUNTIF(Report_03!J:J,"Accepted") -> 0 | E18: =COUNTIF(Report_03!J:J,"N/A") -> 0 | F18: =COUNTIF(Report_03!J:J,"Untested") -> 0 | G18: =SUM(B18:F18) -> 28
A19: Report_04 | B19: =COUNTIF(Report_04!J:J,"Passed") -> 18 | C19: =COUNTIF(Report_04!J:J,"Failed") -> 0 | D19: =COUNTIF(Report_04!J:J,"Accepted") -> 0 | E19: =COUNTIF(Report_04!J:J,"N/A") -> 0 | F19: =COUNTIF(Report_04!J:J,"Untested") -> 0 | G19: =SUM(B19:F19) -> 18
A20: Report_05 | B20: =COUNTIF(Report_05!J:J,"Passed") -> 29 | C20: =COUNTIF(Report_05!J:J,"Failed") -> 0 | D20: =COUNTIF(Report_05!J:J,"Accepted") -> 0 | E20: =COUNTIF(Report_05!J:J,"N/A") -> 0 | F20: =COUNTIF(Report_05!J:J,"Untested") -> 0 | G20: =SUM(B20:F20) -> 29
A21: Report_Permission | B21: =COUNTIF(Report_Permission!J:J,"Passed") -> 0 | C21: =COUNTIF(Report_Permission!J:J,"Failed") -> 0 | D21: =COUNTIF(Report_Permission!J:J,"Accepted") -> 0 | E21: =COUNTIF(Report_Permission!J:J,"N/A") -> 0 | F21: =COUNTIF(Report_Permission!J:J,"Untested") -> 0 | G21: =SUM(B21:F21) -> 0
A25: Test coverage
A26: Test coverage | G26: =IFERROR(SUM(B15,C15,E15)/G15,0) -> 0.75539568
A27: Test successful coverage | G27: =IFERROR(SUM(B15,E15)/G15,0) -> 0.75539568
A28: Issues
A29: 1. Block testing issue
A30: 2. Critical defects
A35: BÁO CÁO | B35: Pass | C35: Fail | D35: Pending | E35: Cancel | F35: Untested | G35: Next | H35: TỔNG
A36: Report_01 | B36: =COUNTIF(Report_01!$K:$K,'Test Report'!B35) -> 0 | C36: =COUNTIF(Report_01!$K:$K,'Test Report'!C35) -> 0 | D36: =COUNTIF(Report_01!$K:$K,'Test Report'!D35) -> 0 | E36: =COUNTIF(Report_01!$K:$K,'Test Report'!E35) -> 0 | F36: =COUNTIF(Report_01!$K:$K,'Test Report'!F35) -> 0 | G36: =COUNTIF(Report_01!$K:$K,'Test Report'!G35) -> 0 | H36: =SUM(B36:G36) -> 0
A37: Report_02 | B37: =COUNTIF(Report_02!$K:$K,'Test Report'!B35) -> 0 | C37: =COUNTIF(Report_02!$K:$K,'Test Report'!C35) -> 0 | D37: =COUNTIF(Report_02!$K:$K,'Test Report'!D35) -> 0 | E37: =COUNTIF(Report_02!$K:$K,'Test Report'!E35) -> 0 | F37: =COUNTIF(Report_02!$K:$K,'Test Report'!F35) -> 0 | G37: =COUNTIF(Report_02!$K:$K,'Test Report'!G35) -> 0 | H37: =SUM(B37:G37) -> 0
A38: Report_03 | B38: =COUNTIF(Report_03!$J:$J,'Test Report'!B35) -> 0 | C38: =COUNTIF(Report_03!$J:$J,'Test Report'!C35) -> 0 | D38: =COUNTIF(Report_03!$J:$J,'Test Report'!D35) -> 0 | E38: =COUNTIF(Report_03!$J:$J,'Test Report'!E35) -> 0 | F38: =COUNTIF(Report_03!$J:$J,'Test Report'!F35) -> 0 | G38: =COUNTIF(Report_03!$J:$J,'Test Report'!G35) -> 0 | H38: =SUM(B38:G38) -> 0
A39: Report_04 | B39: =COUNTIF(Report_04!$J:$J,B35) -> 0 | C39: =COUNTIF(Report_04!$J:$J,C35) -> 0 | D39: =COUNTIF(Report_04!$J:$J,D35) -> 0 | E39: =COUNTIF(Report_04!$J:$J,E35) -> 0 | F39: =COUNTIF(Report_04!$J:$J,F35) -> 0 | G39: =COUNTIF(Report_04!$J:$J,G35) -> 0 | H39: =SUM(B39:G39) -> 0
A40: Report_05 | B40: =COUNTIF(Report_05!$J:$J,B35) -> 0 | C40: =COUNTIF(Report_05!$J:$J,C35) -> 0 | D40: =COUNTIF(Report_05!$J:$J,D35) -> 2 | E40: =COUNTIF(Report_05!$J:$J,E35) -> 0 | F40: =COUNTIF(Report_05!$J:$J,F35) -> 0 | G40: =COUNTIF(Report_05!$J:$J,G35) -> 0 | H40: =SUM(B40:G40) -> 2
A41: Tổng cộng | B41: =SUM(B36:B40) -> 0 | C41: =SUM(C36:C40) -> 0 | D41: =SUM(D36:D40) -> 2 | E41: =SUM(E36:E40) -> 0 | F41: =SUM(F36:F40) -> 0 | G41: =SUM(G36:G40) -> 0 | H41: =SUM(B41:G41) -> 2
B42: =B41/$H$41 -> 0 | C42: =C41/$H$41 -> 0 | D42: =D41/$H$41 -> 1 | E42: =E41/$H$41 -> 0 | F42: =F41/$H$41 -> 0 | G42: =G41/$H$41 -> 0

Sheet Report
A1: BÁO CÁO | B1: Passed | C1: Failed | D1: Pending | E1: Cancel | F1: Untested | G1: Next | H1: TỔNG
A2: Report_01 | B2: =Report_01!E7 -> 34 | C2: =Report_01!E8 -> 0 | D2: =Report_01!E9 -> 0 | E2: =Report_01!E10 -> 0 | F2: =Report_01!E11 -> 0 | G2: =Report_01!E12 -> 0 | H2: =SUM(B2:G2) -> 34
A3: Report_02 | B3: =Report_02!E7 -> 30 | C3: =Report_02!E8 -> 0 | D3: =Report_02!E9 -> 0 | E3: =Report_02!E10 -> 0 | F3: =Report_02!E11 -> 0 | G3: =Report_02!E12 -> 0 | H3: =SUM(B3:G3) -> 30
A4: Report_03 | B4: =Report_03!E7 -> 28 | C4: =Report_03!E8 -> 0 | D4: =Report_03!E9 -> 0 | E4: =Report_03!E10 -> 0 | F4: =Report_03!E11 -> 0 | G4: =Report_03!E12 -> 0 | H4: =SUM(B4:G4) -> 28
A5: Report_04 | B5: =Report_04!E7 -> 18 | C5: =Report_04!E8 -> 0 | D5: =Report_04!E9 -> 0 | E5: =Report_04!E10 -> 0 | F5: =Report_04!E11 -> 0 | G5: =Report_04!E12 -> 0 | H5: =SUM(B5:G5) -> 18
A6: Report_05 | B6: =Report_05!E7 -> 29 | C6: =Report_05!E8 -> 0 | D6: =Report_05!E9 -> 2 | E6: =Report_05!E10 -> 0 | F6: =Report_05!E11 -> 0 | G6: =Report_05!E12 -> 0 | H6: =SUM(B6:G6) -> 31
A7: Tổng cộng | B7: =SUM(B2:B6) -> 139 | C7: =SUM(C2:C6) -> 0 | D7: =SUM(D2:D6) -> 2 | E7: =SUM(E2:E6) -> 0 | F7: =SUM(F2:F6) -> 0 | G7: =SUM(G2:G6) -> 0 | H7: =SUM(B7:G7) -> 141
B8: =B7/$H$7 -> 0.9858156 | C8: =C7/$H$7 -> 0 | D8: =D7/$H$7 -> 0.014184397 | E8: =E7/$H$7 -> 0 | F8: =F7/$H$7 -> 0 | G8: =G7/$H$7 -> 0
A20: Passed
A21: Failed
A22: Pending
A23: Cancel
A24: Untested
A25: Next

Sheet Report_01
A1: Functions | B1: =Cover!E11 -> DỰ ÁN TRIỂN KHAI BẢN QUYỀN PHẦN MỀM HỆ THỐNG AML MỚI
A2: Build Version | B2: v1.0
A4: ROUND 2
B5: High | C5: Medium | D5: Low | E5: Total
B6: =SUM(B7:B11) -> 14 | C6: =SUM(C7:C11) -> 20 | D6: =SUM(D7:D11) -> 0 | E6: =SUM(B6:D6) -> 34
A7: Passed | B7: =COUNTIFS($H:$H,B$5,$K:$K,$A7) -> 14 | C7: =COUNTIFS($H:$H,C$5,$K:$K,$A7) -> 20 | D7: =COUNTIFS($H:$H,D$5,$K:$K,$A7) -> 0 | E7: =SUM(B7:D7) -> 34
A8: Failed | B8: =COUNTIFS($H:$H,B$5,$K:$K,$A8) -> 0 | C8: =COUNTIFS($H:$H,C$5,$K:$K,$A8) -> 0 | D8: =COUNTIFS($H:$H,D$5,$K:$K,$A8) -> 0 | E8: =SUM(B8:D8) -> 0
A9: Pending | B9: =COUNTIFS($H:$H,B$5,$K:$K,$A9) -> 0 | C9: =COUNTIFS($H:$H,C$5,$K:$K,$A9) -> 0 | D9: =COUNTIFS($H:$H,D$5,$K:$K,$A9) -> 0 | E9: =SUM(B9:D9) -> 0
A10: Cancel | B10: =COUNTIFS($H:$H,B$5,$K:$K,$A10) -> 0 | C10: =COUNTIFS($H:$H,C$5,$K:$K,$A10) -> 0 | D10: =COUNTIFS($H:$H,D$5,$K:$K,$A10) -> 0 | E10: =SUM(B10:D10) -> 0
A11: Untested | B11: =COUNTIFS($H:$H,B$5,$K:$K,$A11) -> 0 | C11: =COUNTIFS($H:$H,C$5,$K:$K,$A11) -> 0 | D11: =COUNTIFS($H:$H,D$5,$K:$K,$A11) -> 0 | E11: =SUM(B11:D11) -> 0
A12: Next | B12: =COUNTIFS($H:$H,B$5,$K:$K,$A12) -> 0 | C12: =COUNTIFS($H:$H,C$5,$K:$K,$A12) -> 0 | D12: =COUNTIFS($H:$H,D$5,$K:$K,$A12) -> 0 | E12: =SUM(B12:D12) -> 0
A14: ROUND 3
B15: High | C15: Medium | D15: Low | E15: Total
B16: =SUM(B17:B21) -> 14 | C16: =SUM(C17:C21) -> 20 | D16: =SUM(D17:D21) -> 0 | E16: =SUM(B16:D16) -> 34
A17: Passed | B17: =COUNTIFS($H:$H,B$15,$L:$L,$A17) -> 0 | C17: =COUNTIFS($H:$H,C$15,$L:$L,$A17) -> 0 | D17: =COUNTIFS($H:$H,D$15,$L:$L,$A17) -> 0 | E17: =SUM(B17:D17) -> 0
A18: Failed | B18: =COUNTIFS($H:$H,B$15,$L:$L,$A18) -> 0 | C18: =COUNTIFS($H:$H,C$15,$L:$L,$A18) -> 0 | D18: =COUNTIFS($H:$H,D$15,$L:$L,$A18) -> 0 | E18: =SUM(B18:D18) -> 0
A19: Pending | B19: =COUNTIFS($H:$H,B$15,$L:$L,$A19) -> 0 | C19: =COUNTIFS($H:$H,C$15,$L:$L,$A19) -> 0 | D19: =COUNTIFS($H:$H,D$15,$L:$L,$A19) -> 0 | E19: =SUM(B19:D19) -> 0
A20: Cancel | B20: =COUNTIFS($H:$H,B$15,$L:$L,$A20) -> 0 | C20: =COUNTIFS($H:$H,C$15,$L:$L,$A20) -> 0 | D20: =COUNTIFS($H:$H,D$15,$L:$L,$A20) -> 0 | E20: =SUM(B20:D20) -> 0
A21: Untested | B21: =COUNTIFS($H:$H,B$15,$L:$L,$A21) -> 14 | C21: =COUNTIFS($H:$H,C$15,$L:$L,$A21) -> 20 | D21: =COUNTIFS($H:$H,D$15,$L:$L,$A21) -> 0 | E21: =SUM(B21:D21) -> 34
A22: Next | B22: =COUNTIFS($H:$H,B$15,$L:$L,$A22) -> 0 | C22: =COUNTIFS($H:$H,C$15,$L:$L,$A22) -> 0 | D22: =COUNTIFS($H:$H,D$15,$L:$L,$A22) -> 0 | E22: =SUM(B22:D22) -> 0
A25: Test case Id | B25: Test case Title | C25: Pre-conditions | D25: Test Step | E25: Test Datas | F25: Expected result | G25: Test Environment | H25: Priority | I25: Automation Status | J25: 1st Test Results | K25: 2nd Test Results | L25: 3rd Test Results | M25: BugID | N25: Notes
A26: TF_RP1_01 | B26: Kiểm tra tiêu chí đầu vào báo cáo và các nút chức năng
A27: TF_RP1_01_01 | B27: Kiểm tra hiển thị các trường tham số | D27: 1. Đăng nhập vào Oracle Analytics Server 2. Mở báo cáo "Báo cáo thống kê hit theo từng giao dịch" | F27: Người dùng xem được các trường thông tin: - Từ ngày - Đến ngày - Đơn vị - Mã giao dịch Các nút chức năng: - Apply - Reset | G27: SIT | H27: Medium | I27: Manual | J27: Untested | K27: Passed | L27: Untested
A28: TF_RP1_01_02 | B28: Kiểm tra tham số Từ ngày | D28: 1. Đăng nhập vào Oracle Analytics Server 2. Mở báo cáo "Báo cáo thống kê hit theo từng giao dịch" 3. Kiểm tra tham số Từ ngày | F28: Hệ thống cho người dùng chọn theo bảng lịch, hiển thị dạng dd/mm/yyyy | G28: SIT | H28: Medium | I28: Manual | J28: Untested | K28: Passed | L28: Untested
A29: TF_RP1_01_03 | B29: Kiểm tra tham số Đến ngày | D29: 1. Đăng nhập vào Oracle Analytics Server 2. Mở báo cáo "Báo cáo thống kê hit theo từng giao dịch" 3. Kiểm tra tham số Đến ngày | F29: Hệ thống cho người dùng chọn theo bảng lịch, hiển thị dạng dd/mm/yyyy | G29: SIT | H29: Medium | I29: Manual | J29: Untested | K29: Passed | L29: Untested
A30: TF_RP1_01_04 | B30: Kiểm tra tham số Đơn vị | D30: 1. Đăng nhập vào Oracle Analytics Server 2. Mở báo cáo "Báo cáo thống kê hit theo từng giao dịch" 3. Kiểm tra tham số Đơn vị | F30: Hệ thống hiển thị danh sách các chi nhánh/PGD, cho phép người dùng chọn một hoặc nhiều và không bắt buộc chọn | G30: SIT | H30: Medium | I30: Manual | J30: Untested | K30: Passed | L30: Untested
A31: TF_RP1_01_05 | B31: Kiểm tra tham số Mã giao dịch | D31: 1. Đăng nhập vào Oracle Analytics Server 2. Mở báo cáo "Báo cáo thống kê hit theo từng giao dịch" 3. Kiểm tra tham số Mã giao dịch | F31: Hệ thống cho phép người dùng nhập giá trị mã giao dịch và không bắt buộc nhập | G31: SIT | H31: Medium | I31: Manual | J31: Untested | K31: Passed | L31: Untested
A32: TF_RP1_01_06 | B32: Kiểm tra nút chức năng 'Apply' | D32: 1. Đăng nhập vào Oracle Analytics Server 2. Mở báo cáo "Báo cáo thống kê hit theo từng giao dịch" 3. Nhập/Chọn thông tin các trường: - Chọn ngày trong trường 'Từ ngày' - Chọn ngày trong trường 'Đến ngày' - Nhập giá trị trường Đơn vị - Chọn giá trị trường Mã giao dịch 4. Bấm nút chức năng 'Apply' | F32: Người dùng xem được kết quả báo cáo | G32: SIT | H32: Medium | I32: Manual | J32: Untested | K32: Passed | L32: Untested
A33: TF_RP1_01_07 | B33: Kiểm tra nút chức năng 'Reset' | D33: 1. Đăng nhập vào Oracle Analytics Server 2. Mở báo cáo "Báo cáo thống kê hit theo từng giao dịch" 3. Nhập/Chọn thông tin các trường: - Chọn ngày trong trường 'Từ ngày' - Chọn ngày trong trường 'Đến ngày' - Nhập giá trị trường Đơn vị - Chọn giá trị trường Mã giao dịch 4. Bấm nút chức năng 'Reset' | F33: Hệ thống đặt lại tiêu chí lọc của người dùng theo lựa chọn tương ứng: - Reset to last applied values: Đặt lại về giá trị lọc trước đó - Reset to default values: Đặt lại về giá trị lọc của báo cáo - Clear All: Đặt lại toàn bộ tiêu chí lọc | G33: SIT | H33: Medium | I33: Manual | J33: Untested | K33: Passed | L33: Untested
A34: TF_RP1_02 | B34: Kiểm tra tiêu chí đầu ra mong muốn
A35: TF_RP1_02_01 | B35: Kiểm tra hiển thị báo cáo | C35: 1. NSD có quyền truy cập báo cáo. 2. Đã tồn tại giao dịch phát sinh HIT/Knocked-out trong kỳ báo cáo thuộc phạm vi đơn vị được phân quyền. | D35: 1. Đăng nhập vào Oracle Analytics Server 2. Mở báo cáo "Báo cáo thống kê hit theo từng giao dịch" 3. Nhập các tiêu chí lọc và đảm bảo nhập đủ các tiêu chí bắt buộc nhập 4. Bấm nút chức năng 'Apply' | E35: --report 1 WITH DS_PARAMS AS( SELECT TO_DATE('20260917','YYYYMMDD') AS P_FROM_DATE, TO_DATE('20260917','YYYYMMDD') AS P_TO_DATE, '' AS P_BRANCH_CD, '' AS P_TRANSATION_ID FROM DUAL ), DS_REPORT_1 AS( SELECT RA.N_ALERT_ID AS N_ALERT_ID, JSON_VALUE(RD.C_EXT_DATA,'$.transactionId') AS TRANSACTION_ID, RD.V_GRP_MSG_TYPE AS GRP_MSG_TYPE, DS.V_SWIFT_WEBSERVICE_DESC AS WEBSERVICE_NAME, REGEXP_SUBSTR(ST.V_RULE,'\[([^]]+)\]',1,1,NULL,1) AS RULE_CODE, ST.N_SCORE AS N_SCORE, SS.V_SANCTION_STATUS_NAME AS STATUS_NAME, ST.V_MATCHED_LIST_NAME AS MATCHED_LIST_NAME, ST.V_MATCHED_SUBLIST_NAME AS MATCHED_SUBLIST_NAME, CAST(ST.C_INPUT_STR AS VARCHAR2(4000)) AS KEY_WORD, COALESCE( ST.V_MATCHED_ENTITY_NAME, ST.V_MATCHED_INDIVIDUAL_NAME, ST.V_MATCHED_COUNTRY, ST.V_MATCHED_CITY, ST.V_MATCHED_BIC ) AS WATCHlIST, ST.V_MATCHED_LIST_REC_ID AS MATCHED_LIST_REC_ID, NVL( ST.V_TAG_NAME, REGEXP_REPLACE(MX.X_PATH,'\[[0-9]+\]','') ) AS TAG_NAME FROM FSI_RT_ALERTS RA INNER JOIN FSI_RT_RAW_DATA RD ON RA.N_GRP_MSG_ID = RD.N_GRP_MSG_ID INNER JOIN FSI_RT_AL_WLS_RESPONSE ST ON ST.N_GRP_MSG_ID = RA.N_GRP_MSG_ID INNER JOIN DIM_SWIFT_WEBSERVICE DS ON ST.N_WEBSERVICE_ID = DS.N_SWIFT_WEBSERVICE_ID LEFT JOIN FSI_RT_XML_WLS_RESPONSE MX ON MX.N_GRP_MSG_ID = RA.N_GRP_MSG_ID JOIN DIM_SANCTIONS_STATUS SS ON ST.N_IS_ACCEPTED = SS.N_SANCTION_STATUS_CODE CROSS JOIN DS_PARAMS P WHERE 1 = 1 AND TRUNC(RD.D_RECEIVED) BETWEEN P.P_FROM_DATE AND P.P_TO_DATE ---- ADD THÊM, NẾU LỌC THÊM THEO CHI NHANH --AND JSON_VALUE(RD.C_EXT_DATA,'$.branchCd') = P.P_BRANCH_CD ---- ADD THÊM, NẾU LỌC THÊM THEO TRANSACTION --AND JSON_VALUE(RD.C_EXT_DATA,'$.transactionId') = P.P_TRANSATION_ID ), DS_END AS( SELECT N_ALERT_ID, TRANSACTION_ID, GRP_MSG_TYPE, WEBSERVICE_NAME, RULE_CODE, N_SCORE, STATUS_NAME, MATCHED_LIST_NAME, MATCHED_SUBLIST_NAME, KEY_WORD, WATCHlIST, MATCHED_LIST_REC_ID, TAG_NAME, ROW_NUMBER() OVER(PARTITION BY N_ALERT_ID, TRANSACTION_ID, GRP_MSG_TYPE, WEBSERVICE_NAME, RULE_CODE, N_SCORE, STATUS_NAME, MATCHED_LIST_NAME, MATCHED_SUBLIST_NAME, KEY_WORD, WATCHlIST, MATCHED_LIST_REC_ID, TAG_NAME ORDER BY N_ALERT_ID ) AS RN FROM DS_REPORT_1 ) SELECT N_ALERT_ID, TRANSACTION_ID, GRP_MSG_TYPE, WEBSERVICE_NAME, RULE_CODE, N_SCORE, STATUS_NAME, MATCHED_LIST_NAME, MATCHED_SUBLIST_NAME, KEY_WORD, WATCHlIST, MATCHED_LIST_REC_ID, TAG_NAME FROM DS_END WHERE RN = 1; WITH DS_PARAMS AS( SELECT TO_DATE('20260917','YYYYMMDD') AS P_FROM_DATE, TO_DATE('20260917','YYYYMMDD') AS P_TO_DATE, '' AS P_BRANCH_CD, '' AS P_TRANSATION_ID FROM DUAL ), DS_REPORT_1 AS( SELECT RA.N_ALERT_ID AS N_ALERT_ID, JSON_VALUE(RD.C_EXT_DATA,'$.transactionId') AS TRANSACTION_ID, JSON_VALUE(RD.C_EXT_DATA,'$.branchCd') AS BRANCH_CD, -- Thêm cột Chi nhánh RD.V_GRP_MSG_TYPE AS GRP_MSG_TYPE, DS.V_SWIFT_WEBSERVICE_DESC AS WEBSERVICE_NAME, REGEXP_SUBSTR(ST.V_RULE,'\[([^]]+)\]',1,1,NULL,1) AS RULE_CODE, ST.N_SCORE AS N_SCORE, SS.V_SANCTION_STATUS_NAME AS STATUS_NAME, ST.V_MATCHED_LIST_NAME AS MATCHED_LIST_NAME, ST.V_MATCHED_SUBLIST_NAME AS MATCHED_SUBLIST_NAME, CAST(ST.C_INPUT_STR AS VARCHAR2(4000)) AS KEY_WORD, COALESCE( ST.V_MATCHED_ENTITY_NAME, ST.V_MATCHED_INDIVIDUAL_NAME, ST.V_MATCHED_COUNTRY, ST.V_MATCHED_CITY, ST.V_MATCHED_BIC ) AS WATCHlIST, ST.V_MATCHED_LIST_REC_ID AS MATCHED_LIST_REC_ID, NVL( ST.V_TAG_NAME, REGEXP_REPLACE(MX.X_PATH,'\[[0-9]+\]','') ) AS TAG_NAME FROM FSI_RT_ALERTS RA INNER JOIN FSI_RT_RAW_DATA RD ON RA.N_GRP_MSG_ID = RD.N_GRP_MSG_ID INNER JOIN FSI_RT_AL_WLS_RESPONSE ST ON ST.N_GRP_MSG_ID = RA.N_GRP_MSG_ID INNER JOIN DIM_SWIFT_WEBSERVICE DS ON ST.N_WEBSERVICE_ID = DS.N_SWIFT_WEBSERVICE_ID LEFT JOIN FSI_RT_XML_WLS_RESPONSE MX ON MX.N_GRP_MSG_ID = RA.N_GRP_MSG_ID JOIN DIM_SANCTIONS_STATUS SS ON ST.N_IS_ACCEPTED = SS.N_SANCTION_STATUS_CODE CROSS JOIN DS_PARAMS P WHERE 1 = 1 AND TRUNC(RD.D_RECEIVED) BETWEEN P.P_FROM_DATE AND P.P_TO_DATE ---- Bỏ comment dòng dưới nếu bạn muốn lọc luôn theo tham số Chi nhánh truyền vào --AND JSON_VALUE(RD.C_EXT_DATA,'$.branchCd') = P.P_BRANCH_CD ---- ADD THÊM, NẾU LỌC THÊM THEO TRANSACTION --AND JSON_VALUE(RD.C_EXT_DATA,'$.transactionId') = P.P_TRANSATION_ID ), DS_END AS( SELECT N_ALERT_ID, TRANSACTION_ID, BRANCH_CD, -- Thêm vào danh sách chọn GRP_MSG_TYPE, WEBSERVICE_NAME, RULE_CODE, N_SCORE, STATUS_NAME, MATCHED_LIST_NAME, MATCHED_SUBLIST_NAME, KEY_WORD, WATCHlIST, MATCHED_LIST_REC_ID, TAG_NAME, ROW_NUMBER() OVER(PARTITION BY N_ALERT_ID, TRANSACTION_ID, BRANCH_CD, -- Thêm vào Partition by để tránh mất dữ liệu trùng lặp theo nhánh GRP_MSG_TYPE, WEBSERVICE_NAME, RULE_CODE, N_SCORE, STATUS_NAME, MATCHED_LIST_NAME, MATCHED_SUBLIST_NAME, KEY_WORD, WATCHlIST, MATCHED_LIST_REC_ID, TAG_NAME ORDER BY N_ALERT_ID ) AS RN FROM DS_REPORT_1 ) SELECT N_ALERT_ID, TRANSACTION_ID, BRANCH_CD, -- Thêm vào câu lệnh SELECT cuối cùng GRP_MSG_TYPE, WEBSERVICE_NAME, RULE_CODE, N_SCORE, STATUS_NAME, MATCHED_LIST_NAME, MATCHED_SUBLIST_NAME, KEY_WORD, WATCHlIST, MATCHED_LIST_REC_ID, TAG_NAME FROM DS_END WHERE RN = 1; WITH DS_PARAMS AS( SELECT TO_DATE('20260917','YYYYMMDD') AS P_FROM_DATE, TO_DATE('20260917','YYYYMMDD') AS P_TO_DATE, '' AS P_BRANCH_CD, '' AS P_TRANSATION_ID FROM DUAL ), DS_REPORT_1 AS( SELECT RA.N_ALERT_ID AS N_ALERT_ID, JSON_VALUE(RD.C_EXT_DATA,'$.transactionId') AS TRANSACTION_ID, COALESCE( TRIM(JSON_VALUE(RD.C_EXT_DATA,'$.branchCd')), MAP_BRANCH.V_BRANCH_CODES ) AS BRANCH_CD, -- Bổ sung fallback lấy chi nhánh từ mapping nếu cần RD.V_GRP_MSG_TYPE AS GRP_MSG_TYPE, DS.V_SWIFT_WEBSERVICE_DESC AS WEBSERVICE_NAME, REGEXP_SUBSTR(ST.V_RULE,'\[([^]]+)\]',1,1,NULL,1) AS RULE_CODE, ST.N_SCORE AS N_SCORE, SS.V_SANCTION_STATUS_NAME AS STATUS_NAME, ST.V_MATCHED_LIST_NAME AS MATCHED_LIST_NAME, ST.V_MATCHED_SUBLIST_NAME AS MATCHED_SUBLIST_NAME, CAST(ST.C_INPUT_STR AS VARCHAR2(4000)) AS KEY_WORD, COALESCE( ST.V_MATCHED_ENTITY_NAME, ST.V_MATCHED_INDIVIDUAL_NAME, ST.V_MATCHED_COUNTRY, ST.V_MATCHED_CITY, ST.V_MATCHED_BIC ) AS WATCHlIST, ST.V_MATCHED_LIST_REC_ID AS MATCHED_LIST_REC_ID, NVL( ST.V_TAG_NAME, REGEXP_REPLACE(MX.X_PATH,'\[[0-9]+\]','') ) AS TAG_NAME FROM FSI_RT_ALERTS RA INNER JOIN FSI_RT_RAW_DATA RD ON RA.N_GRP_MSG_ID = RD.N_GRP_MSG_ID INNER JOIN FSI_RT_AL_WLS_RESPONSE ST ON ST.N_GRP_MSG_ID = RA.N_GRP_MSG_ID INNER JOIN DIM_SWIFT_WEBSERVICE DS ON ST.N_WEBSERVICE_ID = DS.N_SWIFT_WEBSERVICE_ID -- Sửa lại JOIN bảng XML theo N_RESPONSE_ID để chuẩn xác 1-1 với response chi tiết LEFT JOIN FSI_RT_XML_WLS_RESPONSE MX ON MX.N_RESPONSE_ID = ST.N_RESPONSE_ID LEFT JOIN MSB_GRPMSGTY_BRANCH_MAP MAP_BRANCH ON MAP_BRANCH.V_GRP_MSG_TYPE = RD.V_GRP_MSG_TYPE JOIN DIM_SANCTIONS_STATUS SS ON ST.N_IS_ACCEPTED = SS.N_SANCTION_STATUS_CODE CROSS JOIN DS_PARAMS P WHERE 1 = 1 -- Thay đổi từ RD.D_RECEIVED thành RA.D_CREATED AND TRUNC(RA.D_CREATED) BETWEEN P.P_FROM_DATE AND P.P_TO_DATE ---- Bỏ comment dòng dưới nếu bạn muốn lọc luôn theo tham số Chi nhánh truyền vào --AND JSON_VALUE(RD.C_EXT_DATA,'$.branchCd') = P.P_BRANCH_CD ---- ADD THÊM, NẾU LỌC THÊM THEO TRANSACTION --AND JSON_VALUE(RD.C_EXT_DATA,'$.transactionId') = P.P_TRANSATION_ID ), DS_END AS( SELECT N_ALERT_ID, TRANSACTION_ID, BRANCH_CD, GRP_MSG_TYPE, WEBSERVICE_NAME, RULE_CODE, N_SCORE, STATUS_NAME, MATCHED_LIST_NAME, MATCHED_SUBLIST_NAME, KEY_WORD, WATCHlIST, MATCHED_LIST_REC_ID, TAG_NAME, ROW_NUMBER() OVER(PARTITION BY N_ALERT_ID, TRANSACTION_ID, BRANCH_CD, GRP_MSG_TYPE, WEBSERVICE_NAME, RULE_CODE, N_SCORE, STATUS_NAME, MATCHED_LIST_NAME, MATCHED_SUBLIST_NAME, KEY_WORD, WATCHlIST, MATCHED_LIST_REC_ID, TAG_NAME ORDER BY N_ALERT_ID ) AS RN FROM DS_REPORT_1 ) SELECT N_ALERT_ID, TRANSACTION_ID, BRANCH_CD, GRP_MSG_TYPE, WEBSERVICE_NAME, RULE_CODE, N_SCORE, STATUS_NAME, MATCHED_LIST_NAME, MATCHED_SUBLIST_NAME, KEY_WORD, WATCHlIST, MATCHED_LIST_REC_ID, TAG_NAME FROM DS_END WHERE RN = 1; | F35: Người dùng xem được báo cáo hiển thị kết quả đầu ra bao gồm các trường thông tin sau: - ID của cảnh báo (alert) - Mã giao dịch - Loại điện - Webservices - Mã quy tắc quét - Match Score - Trạng thái đánh giá HIT - Nguồn danh sách HIT - Danh sách trùng khớp - Từ khóa HIT - Đối tượng hit nằm trong watch list - ID của đối tượng trong watch list - Tên trường HIT | G35: SIT | H35: High | I35: Manual | J35: Untested | K35: Passed | L35: Untested
A36: TF_RP1_02_02 | B36: Kiểm tra giá trị trường ID của cảnh báo (alert) | C36: 1. NSD có quyền truy cập báo cáo. 2. Đã tồn tại giao dịch phát sinh HIT/Knocked-out trong kỳ báo cáo thuộc phạm vi đơn vị được phân quyền. | D36: 1. Đăng nhập vào Oracle Analytics Server 2. Mở báo cáo "Báo cáo thống kê hit theo từng giao dịch" 3. Nhập các tiêu chí lọc và đảm bảo nhập đủ các tiêu chí bắt buộc nhập 4. Bấm nút chức năng 'Apply' | F36: Hệ thống hiển thị giá trị trường ID của cảnh báo (alert) | G36: SIT | H36: Medium | I36: Manual | J36: Untested | K36: Passed | L36: Untested
A37: TF_RP1_02_03 | B37: Kiểm tra giá trị trường Mã giao dịch | C37: 1. NSD có quyền truy cập báo cáo. 2. Đã tồn tại giao dịch phát sinh HIT/Knocked-out trong kỳ báo cáo thuộc phạm vi đơn vị được phân quyền. | D37: 1. Đăng nhập vào Oracle Analytics Server 2. Mở báo cáo "Báo cáo thống kê hit theo từng giao dịch" 3. Nhập các tiêu chí lọc và đảm bảo nhập đủ các tiêu chí bắt buộc nhập 4. Bấm nút chức năng 'Apply' | F37: Hệ thống hiển thị giá trị trường Mã giao dịch | G37: SIT | H37: Medium | I37: Manual | J37: Untested | K37: Passed | L37: Untested
A38: TF_RP1_02_04 | B38: Kiểm tra giá trị trường Loại điện | C38: 1. NSD có quyền truy cập báo cáo. 2. Đã tồn tại giao dịch phát sinh HIT/Knocked-out trong kỳ báo cáo thuộc phạm vi đơn vị được phân quyền. | D38: 1. Đăng nhập vào Oracle Analytics Server 2. Mở báo cáo "Báo cáo thống kê hit theo từng giao dịch" 3. Nhập các tiêu chí lọc và đảm bảo nhập đủ các tiêu chí bắt buộc nhập 4. Bấm nút chức năng 'Apply' | F38: Hệ thống hiển thị giá trị trường Loại điện | G38: SIT | H38: Medium | I38: Manual | J38: Untested | K38: Passed | L38: Untested
A39: TF_RP1_02_05 | B39: Kiểm tra giá trị trường Webservices | C39: 1. NSD có quyền truy cập báo cáo. 2. Đã tồn tại giao dịch phát sinh HIT/Knocked-out trong kỳ báo cáo thuộc phạm vi đơn vị được phân quyền. | D39: 1. Đăng nhập vào Oracle Analytics Server 2. Mở báo cáo "Báo cáo thống kê hit theo từng giao dịch" 3. Nhập các tiêu chí lọc và đảm bảo nhập đủ các tiêu chí bắt buộc nhập 4. Bấm nút chức năng 'Apply' | F39: Hệ thống hiển thị giá trị trường Webservices | G39: SIT | H39: Medium | I39: Manual | J39: Untested | K39: Passed | L39: Untested
A40: TF_RP1_02_06 | B40: Kiểm tra giá trị trường Mã quy tắc quét | C40: 1. NSD có quyền truy cập báo cáo. 2. Đã tồn tại giao dịch phát sinh HIT/Knocked-out trong kỳ báo cáo thuộc phạm vi đơn vị được phân quyền. | D40: 1. Đăng nhập vào Oracle Analytics Server 2. Mở báo cáo "Báo cáo thống kê hit theo từng giao dịch" 3. Nhập các tiêu chí lọc và đảm bảo nhập đủ các tiêu chí bắt buộc nhập 4. Bấm nút chức năng 'Apply' | F40: Hệ thống hiển thị giá trị trường Mã quy tắc quét | G40: SIT | H40: Medium | I40: Manual | J40: Untested | K40: Passed | L40: Untested
A41: TF_RP1_02_07 | B41: Kiểm tra giá trị trường Match Score | C41: 1. NSD có quyền truy cập báo cáo. 2. Đã tồn tại giao dịch phát sinh HIT/Knocked-out trong kỳ báo cáo thuộc phạm vi đơn vị được phân quyền. | D41: 1. Đăng nhập vào Oracle Analytics Server 2. Mở báo cáo "Báo cáo thống kê hit theo từng giao dịch" 3. Nhập các tiêu chí lọc và đảm bảo nhập đủ các tiêu chí bắt buộc nhập 4. Bấm nút chức năng 'Apply' | F41: Hệ thống hiển thị giá trị trường Match Score | G41: SIT | H41: Medium | I41: Manual | J41: Untested | K41: Passed | L41: Untested
A42: TF_RP1_02_08 | B42: Kiểm tra giá trị trường Trạng thái đánh giá HIT | C42: 1. NSD có quyền truy cập báo cáo. 2. Đã tồn tại giao dịch phát sinh HIT/Knocked-out trong kỳ báo cáo thuộc phạm vi đơn vị được phân quyền. | D42: 1. Đăng nhập vào Oracle Analytics Server 2. Mở báo cáo "Báo cáo thống kê hit theo từng giao dịch" 3. Nhập các tiêu chí lọc và đảm bảo nhập đủ các tiêu chí bắt buộc nhập 4. Bấm nút chức năng 'Apply' | F42: Hệ thống hiển thị giá trị trường Trạng thái đánh giá HIT | G42: SIT | H42: Medium | I42: Manual | J42: Untested | K42: Passed | L42: Untested
A43: TF_RP1_02_09 | B43: Kiểm tra giá trị trường Nguồn danh sách HIT | C43: 1. NSD có quyền truy cập báo cáo. 2. Đã tồn tại giao dịch phát sinh HIT/Knocked-out trong kỳ báo cáo thuộc phạm vi đơn vị được phân quyền. | D43: 1. Đăng nhập vào Oracle Analytics Server 2. Mở báo cáo "Báo cáo thống kê hit theo từng giao dịch" 3. Nhập các tiêu chí lọc và đảm bảo nhập đủ các tiêu chí bắt buộc nhập 4. Bấm nút chức năng 'Apply' | F43: Hệ thống hiển thị giá trị trường Nguồn danh sách HIT | G43: SIT | H43: Medium | I43: Manual | J43: Untested | K43: Passed | L43: Untested
A44: TF_RP1_02_10 | B44: Kiểm tra giá trị trường Danh sách trùng khớp | C44: 1. NSD có quyền truy cập báo cáo. 2. Đã tồn tại giao dịch phát sinh HIT/Knocked-out trong kỳ báo cáo thuộc phạm vi đơn vị được phân quyền. | D44: 1. Đăng nhập vào Oracle Analytics Server 2. Mở báo cáo "Báo cáo thống kê hit theo từng giao dịch" 3. Nhập các tiêu chí lọc và đảm bảo nhập đủ các tiêu chí bắt buộc nhập 4. Bấm nút chức năng 'Apply' | F44: Hệ thống hiển thị giá trị trường Danh sách trùng khớp | G44: SIT | H44: Medium | I44: Manual | J44: Untested | K44: Passed | L44: Untested
A45: TF_RP1_02_11 | B45: Kiểm tra giá trị trường Từ khóa HIT | C45: 1. NSD có quyền truy cập báo cáo. 2. Đã tồn tại giao dịch phát sinh HIT/Knocked-out trong kỳ báo cáo thuộc phạm vi đơn vị được phân quyền. | D45: 1. Đăng nhập vào Oracle Analytics Server 2. Mở báo cáo "Báo cáo thống kê hit theo từng giao dịch" 3. Nhập các tiêu chí lọc và đảm bảo nhập đủ các tiêu chí bắt buộc nhập 4. Bấm nút chức năng 'Apply' | F45: Hệ thống hiển thị giá trị trường Từ khóa HIT | G45: SIT | H45: Medium | I45: Manual | J45: Untested | K45: Passed | L45: Untested
A46: TF_RP1_02_12 | B46: Kiểm tra giá trị trường Đối tượng HIT nằm trong Watchlist | C46: 1. NSD có quyền truy cập báo cáo. 2. Đã tồn tại giao dịch phát sinh HIT/Knocked-out trong kỳ báo cáo thuộc phạm vi đơn vị được phân quyền. | D46: 1. Đăng nhập vào Oracle Analytics Server 2. Mở báo cáo "Báo cáo thống kê hit theo từng giao dịch" 3. Nhập các tiêu chí lọc và đảm bảo nhập đủ các tiêu chí bắt buộc nhập 4. Bấm nút chức năng 'Apply' | F46: Hệ thống hiển thị giá trị trường Đối tượng HIT nằm trong Watchlist | G46: SIT | H46: Medium | I46: Manual | J46: Untested | K46: Passed | L46: Untested
A47: TF_RP1_02_13 | B47: Kiểm tra giá trị trường Id của đối tượng trong Watchlist | C47: 1. NSD có quyền truy cập báo cáo. 2. Đã tồn tại giao dịch phát sinh HIT/Knocked-out trong kỳ báo cáo thuộc phạm vi đơn vị được phân quyền. | D47: 1. Đăng nhập vào Oracle Analytics Server 2. Mở báo cáo "Báo cáo thống kê hit theo từng giao dịch" 3. Nhập các tiêu chí lọc và đảm bảo nhập đủ các tiêu chí bắt buộc nhập 4. Bấm nút chức năng 'Apply' | F47: Hệ thống hiển thị giá trị trường Id của đối tượng trong Watchlist | G47: SIT | H47: Medium | I47: Manual | J47: Untested | K47: Passed | L47: Untested
A48: TF_RP1_02_14 | B48: Kiểm tra giá trị trường Tên trường HIT | C48: 1. NSD có quyền truy cập báo cáo. 2. Đã tồn tại giao dịch phát sinh HIT/Knocked-out trong kỳ báo cáo thuộc phạm vi đơn vị được phân quyền. | D48: 1. Đăng nhập vào Oracle Analytics Server 2. Mở báo cáo "Báo cáo thống kê hit theo từng giao dịch" 3. Nhập các tiêu chí lọc và đảm bảo nhập đủ các tiêu chí bắt buộc nhập 4. Bấm nút chức năng 'Apply' | F48: Hệ thống hiển thị giá trị trường Tên trường HIT | G48: SIT | H48: Medium | I48: Manual | J48: Untested | K48: Passed | L48: Untested
A49: TF_RP1_03 | B49: Kiểm tra tính năng trích xuất dữ liệu báo cáo
A50: TF_RP1_03_01 | B50: Kiểm tra tính năng cho phép xuất báo cáo theo định dạng file excel | D50: 1. Đăng nhập vào Oracle Analytics Server 2. Mở báo cáo "Báo cáo thống kê hit theo từng giao dịch" 3. Trên màn hình báo cáo, người dùng click vào chữ Export ở cuối màn hình -> chọn Formatted -> Excel | F50: 1. Người dùng xuất được báo cáo theo định dạng file excel 2. Báo cáo xuất ra hiển thị thông tin trùng khớp với template | G50: SIT | H50: High | I50: Manual | J50: Untested | K50: Passed | L50: Untested
A51: TF_RP1_03_02 | B51: Kiểm tra tính năng cho phép xuất báo cáo theo định dạng file PDF | D51: 1. Đăng nhập vào Oracle Analytics Server 2. Mở báo cáo "Báo cáo thống kê hit theo từng giao dịch" 3. Trên màn hình báo cáo, người dùng click vào chữ Export ở cuối màn hình -> chọn Formatted -> PDF | F51: 1. Người dùng xuất được báo cáo theo định dạng file PDF 2. Báo cáo xuất ra hiển thị thông tin trùng khớp với template | G51: SIT | H51: High | I51: Manual | J51: Untested | K51: Passed | L51: Untested | N51: Lỗi font chữ
A52: TF_RP1_04 | B52: Kiểm tra ràng buộc tham số & logic lấy dữ liệu
A53: TF_RP1_04_01 | B53: Kiểm tra bắt buộc nhập tham số Từ ngày | D53: 1. Đăng nhập vào Oracle Analytics Server 2. Mở báo cáo "Báo cáo thống kê hit theo từng giao dịch" 3. Để trống "Từ ngày", nhập "Đến ngày" 4. Nhấn Apply | F53: Không hiển thị nút Apply để xuất báo cáo | G53: SIT | H53: High | I53: Manual | J53: Untested | K53: Passed | L53: Untested
A54: TF_RP1_04_02 | B54: Kiểm tra bắt buộc nhập tham số Đến ngày | D54: 1. Đăng nhập vào Oracle Analytics Server 2. Mở báo cáo "Báo cáo thống kê hit theo từng giao dịch" 3. Nhập "Từ ngày", để trống "Đến ngày" 4. Nhấn Apply | F54: Không hiển thị nút Apply để xuất báo cáo | G54: SIT | H54: High | I54: Manual | J54: Untested | K54: Passed | L54: Untested
A55: TF_RP1_04_03 | B55: Kiểm tra khoảng ngày không hợp lệ (Từ ngày > Đến ngày) | D55: 1. Đăng nhập vào Oracle Analytics Server 2. Mở báo cáo "Báo cáo thống kê hit theo từng giao dịch" 3. Nhập "Từ ngày" lớn hơn "Đến ngày" 4. Nhấn Apply | F55: Hệ thống báo lỗi khoảng thời gian không hợp lệ, không trả kết quả | G55: SIT | H55: High | I55: Manual | J55: Untested | K55: Passed | L55: Untested | N55: *đồng bộ với KYC
A56: TF_RP1_04_04 | B56: Kiểm tra kỳ báo cáo không có dữ liệu | C56: Không có giao dịch phát sinh trong kỳ chọn | D56: 1. Đăng nhập vào Oracle Analytics Server 2. Mở báo cáo "Báo cáo thống kê hit theo từng giao dịch" 3. Chọn kỳ báo cáo không có dữ liệu 4. Nhấn Apply | F56: Hệ thống hiển thị báo cáo rỗng (không có bản ghi), không phát sinh lỗi | G56: SIT | H56: High | I56: Manual | J56: Untested | K56: Passed | L56: Untested
A57: TF_RP1_04_05 | B57: Kiểm tra báo cáo bao gồm giao dịch có trạng thái 'KNOCKED-OUT' | C57: Đã có giao dịch Knocked-out trong kỳ | D57: 1. Đăng nhập vào Oracle Analytics Server 2. Mở báo cáo "Báo cáo thống kê hit theo từng giao dịch" 3. Nhập tiêu chí kỳ báo cáo 4. Nhấn Apply | F57: Báo cáo hiển thị giao dịch KNOCKED-OUT; trường 'Trạng thái đánh giá HIT' của các giao dịch này = 'Pending' | G57: SIT | H57: High | I57: Manual | J57: Untested | K57: Passed | L57: Untested
A58: TF_RP1_04_06 | B58: Kiểm tra Xuất báo cáo theo điều kiện chỉ nhập vào các trường bắt buộc Từ ngày - Đến ngày Thời gian của Alert = Từ ngày | D58: 1. Đăng nhập vào Oracle Analytics Server 2. Mở báo cáo "Báo cáo thống kê hit theo từng giao dịch" 3. Nhập tiêu chí kỳ báo cáo 4. Nhấn Apply | F58: 1. Trả về đúng số lượng bản ghi theo điều kiện Xuất báo cáo 2. Dữ liệu các cột trả về theo đúng mapping so với dữ liệu | G58: SIT | H58: High | I58: Manual | J58: Untested | K58: Passed | L58: Untested
A59: TF_RP1_04_07 | B59: Kiểm tra Xuất báo cáo theo điều kiện chỉ nhập vào các trường bắt buộc Từ ngày - Đến ngày Thời gian của Alert = Đến ngày | D59: 1. Đăng nhập vào Oracle Analytics Server 2. Mở báo cáo "Báo cáo thống kê hit theo từng giao dịch" 3. Nhập tiêu chí kỳ báo cáo 4. Nhấn Apply | F59: 1. Trả về đúng số lượng bản ghi theo điều kiện Xuất báo cáo 2. Dữ liệu các cột trả về theo đúng mapping so với dữ liệu | G59: SIT | H59: High | I59: Manual | J59: Untested | K59: Passed | L59: Untested
A60: TF_RP1_04_08 | B60: Kiểm tra Xuất báo cáo theo điều kiện chỉ nhập vào các trường bắt buộc Từ ngày - Đến ngày Thời gian của Alert = Từ ngày = Đến ngày | D60: 1. Đăng nhập vào Oracle Analytics Server 2. Mở báo cáo "Báo cáo thống kê hit theo từng giao dịch" 3. Nhập tiêu chí kỳ báo cáo 4. Nhấn Apply | F60: 1. Trả về đúng số lượng bản ghi theo điều kiện Xuất báo cáo 2. Dữ liệu các cột trả về theo đúng mapping so với dữ liệu | G60: SIT | H60: High | I60: Manual | J60: Untested | K60: Passed | L60: Untested
A61: TF_RP1_04_09 | B61: Kiểm tra Xuất báo cáo theo điều kiện chỉ nhập vào các trường bắt buộc Từ ngày - Đến ngày Trường Đơn vị chọn 1 giá trị | D61: 1. Đăng nhập vào Oracle Analytics Server 2. Mở báo cáo "Báo cáo thống kê hit theo từng giao dịch" 3. Nhập tiêu chí kỳ báo cáo 4. Nhấn Apply | F61: 1. Trả về đúng số lượng bản ghi theo điều kiện Xuất báo cáo 2. Dữ liệu các cột trả về theo đúng mapping so với dữ liệu | G61: SIT | H61: High | I61: Manual | J61: Untested | K61: Passed | L61: Untested
A62: TF_RP1_04_10 | B62: Kiểm tra Xuất báo cáo theo điều kiện chỉ nhập vào các trường bắt buộc Từ ngày - Đến ngày Trường Đơn vị chọn tất cả các giá trị | D62: 1. Đăng nhập vào Oracle Analytics Server 2. Mở báo cáo "Báo cáo thống kê hit theo từng giao dịch" 3. Nhập tiêu chí kỳ báo cáo 4. Nhấn Apply | F62: 1. Trả về đúng số lượng bản ghi theo điều kiện Xuất báo cáo 2. Dữ liệu các cột trả về theo đúng mapping so với dữ liệu | G62: SIT | H62: High | I62: Manual | J62: Untested | K62: Passed | L62: Untested
A63: TF_RP1_04_11 | B63: Kiểm tra chức năng xuất báo cáo khi nhập kết hợp toàn bộ các tiêu chí lọc của báo cáo | D63: 1. Đăng nhập vào Oracle Analytics Server 2. Mở báo cáo "Báo cáo thống kê hit theo từng giao dịch" 3. Nhập tiêu chí kỳ báo cáo 4. Nhấn Apply | F63: 1. Trả về đúng số lượng bản ghi theo điều kiện Xuất báo cáo 2. Dữ liệu các cột trả về theo đúng mapping so với dữ liệu | G63: SIT | H63: High | I63: Manual | J63: Untested | K63: Passed | L63: Untested

Sheet Report_02
A1: Functions | B1: =Cover!E11 -> DỰ ÁN TRIỂN KHAI BẢN QUYỀN PHẦN MỀM HỆ THỐNG AML MỚI
A2: Build Version | B2: v1.0
A4: ROUND 2
B5: High | C5: Medium | D5: Low | E5: Total
B6: =SUM(B7:B11) -> 16 | C6: =SUM(C7:C11) -> 14 | D6: =SUM(D7:D11) -> 0 | E6: =SUM(B6:D6) -> 30
A7: Passed | B7: =COUNTIFS($H:$H,B$5,$K:$K,$A7) -> 16 | C7: =COUNTIFS($H:$H,C$5,$K:$K,$A7) -> 14 | D7: =COUNTIFS($H:$H,D$5,$K:$K,$A7) -> 0 | E7: =SUM(B7:D7) -> 30
A8: Failed | B8: =COUNTIFS($H:$H,B$5,$K:$K,$A8) -> 0 | C8: =COUNTIFS($H:$H,C$5,$K:$K,$A8) -> 0 | D8: =COUNTIFS($H:$H,D$5,$K:$K,$A8) -> 0 | E8: =SUM(B8:D8) -> 0
A9: Pending | B9: =COUNTIFS($H:$H,B$5,$K:$K,$A9) -> 0 | C9: =COUNTIFS($H:$H,C$5,$K:$K,$A9) -> 0 | D9: =COUNTIFS($H:$H,D$5,$K:$K,$A9) -> 0 | E9: =SUM(B9:D9) -> 0
A10: Cancel | B10: =COUNTIFS($H:$H,B$5,$K:$K,$A10) -> 0 | C10: =COUNTIFS($H:$H,C$5,$K:$K,$A10) -> 0 | D10: =COUNTIFS($H:$H,D$5,$K:$K,$A10) -> 0 | E10: =SUM(B10:D10) -> 0
A11: Untested | B11: =COUNTIFS($H:$H,B$5,$K:$K,$A11) -> 0 | C11: =COUNTIFS($H:$H,C$5,$K:$K,$A11) -> 0 | D11: =COUNTIFS($H:$H,D$5,$K:$K,$A11) -> 0 | E11: =SUM(B11:D11) -> 0
A12: Next | B12: =COUNTIFS($H:$H,B$5,$K:$K,$A12) -> 0 | C12: =COUNTIFS($H:$H,C$5,$K:$K,$A12) -> 0 | D12: =COUNTIFS($H:$H,D$5,$K:$K,$A12) -> 0 | E12: =SUM(B12:D12) -> 0
A14: ROUND 3
B15: High | C15: Medium | D15: Low | E15: Total
B16: =SUM(B17:B21) -> 16 | C16: =SUM(C17:C21) -> 14 | D16: =SUM(D17:D21) -> 0 | E16: =SUM(B16:D16) -> 30
A17: Passed | B17: =COUNTIFS($H:$H,B$15,$L:$L,$A17) -> 0 | C17: =COUNTIFS($H:$H,C$15,$L:$L,$A17) -> 0 | D17: =COUNTIFS($H:$H,D$15,$L:$L,$A17) -> 0 | E17: =SUM(B17:D17) -> 0
A18: Failed | B18: =COUNTIFS($H:$H,B$15,$L:$L,$A18) -> 0 | C18: =COUNTIFS($H:$H,C$15,$L:$L,$A18) -> 0 | D18: =COUNTIFS($H:$H,D$15,$L:$L,$A18) -> 0 | E18: =SUM(B18:D18) -> 0
A19: Pending | B19: =COUNTIFS($H:$H,B$15,$L:$L,$A19) -> 0 | C19: =COUNTIFS($H:$H,C$15,$L:$L,$A19) -> 0 | D19: =COUNTIFS($H:$H,D$15,$L:$L,$A19) -> 0 | E19: =SUM(B19:D19) -> 0
A20: Cancel | B20: =COUNTIFS($H:$H,B$15,$L:$L,$A20) -> 0 | C20: =COUNTIFS($H:$H,C$15,$L:$L,$A20) -> 0 | D20: =COUNTIFS($H:$H,D$15,$L:$L,$A20) -> 0 | E20: =SUM(B20:D20) -> 0
A21: Untested | B21: =COUNTIFS($H:$H,B$15,$L:$L,$A21) -> 16 | C21: =COUNTIFS($H:$H,C$15,$L:$L,$A21) -> 14 | D21: =COUNTIFS($H:$H,D$15,$L:$L,$A21) -> 0 | E21: =SUM(B21:D21) -> 30
A22: Next | B22: =COUNTIFS($H:$H,B$15,$L:$L,$A22) -> 0 | C22: =COUNTIFS($H:$H,C$15,$L:$L,$A22) -> 0 | D22: =COUNTIFS($H:$H,D$15,$L:$L,$A22) -> 0
A24: Test case Id | B24: Test case Title | C24: Pre-conditions | D24: Test Step | E24: Test Datas | F24: Expected result | G24: Test Environment | H24: Priority | I24: Automation Status | J24: 1st | K24: 2st Test Results | L24: 3nd Test Results | M24: BugID | N24: Notes
A25: TF_RP2_01 | B25: Kiểm tra tiêu chí đầu vào báo cáo và các nút chức năng
A26: TF_RP2_01_01 | B26: Kiểm tra hiển thị các trường tham số | D26: 1. Đăng nhập vào Oracle Analytics Server 2. Mở báo cáo "Báo cáo tỷ lệ cảnh báo hit theo nghiệp vụ" | F26: Người dùng xem được các trường thông tin: - Từ ngày - Đến ngày - Đơn vị Các nút chức năng: - Apply - Reset | G26: SIT | H26: Medium | I26: Manual | J26: Untested | K26: Passed | L26: Untested
A27: TF_RP2_01_02 | B27: Kiểm tra tham số Từ ngày | D27: 1. Đăng nhập vào Oracle Analytics Server 2. Mở báo cáo "Báo cáo tỷ lệ cảnh báo hit theo nghiệp vụ" 3. Kiểm tra tham số Từ ngày | F27: Hệ thống cho người dùng chọn theo bảng lịch, hiển thị dạng dd/mm/yyyy | G27: SIT | H27: Medium | I27: Manual | J27: Untested | K27: Passed | L27: Untested
A28: TF_RP2_01_03 | B28: Kiểm tra tham số Đến ngày | D28: 1. Đăng nhập vào Oracle Analytics Server 2. Mở báo cáo "Báo cáo tỷ lệ cảnh báo hit theo nghiệp vụ" 3. Kiểm tra tham số Đến ngày | F28: Hệ thống cho người dùng chọn theo bảng lịch, hiển thị dạng dd/mm/yyyy | G28: SIT | H28: Medium | I28: Manual | J28: Untested | K28: Passed | L28: Untested
A29: TF_RP2_01_04 | B29: Kiểm tra tham số Đơn vị | D29: 1. Đăng nhập vào Oracle Analytics Server 2. Mở báo cáo "Báo cáo tỷ lệ cảnh báo hit theo nghiệp vụ" 3. Kiểm tra tham số Đơn vị | F29: Hệ thống hiển thị danh sách các chi nhánh/PGD, cho phép người dùng chọn một hoặc nhiều và không bắt buộc chọn | G29: SIT | H29: Medium | I29: Manual | J29: Untested | K29: Passed | L29: Untested
A30: TF_RP2_01_05 | B30: Kiểm tra nút chức năng 'Apply' | D30: 1. Đăng nhập vào Oracle Analytics Server 2. Mở báo cáo "Báo cáo tỷ lệ cảnh báo hit theo nghiệp vụ" 3. Nhập/Chọn thông tin các trường: - Chọn ngày trong trường 'Từ ngày' - Chọn ngày trong trường 'Đến ngày' - Nhập giá trị trường Đơn vị 4. Bấm nút chức năng 'Apply' | F30: Người dùng xem được kết quả báo cáo | G30: SIT | H30: Medium | I30: Manual | J30: Untested | K30: Passed | L30: Untested
A31: TF_RP2_01_06 | B31: Kiểm tra nút chức năng 'Reset' | D31: 1. Đăng nhập vào Oracle Analytics Server 2. Mở báo cáo "Báo cáo tỷ lệ cảnh báo hit theo nghiệp vụ" 3. Nhập/Chọn thông tin các trường: - Chọn ngày trong trường 'Từ ngày' - Chọn ngày trong trường 'Đến ngày' - Nhập giá trị trường Đơn vị 4. Bấm nút chức năng 'Reset' | F31: Hệ thống đặt lại tiêu chí lọc của người dùng theo lựa chọn tương ứng: - Reset to last applied values: Đặt lại về giá trị lọc trước đó - Reset to default values: Đặt lại về giá trị lọc của báo cáo - Clear All: Đặt lại toàn bộ tiêu chí lọc | G31: SIT | H31: Medium | I31: Manual | J31: Untested | K31: Passed | L31: Untested
A32: TF_RP2_02 | B32: Kiểm tra tiêu chí đầu ra mong muốn | N32: Đã BỎ cột 'Tổng số lượng giao dịch có cảnh báo chính xác' theo ghi chú MSB (trùng với 'cảnh báo thật'). Header PL vẫn còn cột này -> cần chốt chính thức; nếu giữ lại phải bổ sung TC.
A33: TF_RP2_02_01 | B33: Kiểm tra hiển thị báo cáo | C33: 1. NSD có quyền truy cập báo cáo. 2. Đã có giao dịch được quét và cảnh báo đã được đánh giá (True/False) trong kỳ báo cáo. | D33: 1. Đăng nhập vào Oracle Analytics Server 2. Mở báo cáo "Báo cáo tỷ lệ cảnh báo hit theo nghiệp vụ" 3. Nhập các tiêu chí lọc và đảm bảo nhập đủ các tiêu chí bắt buộc nhập 4. Bấm nút chức năng 'Apply' | E33: WITH DS_PARAMS AS ( SELECT TO_DATE('20260828','YYYYMMDD') AS P_FROM_DATE, TO_DATE('20260828','YYYYMMDD') AS P_TO_DATE, '' AS P_BRANCH_CD -- điền mã đơn vị để lọc; '' = tất cả FROM DUAL ), DS_REPORT_2 AS ( SELECT JSON_VALUE(RD.C_EXT_DATA,'$.branchCd') AS BRANCH_CD, COUNT(DISTINCT RD.N_GRP_MSG_ID) AS TOTAL_SCANNED, COUNT(DISTINCT RA.N_GRP_MSG_ID) AS TOTAL_HIT, COUNT(DISTINCT CASE WHEN RA.N_STATUS_CD IN (126,127,128,130,131,134,135) THEN RA.N_GRP_MSG_ID END) AS TOTAL_RATED, COUNT(DISTINCT CASE WHEN RA.N_STATUS_CD IN (127,130,134) THEN RA.N_GRP_MSG_ID END) AS TOTAL_FALSE, COUNT(DISTINCT CASE WHEN RA.N_STATUS_CD IN (126,128,131,135) THEN RA.N_GRP_MSG_ID END) AS TOTAL_TRUE FROM FSI_RT_RAW_DATA RD LEFT JOIN FSI_RT_ALERTS RA ON RA.N_GRP_MSG_ID = RD.N_GRP_MSG_ID CROSS JOIN DS_PARAMS P WHERE 1 = 1 AND TRUNC(RD.D_RECEIVED) BETWEEN P.P_FROM_DATE AND P.P_TO_DATE ---- LỌC THEO CHI NHÁNH (bỏ -- và điền P_BRANCH_CD để bật) --AND JSON_VALUE(RD.C_EXT_DATA,'$.branchCd') = P.P_BRANCH_CD GROUP BY JSON_VALUE(RD.C_EXT_DATA,'$.branchCd') ) SELECT BRANCH_CD AS "Đơn vị", TOTAL_SCANNED AS "Tổng GD được quét", TOTAL_HIT AS "Tổng GD bị hit rule", TOTAL_RATED AS "Tổng GD đã đánh giá", TOTAL_FALSE AS "Tổng GD cảnh báo giả", TOTAL_TRUE AS "Tổng GD cảnh báo thật", ROUND(TOTAL_FALSE / GREATEST(TOTAL_RATED,1) * 100, 2) AS "Tỷ lệ cảnh báo giả (%)", ROUND(TOTAL_TRUE / GREATEST(TOTAL_RATED,1) * 100, 2) AS "Tỷ lệ cảnh báo thật (%)" FROM DS_REPORT_2 ORDER BY BRANCH_CD; | F33: Người dùng xem được báo cáo hiển thị kết quả đầu ra bao gồm các trường thông tin sau: - Đơn vị - Tổng số lượng giao dịch được quét - Tổng số giao dịch bị hit rule sàng lọc giao dịch - Tổng số lượng giao dịch đánh giá - Tổng số lượng giao dịch có cảnh báo giả - Tổng số lượng giao dịch có cảnh báo thật - Tỷ lệ cảnh báo giả - Tỷ lệ cảnh báo thật | G33: SIT | H33: High | I33: Manual | J33: Untested | K33: Passed | L33: Untested
A34: TF_RP2_02_02 | B34: Kiểm tra giá trị trường Đơn vị | C34: 1. NSD có quyền truy cập báo cáo. 2. Đã có giao dịch được quét và cảnh báo đã được đánh giá (True/False) trong kỳ báo cáo. | D34: 1. Đăng nhập vào Oracle Analytics Server 2. Mở báo cáo "Báo cáo tỷ lệ cảnh báo hit theo nghiệp vụ" 3. Nhập các tiêu chí lọc và đảm bảo nhập đủ các tiêu chí bắt buộc nhập 4. Bấm nút chức năng 'Apply' | F34: Hệ thống hiển thị giá trị trường Đơn vị | G34: SIT | H34: Medium | I34: Manual | J34: Untested | K34: Passed | L34: Untested
A35: TF_RP2_02_03 | B35: Kiểm tra giá trị trường Tổng số lượng giao dịch được quét | C35: 1. NSD có quyền truy cập báo cáo. 2. Đã có giao dịch được quét và cảnh báo đã được đánh giá (True/False) trong kỳ báo cáo. | D35: 1. Đăng nhập vào Oracle Analytics Server 2. Mở báo cáo "Báo cáo tỷ lệ cảnh báo hit theo nghiệp vụ" 3. Nhập các tiêu chí lọc và đảm bảo nhập đủ các tiêu chí bắt buộc nhập 4. Bấm nút chức năng 'Apply' | F35: Hệ thống hiển thị giá trị trường Tổng số lượng giao dịch được quét | G35: SIT | H35: Medium | I35: Manual | J35: Untested | K35: Passed | L35: Untested
A36: TF_RP2_02_04 | B36: Kiểm tra giá trị trường Tổng số giao dịch bị hit rule sàng lọc giao dịch | C36: 1. NSD có quyền truy cập báo cáo. 2. Đã có giao dịch được quét và cảnh báo đã được đánh giá (True/False) trong kỳ báo cáo. | D36: 1. Đăng nhập vào Oracle Analytics Server 2. Mở báo cáo "Báo cáo tỷ lệ cảnh báo hit theo nghiệp vụ" 3. Nhập các tiêu chí lọc và đảm bảo nhập đủ các tiêu chí bắt buộc nhập 4. Bấm nút chức năng 'Apply' | F36: Hệ thống hiển thị giá trị trường Tổng số giao dịch bị hit rule sàng lọc giao dịch | G36: SIT | H36: Medium | I36: Manual | J36: Untested | K36: Passed | L36: Untested
A37: TF_RP2_02_05 | B37: Kiểm tra giá trị trường Tổng số lượng giao dịch đánh giá | C37: 1. NSD có quyền truy cập báo cáo. 2. Đã có giao dịch được quét và cảnh báo đã được đánh giá (True/False) trong kỳ báo cáo. | D37: 1. Đăng nhập vào Oracle Analytics Server 2. Mở báo cáo "Báo cáo tỷ lệ cảnh báo hit theo nghiệp vụ" 3. Nhập các tiêu chí lọc và đảm bảo nhập đủ các tiêu chí bắt buộc nhập 4. Bấm nút chức năng 'Apply' | F37: Hệ thống hiển thị giá trị trường Tổng số lượng giao dịch đánh giá | G37: SIT | H37: Medium | I37: Manual | J37: Untested | K37: Passed | L37: Untested
A38: TF_RP2_02_06 | B38: Kiểm tra giá trị trường Tổng số lượng giao dịch có cảnh báo giả | C38: 1. NSD có quyền truy cập báo cáo. 2. Đã có giao dịch được quét và cảnh báo đã được đánh giá (True/False) trong kỳ báo cáo. | D38: 1. Đăng nhập vào Oracle Analytics Server 2. Mở báo cáo "Báo cáo tỷ lệ cảnh báo hit theo nghiệp vụ" 3. Nhập các tiêu chí lọc và đảm bảo nhập đủ các tiêu chí bắt buộc nhập 4. Bấm nút chức năng 'Apply' | F38: Hệ thống hiển thị giá trị trường Tổng số lượng giao dịch có cảnh báo giả | G38: SIT | H38: Medium | I38: Manual | J38: Untested | K38: Passed | L38: Untested
A39: TF_RP2_02_07 | B39: Kiểm tra giá trị trường Tổng số lượng giao dịch có cảnh báo thật | C39: 1. NSD có quyền truy cập báo cáo. 2. Đã có giao dịch được quét và cảnh báo đã được đánh giá (True/False) trong kỳ báo cáo. | D39: 1. Đăng nhập vào Oracle Analytics Server 2. Mở báo cáo "Báo cáo tỷ lệ cảnh báo hit theo nghiệp vụ" 3. Nhập các tiêu chí lọc và đảm bảo nhập đủ các tiêu chí bắt buộc nhập 4. Bấm nút chức năng 'Apply' | F39: Hệ thống hiển thị giá trị trường Tổng số lượng giao dịch có cảnh báo thật | G39: SIT | H39: Medium | I39: Manual | J39: Untested | K39: Passed | L39: Untested
A40: TF_RP2_02_08 | B40: Kiểm tra giá trị trường Tỷ lệ cảnh báo giả | C40: 1. NSD có quyền truy cập báo cáo. 2. Đã có giao dịch được quét và cảnh báo đã được đánh giá (True/False) trong kỳ báo cáo. | D40: 1. Đăng nhập vào Oracle Analytics Server 2. Mở báo cáo "Báo cáo tỷ lệ cảnh báo hit theo nghiệp vụ" 3. Nhập các tiêu chí lọc và đảm bảo nhập đủ các tiêu chí bắt buộc nhập 4. Bấm nút chức năng 'Apply' | F40: Hệ thống hiển thị giá trị trường Tỷ lệ cảnh báo giả | G40: SIT | H40: Medium | I40: Manual | J40: Untested | K40: Passed | L40: Untested
A41: TF_RP2_02_09 | B41: Kiểm tra giá trị trường Tỷ lệ cảnh báo thật | C41: 1. NSD có quyền truy cập báo cáo. 2. Đã có giao dịch được quét và cảnh báo đã được đánh giá (True/False) trong kỳ báo cáo. | D41: 1. Đăng nhập vào Oracle Analytics Server 2. Mở báo cáo "Báo cáo tỷ lệ cảnh báo hit theo nghiệp vụ" 3. Nhập các tiêu chí lọc và đảm bảo nhập đủ các tiêu chí bắt buộc nhập 4. Bấm nút chức năng 'Apply' | F41: Hệ thống hiển thị giá trị trường Tỷ lệ cảnh báo thật | G41: SIT | H41: Medium | I41: Manual | J41: Untested | K41: Passed | L41: Untested
A42: TF_RP2_03 | B42: Kiểm tra tính năng trích xuất dữ liệu báo cáo
A43: TF_RP2_03_01 | B43: Kiểm tra tính năng cho phép xuất báo cáo theo định dạng file excel | D43: 1. Đăng nhập vào Oracle Analytics Server 2. Mở báo cáo "Báo cáo tỷ lệ cảnh báo hit theo nghiệp vụ" 3. Trên màn hình báo cáo, người dùng click vào chữ Export ở cuối màn hình -> chọn Formatted -> Excel | F43: 1. Người dùng xuất được báo cáo theo định dạng file excel 2. Báo cáo xuất ra hiển thị thông tin trùng khớp với template | G43: SIT | H43: High | I43: Manual | J43: Untested | K43: Passed | L43: Untested
A44: TF_RP2_03_02 | B44: Kiểm tra tính năng cho phép xuất báo cáo theo định dạng file PDF | D44: 1. Đăng nhập vào Oracle Analytics Server 2. Mở báo cáo "Báo cáo tỷ lệ cảnh báo hit theo nghiệp vụ" 3. Trên màn hình báo cáo, người dùng click vào chữ Export ở cuối màn hình -> chọn Formatted -> PDF | F44: 1. Người dùng xuất được báo cáo theo định dạng file PDF 2. Báo cáo xuất ra hiển thị thông tin trùng khớp với template | G44: SIT | H44: High | I44: Manual | J44: Untested | K44: Passed | L44: Untested | N44: Lỗi font chữ
A45: TF_RP2_04 | B45: Kiểm tra ràng buộc tham số & công thức tính toán
A46: TF_RP2_04_01 | B46: Kiểm tra bắt buộc nhập tham số Từ ngày | D46: 1. Đăng nhập vào Oracle Analytics Server 2. Mở báo cáo "Báo cáo tỷ lệ cảnh báo hit theo nghiệp vụ" 3. Để trống "Từ ngày" 4. Nhấn Apply | F46: Không hiển thị nút Apply để xuất báo cáo | G46: SIT | H46: High | I46: Manual | J46: Untested | K46: Passed | L46: Untested
A47: TF_RP2_04_02 | B47: Kiểm tra bắt buộc nhập tham số Đến ngày | D47: 1. Đăng nhập vào Oracle Analytics Server 2. Mở báo cáo "Báo cáo tỷ lệ cảnh báo hit theo nghiệp vụ" 3. Để trống "Đến ngày" 4. Nhấn Apply | F47: Không hiển thị nút Apply để xuất báo cáo | G47: SIT | H47: High | I47: Manual | J47: Untested | K47: Passed | L47: Untested
A48: TF_RP2_04_03 | B48: Kiểm tra khoảng ngày không hợp lệ (Từ ngày > Đến ngày) | D48: 1. Đăng nhập vào Oracle Analytics Server 2. Mở báo cáo "Báo cáo tỷ lệ cảnh báo hit theo nghiệp vụ" 3. Nhập Từ ngày > Đến ngày 4. Nhấn Apply | F48: Hệ thống báo lỗi khoảng thời gian không hợp lệ | G48: SIT | H48: High | I48: Manual | J48: Untested | K48: Passed | L48: Untested
A49: TF_RP2_04_04 | B49: Kiểm tra công thức Tổng số giao dịch bị hit rule (gồm HIT không cảnh báo/Knocked-out) | C49: Kỳ báo cáo có cả GD HIT lên cảnh báo, HIT không cảnh báo và Knocked-out | D49: 1. Đăng nhập vào Oracle Analytics Server 2. Mở báo cáo "Báo cáo tỷ lệ cảnh báo hit theo nghiệp vụ" 3. Chọn kỳ báo cáo 4. Nhấn Apply 5. Đối chiếu số liệu với dữ liệu nguồn | E49: WITH DS_PARAMS AS ( SELECT TO_DATE('20260828','YYYYMMDD') AS P_FROM_DATE, TO_DATE('20260828','YYYYMMDD') AS P_TO_DATE FROM DUAL ), DS_DETAIL AS ( SELECT JSON_VALUE(RD.C_EXT_DATA,'$.branchCd') AS BRANCH_CD, RA.N_GRP_MSG_ID AS ALERT_GRP_MSG_ID, RA.N_STATUS_CD FROM FSI_RT_RAW_DATA RD INNER JOIN FSI_RT_ALERTS RA ON RA.N_GRP_MSG_ID = RD.N_GRP_MSG_ID CROSS JOIN DS_PARAMS P WHERE TRUNC(RD.D_RECEIVED) BETWEEN P.P_FROM_DATE AND P.P_TO_DATE ), DS_CHECK AS ( SELECT BRANCH_CD, COUNT(DISTINCT ALERT_GRP_MSG_ID) AS A_TOTAL_HIT, COUNT(DISTINCT CASE WHEN N_STATUS_CD IN (126,127,128,130,131,134) THEN ALERT_GRP_MSG_ID END) AS B_ALERT_RATED, COUNT(DISTINCT CASE WHEN N_STATUS_CD = 135 THEN ALERT_GRP_MSG_ID END) AS C_KNOCKED_OUT, COUNT(DISTINCT CASE WHEN N_STATUS_CD NOT IN (126,127,128,130,131,134,135) OR N_STATUS_CD IS NULL THEN ALERT_GRP_MSG_ID END) AS D_HIT_NO_ALERT FROM DS_DETAIL GROUP BY BRANCH_CD ) SELECT BRANCH_CD AS "Đơn vị", A_TOTAL_HIT AS "A: Tổng GD bị hit rule", B_ALERT_RATED AS "B: GD có cảnh báo đã xử lý", C_KNOCKED_OUT AS "C: GD Knocked-out", D_HIT_NO_ALERT AS "D: GD HIT không lên cảnh báo", (B_ALERT_RATED + C_KNOCKED_OUT + D_HIT_NO_ALERT) AS "B+C+D", CASE WHEN A_TOTAL_HIT = (B_ALERT_RATED + C_KNOCKED_OUT + D_HIT_NO_ALERT) THEN 'PASS' ELSE 'FAIL' END AS "Kết quả" FROM DS_CHECK ORDER BY BRANCH_CD; | F49: Giá trị = tổng GD match rule, BAO GỒM cả GD HIT không lên cảnh báo và Knocked-out (theo PL) | G49: SIT | H49: High | I49: Manual | J49: Untested | K49: Passed | L49: Untested
A50: TF_RP2_04_05 | B50: Kiểm tra công thức Tổng số GD có cảnh báo giả | C50: Có cảnh báo đã đóng ở trạng thái Close Accept và Close Deny | D50: 1. Đăng nhập vào Oracle Analytics Server 2. Mở báo cáo "Báo cáo tỷ lệ cảnh báo hit theo nghiệp vụ" 3. Chọn kỳ báo cáo 4. Nhấn Apply 5. Đối chiếu với log trạng thái đóng cảnh báo | E50: WITH DS_PARAMS AS ( SELECT TO_DATE('20260828','YYYYMMDD') AS P_FROM_DATE, TO_DATE('20260828','YYYYMMDD') AS P_TO_DATE FROM DUAL ), DS_CHECK AS ( SELECT JSON_VALUE(RD.C_EXT_DATA,'$.branchCd') AS BRANCH_CD, COUNT(DISTINCT CASE WHEN RA.N_STATUS_CD IN (127,130,134) THEN RA.N_GRP_MSG_ID END) AS A_TOTAL_FALSE, COUNT(DISTINCT CASE WHEN RA.N_STATUS_CD = 127 THEN RA.N_GRP_MSG_ID END) AS B_MAKER_CLOSE_ACCEPT, COUNT(DISTINCT CASE WHEN RA.N_STATUS_CD = 130 THEN RA.N_GRP_MSG_ID END) AS C_CHECKER_CLOSE_ACCEPT, COUNT(DISTINCT CASE WHEN RA.N_STATUS_CD = 134 THEN RA.N_GRP_MSG_ID END) AS D_AML_CLOSE_ACCEPT FROM FSI_RT_RAW_DATA RD LEFT JOIN FSI_RT_ALERTS RA ON RA.N_GRP_MSG_ID = RD.N_GRP_MSG_ID CROSS JOIN DS_PARAMS P WHERE TRUNC(RD.D_RECEIVED) BETWEEN P.P_FROM_DATE AND P.P_TO_DATE GROUP BY JSON_VALUE(RD.C_EXT_DATA,'$.branchCd') ) SELECT BRANCH_CD AS "Đơn vị", A_TOTAL_FALSE AS "A: Tổng GD cảnh báo giả", B_MAKER_CLOSE_ACCEPT AS "B: Maker Close Accept (127)", C_CHECKER_CLOSE_ACCEPT AS "C: Checker Close Accept (130)", D_AML_CLOSE_ACCEPT AS "D: AML Close Accept (134)", (B_MAKER_CLOSE_ACCEPT + C_CHECKER_CLOSE_ACCEPT + D_AML_CLOSE_ACCEPT) AS "B+C+D", CASE WHEN A_TOTAL_FALSE = (B_MAKER_CLOSE_ACCEPT + C_CHECKER_CLOSE_ACCEPT + D_AML_CLOSE_ACCEPT) THEN 'PASS' ELSE 'FAIL' END AS "Kết quả" FROM DS_CHECK ORDER BY BRANCH_CD; | F50: Giá trị = số cảnh báo có trạng thái cuối là Maker/Checker/AML Close Accept | G50: SIT | H50: High | I50: Manual | J50: Untested | K50: Passed | L50: Untested
A51: TF_RP2_04_06 | B51: Kiểm tra công thức Tổng số GD có cảnh báo thật | C51: Có cảnh báo Close Deny và giao dịch Knocked-out trong kỳ | D51: 1. Đăng nhập vào Oracle Analytics Server 2. Mở báo cáo "Báo cáo tỷ lệ cảnh báo hit theo nghiệp vụ" 3. Chọn kỳ báo cáo 4. Nhấn Apply 5. Đối chiếu với log trạng thái đóng cảnh báo | E51: WITH DS_PARAMS AS ( SELECT TO_DATE('20260828','YYYYMMDD') AS P_FROM_DATE, TO_DATE('20260828','YYYYMMDD') AS P_TO_DATE FROM DUAL ), DS_CHECK AS ( SELECT JSON_VALUE(RD.C_EXT_DATA,'$.branchCd') AS BRANCH_CD, COUNT(DISTINCT CASE WHEN RA.N_STATUS_CD IN (126,128,131,135) THEN RA.N_GRP_MSG_ID END) AS A_TOTAL_TRUE, COUNT(DISTINCT CASE WHEN RA.N_STATUS_CD = 126 THEN RA.N_GRP_MSG_ID END) AS B_MAKER_CLOSE_DENY, COUNT(DISTINCT CASE WHEN RA.N_STATUS_CD = 128 THEN RA.N_GRP_MSG_ID END) AS C_CHECKER_CLOSE_DENY, COUNT(DISTINCT CASE WHEN RA.N_STATUS_CD = 131 THEN RA.N_GRP_MSG_ID END) AS D_AML_CLOSE_DENY, COUNT(DISTINCT CASE WHEN RA.N_STATUS_CD = 135 THEN RA.N_GRP_MSG_ID END) AS E_KNOCKED_OUT FROM FSI_RT_RAW_DATA RD LEFT JOIN FSI_RT_ALERTS RA ON RA.N_GRP_MSG_ID = RD.N_GRP_MSG_ID CROSS JOIN DS_PARAMS P WHERE TRUNC(RD.D_RECEIVED) BETWEEN P.P_FROM_DATE AND P.P_TO_DATE GROUP BY JSON_VALUE(RD.C_EXT_DATA,'$.branchCd') ) SELECT BRANCH_CD AS "Đơn vị", A_TOTAL_TRUE AS "A: Tổng GD cảnh báo thật", B_MAKER_CLOSE_DENY AS "B: Maker Close Deny (126)", C_CHECKER_CLOSE_DENY AS "C: Checker Close Deny (128)", D_AML_CLOSE_DENY AS "D: AML Close Deny (131)", E_KNOCKED_OUT AS "E: Knocked-out (135)", (B_MAKER_CLOSE_DENY + C_CHECKER_CLOSE_DENY + D_AML_CLOSE_DENY + E_KNOCKED_OUT) AS "B+C+D+E", CASE WHEN A_TOTAL_TRUE = (B_MAKER_CLOSE_DENY + C_CHECKER_CLOSE_DENY + D_AML_CLOSE_DENY + E_KNOCKED_OUT) THEN 'PASS' ELSE 'FAIL' END AS "Kết quả" FROM DS_CHECK ORDER BY BRANCH_CD; | F51: Giá trị = số cảnh báo Maker/Checker/AML Close Deny + số giao dịch KNOCKED-OUT | G51: SIT | H51: High | I51: Manual | J51: Untested | K51: Passed | L51: Untested
A52: TF_RP2_04_07 | B52: Kiểm tra công thức Tỷ lệ cảnh báo giả | C52: Đã biết Tổng GD cảnh báo giả và Tổng GD đánh giá | D52: 1. Đăng nhập vào Oracle Analytics Server 2. Mở báo cáo "Báo cáo tỷ lệ cảnh báo hit theo nghiệp vụ" 3. Chọn kỳ báo cáo 4. Nhấn Apply 5. Tính tay và đối chiếu | E52: WITH DS_PARAMS AS ( SELECT TO_DATE('20260828','YYYYMMDD') AS P_FROM_DATE, TO_DATE('20260828','YYYYMMDD') AS P_TO_DATE FROM DUAL ), DS_CHECK AS ( SELECT JSON_VALUE(RD.C_EXT_DATA,'$.branchCd') AS BRANCH_CD, COUNT(DISTINCT CASE WHEN RA.N_STATUS_CD IN (127,130,134) THEN RA.N_GRP_MSG_ID END) AS A_TOTAL_FALSE, COUNT(DISTINCT CASE WHEN RA.N_STATUS_CD IN (126,127,128,130,131,134,135) THEN RA.N_GRP_MSG_ID END) AS B_TOTAL_RATED, ROUND( COUNT(DISTINCT CASE WHEN RA.N_STATUS_CD IN (127,130,134) THEN RA.N_GRP_MSG_ID END) / GREATEST( COUNT(DISTINCT CASE WHEN RA.N_STATUS_CD IN (126,127,128,130,131,134,135) THEN RA.N_GRP_MSG_ID END), 1) * 100 , 2) AS C_RATIO_REPORT, ROUND( COUNT(DISTINCT CASE WHEN RA.N_STATUS_CD IN (127,130,134) THEN RA.N_GRP_MSG_ID END) / GREATEST( COUNT(DISTINCT CASE WHEN RA.N_STATUS_CD IN (126,127,128,130,131,134,135) THEN RA.N_GRP_MSG_ID END), 1) * 100 , 2) AS D_RATIO_MANUAL FROM FSI_RT_RAW_DATA RD LEFT JOIN FSI_RT_ALERTS RA ON RA.N_GRP_MSG_ID = RD.N_GRP_MSG_ID CROSS JOIN DS_PARAMS P WHERE TRUNC(RD.D_RECEIVED) BETWEEN P.P_FROM_DATE AND P.P_TO_DATE GROUP BY JSON_VALUE(RD.C_EXT_DATA,'$.branchCd') ) SELECT BRANCH_CD AS "Đơn vị", A_TOTAL_FALSE AS "A: Tổng GD cảnh báo giả", B_TOTAL_RATED AS "B: Tổng GD đánh giá", C_RATIO_REPORT AS "C: Tỷ lệ CB giả - Report (%)", D_RATIO_MANUAL AS "D: Tỷ lệ CB giả - Tính lại (%)", CASE WHEN C_RATIO_REPORT = D_RATIO_MANUAL THEN 'PASS' ELSE 'FAIL' END AS "Kết quả" FROM DS_CHECK ORDER BY BRANCH_CD; | F52: Tỷ lệ cảnh báo giả = (Tổng GD cảnh báo giả / Tổng GD đánh giá) x 100% | G52: SIT | H52: High | I52: Manual | J52: Untested | K52: Passed | L52: Untested
A53: TF_RP2_04_08 | B53: Kiểm tra công thức Tỷ lệ cảnh báo thật | C53: Đã biết Tổng GD cảnh báo thật và Tổng GD đánh giá | D53: 1. Đăng nhập vào Oracle Analytics Server 2. Mở báo cáo "Báo cáo tỷ lệ cảnh báo hit theo nghiệp vụ" 3. Chọn kỳ báo cáo 4. Nhấn Apply 5. Tính tay và đối chiếu | F53: Tỷ lệ cảnh báo thật = (Tổng GD cảnh báo thật / Tổng GD đánh giá) x 100% | G53: SIT | H53: High | I53: Manual | J53: Untested | K53: Passed | L53: Untested
A54: TF_RP2_04_09 | B54: Kiểm tra Xuất báo cáo theo điều kiện chỉ nhập vào các trường bắt buộc Từ ngày - Đến ngày Thời gian của Alert = Từ ngày | D54: 1. Đăng nhập vào Oracle Analytics Server 2. Mở báo cáo "Báo cáo tỷ lệ cảnh báo hit theo nghiệp vụ" 3. Nhập tiêu chí kỳ báo cáo 4. Nhấn Apply | F54: 1. Trả về đúng số lượng bản ghi theo điều kiện Xuất báo cáo 2. Dữ liệu các cột trả về theo đúng mapping so với dữ liệu | G54: SIT | H54: High | I54: Manual | J54: Untested | K54: Passed | L54: Untested
A55: TF_RP2_04_10 | B55: Kiểm tra Xuất báo cáo theo điều kiện chỉ nhập vào các trường bắt buộc Từ ngày - Đến ngày Thời gian của Alert = Đến ngày | D55: 1. Đăng nhập vào Oracle Analytics Server 2. Mở báo cáo "Báo cáo tỷ lệ cảnh báo hit theo nghiệp vụ" 3. Nhập tiêu chí kỳ báo cáo 4. Nhấn Apply | F55: 1. Trả về đúng số lượng bản ghi theo điều kiện Xuất báo cáo 2. Dữ liệu các cột trả về theo đúng mapping so với dữ liệu | G55: SIT | H55: High | I55: Manual | J55: Untested | K55: Passed | L55: Untested
A56: TF_RP2_04_11 | B56: Kiểm tra Xuất báo cáo theo điều kiện chỉ nhập vào các trường bắt buộc Từ ngày - Đến ngày Thời gian của Alert = Từ ngày = Đến ngày | D56: 1. Đăng nhập vào Oracle Analytics Server 2. Mở báo cáo "Báo cáo tỷ lệ cảnh báo hit theo nghiệp vụ" 3. Nhập tiêu chí kỳ báo cáo 4. Nhấn Apply | F56: 1. Trả về đúng số lượng bản ghi theo điều kiện Xuất báo cáo 2. Dữ liệu các cột trả về theo đúng mapping so với dữ liệu | G56: SIT | H56: High | I56: Manual | J56: Untested | K56: Passed | L56: Untested
A57: TF_RP2_04_12 | B57: Kiểm tra Xuất báo cáo theo điều kiện chỉ nhập vào các trường bắt buộc Từ ngày - Đến ngày Trường Đơn vị chọn 1 giá trị | D57: 1. Đăng nhập vào Oracle Analytics Server 2. Mở báo cáo "Báo cáo tỷ lệ cảnh báo hit theo nghiệp vụ" 3. Nhập tiêu chí kỳ báo cáo 4. Nhấn Apply | F57: 1. Trả về đúng số lượng bản ghi theo điều kiện Xuất báo cáo 2. Dữ liệu các cột trả về theo đúng mapping so với dữ liệu | G57: SIT | H57: High | I57: Manual | J57: Untested | K57: Passed | L57: Untested
A58: TF_RP2_04_13 | B58: Kiểm tra Xuất báo cáo theo điều kiện chỉ nhập vào các trường bắt buộc Từ ngày - Đến ngày Trường Đơn vị chọn tất cả các giá trị | D58: 1. Đăng nhập vào Oracle Analytics Server 2. Mở báo cáo "Báo cáo tỷ lệ cảnh báo hit theo nghiệp vụ" 3. Nhập tiêu chí kỳ báo cáo 4. Nhấn Apply | F58: 1. Trả về đúng số lượng bản ghi theo điều kiện Xuất báo cáo 2. Dữ liệu các cột trả về theo đúng mapping so với dữ liệu | G58: SIT | H58: High | I58: Manual | J58: Untested | K58: Passed | L58: Untested

Sheet Report_03
A1: Functions | B1: =Cover!E11 -> DỰ ÁN TRIỂN KHAI BẢN QUYỀN PHẦN MỀM HỆ THỐNG AML MỚI
A2: Build Version | B2: v1.0
A4: ROUND 2
B5: High | C5: Medium | D5: Low | E5: Total
B6: =SUM(B7:B11) -> 13 | C6: =SUM(C7:C11) -> 15 | D6: =SUM(D7:D11) -> 0 | E6: =SUM(B6:D6) -> 28
A7: Passed | B7: =COUNTIFS($J:$J,$A7,$H:$H,B$5) -> 13 | C7: =COUNTIFS($J:$J,$A7,$H:$H,C$5) -> 15 | D7: =COUNTIFS($J:$J,$A7,$H:$H,D$5) -> 0 | E7: =SUM(B7:D7) -> 28
A8: Failed | B8: =COUNTIFS($J:$J,$A8,$H:$H,B$5) -> 0 | C8: =COUNTIFS($J:$J,$A8,$H:$H,C$5) -> 0 | D8: =COUNTIFS($J:$J,$A8,$H:$H,D$5) -> 0 | E8: =SUM(B8:D8) -> 0
A9: Pending | B9: =COUNTIFS($J:$J,$A9,$H:$H,B$5) -> 0 | C9: =COUNTIFS($J:$J,$A9,$H:$H,C$5) -> 0 | D9: =COUNTIFS($J:$J,$A9,$H:$H,D$5) -> 0 | E9: =SUM(B9:D9) -> 0
A10: Cancel | B10: =COUNTIFS($J:$J,$A10,$H:$H,B$5) -> 0 | C10: =COUNTIFS($J:$J,$A10,$H:$H,C$5) -> 0 | D10: =COUNTIFS($J:$J,$A10,$H:$H,D$5) -> 0 | E10: =SUM(B10:D10) -> 0
A11: Untested | B11: =COUNTIFS($J:$J,$A11,$H:$H,B$5) -> 0 | C11: =COUNTIFS($J:$J,$A11,$H:$H,C$5) -> 0 | D11: =COUNTIFS($J:$J,$A11,$H:$H,D$5) -> 0 | E11: =SUM(B11:D11) -> 0
A12: Next | B12: =COUNTIFS($J:$J,$A12,$H:$H,B$5) -> 0 | C12: =COUNTIFS($J:$J,$A12,$H:$H,C$5) -> 0 | D12: =COUNTIFS($J:$J,$A12,$H:$H,D$5) -> 0 | E12: =SUM(B12:D12) -> 0
A14: ROUND 3
B15: High | C15: Medium | D15: Low | E15: Total
B16: =SUM(B17:B21) -> 13 | C16: =SUM(C17:C21) -> 15 | D16: =SUM(D17:D21) -> 0 | E16: =SUM(B16:D16) -> 28
A17: Passed | B17: =COUNTIFS($K:$K,$A17,$H:$H,B$15) -> 0 | C17: =COUNTIFS($K:$K,$A17,$H:$H,C$15) -> 0 | D17: =COUNTIFS($K:$K,$A17,$H:$H,D$15) -> 0 | E17: =SUM(B17:D17) -> 0
A18: Failed | B18: =COUNTIFS($K:$K,$A18,$H:$H,B$15) -> 0 | C18: =COUNTIFS($K:$K,$A18,$H:$H,C$15) -> 0 | D18: =COUNTIFS($K:$K,$A18,$H:$H,D$15) -> 0 | E18: =SUM(B18:D18) -> 0
A19: Pending | B19: =COUNTIFS($K:$K,$A19,$H:$H,B$15) -> 0 | C19: =COUNTIFS($K:$K,$A19,$H:$H,C$15) -> 0 | D19: =COUNTIFS($K:$K,$A19,$H:$H,D$15) -> 0 | E19: =SUM(B19:D19) -> 0
A20: Cancel | B20: =COUNTIFS($K:$K,$A20,$H:$H,B$15) -> 0 | C20: =COUNTIFS($K:$K,$A20,$H:$H,C$15) -> 0 | D20: =COUNTIFS($K:$K,$A20,$H:$H,D$15) -> 0 | E20: =SUM(B20:D20) -> 0
A21: Untested | B21: =COUNTIFS($K:$K,$A21,$H:$H,B$15) -> 13 | C21: =COUNTIFS($K:$K,$A21,$H:$H,C$15) -> 15 | D21: =COUNTIFS($K:$K,$A21,$H:$H,D$15) -> 0 | E21: =SUM(B21:D21) -> 28
A22: Next | B22: =COUNTIFS($K:$K,$A22,$H:$H,B$15) -> 0 | C22: =COUNTIFS($K:$K,$A22,$H:$H,C$15) -> 0 | D22: =COUNTIFS($K:$K,$A22,$H:$H,D$15) -> 0 | E22: =SUM(B22:D22) -> 0
A24: Test case Id | B24: Test case Title | C24: Pre-conditions | D24: Test Step | E24: Test Datas | F24: Expected result | G24: Test Environment | H24: Priority | I24: Automation Status | J24: 2st Test Results | K24: 3nd Test Results | L24: BugID | M24: Notes
A25: TF_RP3_01 | B25: Kiểm tra tiêu chí đầu vào báo cáo và các nút chức năng
A26: TF_RP3_01_01 | B26: Kiểm tra hiển thị các trường tham số | D26: 1. Đăng nhập vào Oracle Analytics Server 2. Mở báo cáo "Báo cáo tỷ lệ cảnh báo theo rule quét sàng lọc " | F26: Người dùng xem được các trường thông tin: - Từ ngày - Đến ngày - Loại Webservice Các nút chức năng: - Apply - Reset | G26: SIT | H26: Medium | I26: Manual | J26: Passed | K26: Untested
A27: TF_RP3_01_02 | B27: Kiểm tra tham số Từ ngày | D27: 1. Đăng nhập vào Oracle Analytics Server 2. Mở báo cáo "Báo cáo tỷ lệ cảnh báo theo rule quét sàng lọc " 3. Kiểm tra tham số Từ ngày | F27: Hệ thống cho người dùng chọn theo bảng lịch, hiển thị dạng dd/mm/yyyy | G27: SIT | H27: Medium | I27: Manual | J27: Passed | K27: Untested
A28: TF_RP3_01_03 | B28: Kiểm tra tham số Đến ngày | D28: 1. Đăng nhập vào Oracle Analytics Server 2. Mở báo cáo "Báo cáo tỷ lệ cảnh báo theo rule quét sàng lọc " 3. Kiểm tra tham số Đến ngày | F28: Hệ thống cho người dùng chọn theo bảng lịch, hiển thị dạng dd/mm/yyyy | G28: SIT | H28: Medium | I28: Manual | J28: Passed | K28: Untested
A29: TF_RP3_01_04 | B29: Kiểm tra tham số Webservice | D29: 1. Đăng nhập vào Oracle Analytics Server 2. Mở báo cáo "Báo cáo tỷ lệ cảnh báo theo rule quét sàng lọc " 3. Kiểm tra tham số Webservice | F29: Hệ thống hiển thị danh sách các Webservice, cho phép người dùng chọn một hoặc nhiều và không bắt buộc chọn | G29: SIT | H29: Medium | I29: Manual | J29: Passed | K29: Untested
A30: TF_RP3_01_05 | B30: Kiểm tra nút chức năng 'Apply' | D30: 1. Đăng nhập vào Oracle Analytics Server 2. Mở báo cáo "Báo cáo tỷ lệ cảnh báo theo rule quét sàng lọc " 3. Nhập/Chọn thông tin các trường: - Chọn ngày trong trường 'Từ ngày' - Chọn ngày trong trường 'Đến ngày' - Nhập giá trị trường Webservice 4. Bấm nút chức năng 'Apply' | F30: Người dùng xem được kết quả báo cáo | G30: SIT | H30: Medium | I30: Manual | J30: Passed | K30: Untested
A31: TF_RP3_01_06 | B31: Kiểm tra nút chức năng 'Reset' | D31: 1. Đăng nhập vào Oracle Analytics Server 2. Mở báo cáo "Báo cáo tỷ lệ cảnh báo theo rule quét sàng lọc " 3. Nhập/Chọn thông tin các trường: - Chọn ngày trong trường 'Từ ngày' - Chọn ngày trong trường 'Đến ngày' - Nhập giá trị trường Webservice 4. Bấm nút chức năng 'Reset' | F31: Hệ thống đặt lại tiêu chí lọc của người dùng theo lựa chọn tương ứng: - Reset to last applied values: Đặt lại về giá trị lọc trước đó - Reset to default values: Đặt lại về giá trị lọc của báo cáo - Clear All: Đặt lại toàn bộ tiêu chí lọc | G31: SIT | H31: Medium | I31: Manual | J31: Passed | K31: Untested
A32: TF_RP3_02 | B32: Kiểm tra tiêu chí đầu ra mong muốn
A33: TF_RP3_02_01 | B33: Kiểm tra hiển thị báo cáo | C33: 1. NSD có quyền truy cập báo cáo. 2. Đã có giao dịch được quét qua các rule/Webservice và có Event đã đánh giá trong kỳ báo cáo. | D33: 1. Đăng nhập vào Oracle Analytics Server 2. Mở báo cáo "Báo cáo tỷ lệ cảnh báo theo rule quét sàng lọc " 3. Nhập các tiêu chí lọc và đảm bảo nhập đủ các tiêu chí bắt buộc nhập 4. Bấm nút chức năng 'Apply' | F33: Người dùng xem được báo cáo hiển thị kết quả đầu ra bao gồm các trường thông tin sau: - Loại Webservice - Phương thức quét - Mã rule quét sàng lọc giao dịch - Tên Rule quét sàng lọc giao dịch - Tổng số lần hit - Tổng số lần hit đã đánh giá - Tổng số lần hit giả - Tổng số lần hit thật - Tỷ lệ hit thật | G33: SIT | H33: High | I33: Manual | J33: Passed | K33: Untested
A34: TF_RP3_02_02 | B34: Kiểm tra giá trị trường Loại Webservice | C34: 1. NSD có quyền truy cập báo cáo. 2. Đã có giao dịch được quét qua các rule/Webservice và có Event đã đánh giá trong kỳ báo cáo. | D34: 1. Đăng nhập vào Oracle Analytics Server 2. Mở báo cáo "Báo cáo tỷ lệ cảnh báo theo rule quét sàng lọc " 3. Nhập các tiêu chí lọc và đảm bảo nhập đủ các tiêu chí bắt buộc nhập 4. Bấm nút chức năng 'Apply' | F34: Hệ thống hiển thị giá trị trường Webservice | G34: SIT | H34: Medium | I34: Manual | J34: Passed | K34: Untested
A35: TF_RP3_02_03 | B35: Kiểm tra giá trị trường Phương thức quét | C35: 1. NSD có quyền truy cập báo cáo. 2. Đã có giao dịch được quét qua các rule/Webservice và có Event đã đánh giá trong kỳ báo cáo. | D35: 1. Đăng nhập vào Oracle Analytics Server 2. Mở báo cáo "Báo cáo tỷ lệ cảnh báo theo rule quét sàng lọc " 3. Nhập các tiêu chí lọc và đảm bảo nhập đủ các tiêu chí bắt buộc nhập 4. Bấm nút chức năng 'Apply' | F35: Hệ thống hiển thị giá trị trường Phương thức quét | G35: SIT | H35: Medium | I35: Manual | J35: Passed | K35: Untested
A36: TF_RP3_02_04 | B36: Kiểm tra giá trị trường Mã rule quét sàng lọc giao dịch | C36: 1. NSD có quyền truy cập báo cáo. 2. Đã có giao dịch được quét qua các rule/Webservice và có Event đã đánh giá trong kỳ báo cáo. | D36: 1. Đăng nhập vào Oracle Analytics Server 2. Mở báo cáo "Báo cáo tỷ lệ cảnh báo theo rule quét sàng lọc " 3. Nhập các tiêu chí lọc và đảm bảo nhập đủ các tiêu chí bắt buộc nhập 4. Bấm nút chức năng 'Apply' | F36: Hệ thống hiển thị giá trị trường Mã rule quét sàng lọc giao dịch | G36: SIT | H36: Medium | I36: Manual | J36: Passed | K36: Untested
A37: TF_RP3_02_05 | B37: Kiểm tra giá trị trường Tên Rule quét sàng lọc giao dịch | C37: 1. NSD có quyền truy cập báo cáo. 2. Đã có giao dịch được quét qua các rule/Webservice và có Event đã đánh giá trong kỳ báo cáo. | D37: 1. Đăng nhập vào Oracle Analytics Server 2. Mở báo cáo "Báo cáo tỷ lệ cảnh báo theo rule quét sàng lọc " 3. Nhập các tiêu chí lọc và đảm bảo nhập đủ các tiêu chí bắt buộc nhập 4. Bấm nút chức năng 'Apply' | F37: Hệ thống hiển thị giá trị trường Tên Rule quét sàng lọc giao dịch | G37: SIT | H37: Medium | I37: Manual | J37: Passed | K37: Untested
A38: TF_RP3_02_07 | B38: Kiểm tra giá trị trường Tổng số lần hit | C38: 1. NSD có quyền truy cập báo cáo. 2. Đã có giao dịch được quét qua các rule/Webservice và có Event đã đánh giá trong kỳ báo cáo. | D38: 1. Đăng nhập vào Oracle Analytics Server 2. Mở báo cáo "Báo cáo tỷ lệ cảnh báo theo rule quét sàng lọc " 3. Nhập các tiêu chí lọc và đảm bảo nhập đủ các tiêu chí bắt buộc nhập 4. Bấm nút chức năng 'Apply' | F38: Hệ thống hiển thị giá trị trường Tổng số lần hit | G38: SIT | H38: Medium | I38: Manual | J38: Passed | K38: Untested
A39: TF_RP3_02_08 | B39: Kiểm tra giá trị trường Tổng số lần hit đã đánh giá | C39: 1. NSD có quyền truy cập báo cáo. 2. Đã có giao dịch được quét qua các rule/Webservice và có Event đã đánh giá trong kỳ báo cáo. | D39: 1. Đăng nhập vào Oracle Analytics Server 2. Mở báo cáo "Báo cáo tỷ lệ cảnh báo theo rule quét sàng lọc " 3. Nhập các tiêu chí lọc và đảm bảo nhập đủ các tiêu chí bắt buộc nhập 4. Bấm nút chức năng 'Apply' | F39: Hệ thống hiển thị giá trị trường Tổng số lần hit đã đánh giá | G39: SIT | H39: Medium | I39: Manual | J39: Passed | K39: Untested
A40: TF_RP3_02_09 | B40: Kiểm tra giá trị trường Tổng số lần hit giả | C40: 1. NSD có quyền truy cập báo cáo. 2. Đã có giao dịch được quét qua các rule/Webservice và có Event đã đánh giá trong kỳ báo cáo. | D40: 1. Đăng nhập vào Oracle Analytics Server 2. Mở báo cáo "Báo cáo tỷ lệ cảnh báo theo rule quét sàng lọc " 3. Nhập các tiêu chí lọc và đảm bảo nhập đủ các tiêu chí bắt buộc nhập 4. Bấm nút chức năng 'Apply' | F40: Hệ thống hiển thị giá trị trường Tổng số lần hit giả | G40: SIT | H40: Medium | I40: Manual | J40: Passed | K40: Untested
A41: TF_RP3_02_10 | B41: Kiểm tra giá trị trường Tổng số lần hit thật | C41: 1. NSD có quyền truy cập báo cáo. 2. Đã có giao dịch được quét qua các rule/Webservice và có Event đã đánh giá trong kỳ báo cáo. | D41: 1. Đăng nhập vào Oracle Analytics Server 2. Mở báo cáo "Báo cáo tỷ lệ cảnh báo theo rule quét sàng lọc " 3. Nhập các tiêu chí lọc và đảm bảo nhập đủ các tiêu chí bắt buộc nhập 4. Bấm nút chức năng 'Apply' | F41: Hệ thống hiển thị giá trị trường Tổng số lần hit thật đã đánh giá | G41: SIT | H41: Medium | I41: Manual | J41: Passed | K41: Untested
A42: TF_RP3_02_12 | B42: Kiểm tra giá trị trường Tỷ lệ hit thật | C42: 1. NSD có quyền truy cập báo cáo. 2. Đã có giao dịch được quét qua các rule/Webservice và có Event đã đánh giá trong kỳ báo cáo. | D42: 1. Đăng nhập vào Oracle Analytics Server 2. Mở báo cáo "Báo cáo tỷ lệ cảnh báo theo rule quét sàng lọc " 3. Nhập các tiêu chí lọc và đảm bảo nhập đủ các tiêu chí bắt buộc nhập 4. Bấm nút chức năng 'Apply' | F42: Hệ thống hiển thị giá trị trường Tỷ lệ hit thật | G42: SIT | H42: Medium | I42: Manual | J42: Passed | K42: Untested
A43: TF_RP3_03 | B43: Kiểm tra tính năng trích xuất dữ liệu báo cáo
A44: TF_RP3_03_01 | B44: Kiểm tra tính năng cho phép xuất báo cáo theo định dạng file excel | D44: 1. Đăng nhập vào Oracle Analytics Server 2. Mở báo cáo "Báo cáo tỷ lệ cảnh báo theo rule quét sàng lọc " 3. Trên màn hình báo cáo, người dùng click vào chữ Export ở cuối màn hình -> chọn Formatted -> Excel | F44: 1. Người dùng xuất được báo cáo theo định dạng file excel 2. Báo cáo xuất ra hiển thị thông tin trùng khớp với template | G44: SIT | H44: High | I44: Manual | J44: Passed | K44: Untested
A45: TF_RP3_03_02 | B45: Kiểm tra tính năng cho phép xuất báo cáo theo định dạng file PDF | D45: 1. Đăng nhập vào Oracle Analytics Server 2. Mở báo cáo "Báo cáo tỷ lệ cảnh báo theo rule quét sàng lọc " 3. Trên màn hình báo cáo, người dùng click vào chữ Export ở cuối màn hình -> chọn Formatted -> PDF | F45: 1. Người dùng xuất được báo cáo theo định dạng file PDF 2. Báo cáo xuất ra hiển thị thông tin trùng khớp với template | G45: SIT | H45: High | I45: Manual | J45: Passed | K45: Untested
A46: TF_RP3_04 | B46: Kiểm tra ràng buộc tham số & công thức tính toán
A47: TF_RP3_04_01 | B47: Kiểm tra bắt buộc nhập tham số Từ ngày | D47: 1. Đăng nhập vào Oracle Analytics Server 2. Mở báo cáo "Báo cáo tỷ lệ cảnh báo theo rule quét sàng lọc " 3. Để trống "Từ ngày" 4. Nhấn Apply | F47: Không hiển thị nút Apply để xuất báo cáo | G47: SIT | H47: High | I47: Manual | J47: Passed | K47: Untested
A48: TF_RP3_04_02 | B48: Kiểm tra bắt buộc nhập tham số Đến ngày | D48: 1. Đăng nhập vào Oracle Analytics Server 2. Mở báo cáo "Báo cáo tỷ lệ cảnh báo theo rule quét sàng lọc " 3. Để trống "Đến ngày" 4. Nhấn Apply | F48: Không hiển thị nút Apply để xuất báo cáo | G48: SIT | H48: High | I48: Manual | J48: Passed | K48: Untested
A49: TF_RP3_04_03 | B49: Kiểm tra khoảng ngày không hợp lệ (Từ ngày > Đến ngày) | D49: 1. Đăng nhập vào Oracle Analytics Server 2. Mở báo cáo "Báo cáo tỷ lệ cảnh báo theo rule quét sàng lọc " 3. Nhập Từ ngày > Đến ngày 4. Nhấn Apply | F49: Hệ thống báo lỗi khoảng thời gian không hợp lệ, không trả kết quả | G49: SIT | H49: High | I49: Manual | J49: Passed | K49: Untested
A50: TF_RP3_04_04 | B50: Kiểm tra giá trị Phương thức quét (ĐA KÊNH / THỦ CÔNG) | C50: Có giao dịch quét qua luồng đa nguồn và luồng sàng lọc thủ công (Scan and Investigate) | D50: 1. Đăng nhập vào Oracle Analytics Server 2. Mở báo cáo "Báo cáo tỷ lệ cảnh báo theo rule quét sàng lọc " 3. Chọn kỳ báo cáo 4. Nhấn Apply | E50: WITH DS_PARAMS AS( SELECT TO_DATE('20260914','YYYYMMDD') AS P_FROM_DATE, TO_DATE('20260914','YYYYMMDD') AS P_TO_DATE, 1 AS WEBSERVICE_ID FROM DUAL ), DS_REPORT_3 AS( SELECT DS.V_SWIFT_WEBSERVICE_TYPE, CASE WHEN RD.V_GRP_MSG_TYPE = 'MTC99' THEN 'THỦ CÔNG' ELSE 'ĐA KÊNH' END AS CHANNEL, REGEXP_SUBSTR(RS.V_RULE,'\[([^]]+)\]',1,1,NULL,1) AS RULE_CODE, TRIM(REGEXP_SUBSTR(RS.V_RULE,'[^]]+$')) AS RULE_NAME, COUNT(RS.N_RESPONSE_ID) AS TOTAL, SUM(CASE WHEN RS.N_IS_ACCEPTED IN (7, 8) THEN 1 ELSE 0 END) AS TOTAL_HIT_RATED, SUM(CASE WHEN RS.N_IS_ACCEPTED = 8 THEN 1 ELSE 0 END) AS TOTAL_HIT_NOT_RATE, SUM(CASE WHEN RS.N_IS_ACCEPTED = 7 THEN 1 ELSE 0 END) AS TOTAL_HIT FROM FSI_RT_ALERTS RA JOIN FSI_RT_RAW_DATA RD ON RA.N_GRP_MSG_ID = RD.N_GRP_MSG_ID JOIN FSI_RT_AL_WLS_RESPONSE RS ON RA.N_GRP_MSG_ID = RS.N_GRP_MSG_ID JOIN DIM_SWIFT_WEBSERVICE DS ON RS.N_WEBSERVICE_ID = DS.N_SWIFT_WEBSERVICE_ID JOIN DIM_SANCTIONS_STATUS SS ON RS.N_IS_ACCEPTED = SS.N_SANCTION_STATUS_CODE CROSS JOIN DS_PARAMS P WHERE 1 = 1 AND TRUNC(RD.D_RECEIVED) BETWEEN P.P_FROM_DATE AND P.P_TO_DATE ---- ADD THÊM NẾU LỌC THÊM THEO WEB_SERVICES --AND RS.N_WEBSERVICE_ID = P.WEBSERVICE_ID GROUP BY DS.V_SWIFT_WEBSERVICE_TYPE,( CASE WHEN RD.V_GRP_MSG_TYPE = 'MTC99' THEN 'THỦ CÔNG' ELSE 'ĐA KÊNH' END ),REGEXP_SUBSTR(RS.V_RULE,'\[([^]]+)\]',1,1,NULL,1),TRIM(REGEXP_SUBSTR(RS.V_RULE,'[^]]+$')) ) SELECT V_SWIFT_WEBSERVICE_TYPE, CHANNEL, RULE_CODE, RULE_NAME, TOTAL, TOTAL_HIT_RATED, TOTAL_HIT_NOT_RATE, TOTAL_HIT, CASE WHEN TOTAL_HIT_RATED > 0 THEN ROUND(TOTAL_HIT/TOTAL_HIT_RATED,2) ELSE 0 END AS ACTUAL_HIT_RATE FROM DS_REPORT_3; | F50: Phương thức quét = 'ĐA KÊNH' với luồng đa nguồn; = 'THỦ CÔNG' với luồng sàng lọc thủ công | G50: SIT | H50: High | I50: Manual | J50: Passed | K50: Untested
A51: TF_RP3_04_05 | B51: Kiểm tra công thức Tỷ lệ hit thật | D51: 1. Đăng nhập vào Oracle Analytics Server 2. Mở báo cáo "Báo cáo tỷ lệ cảnh báo theo rule quét sàng lọc " 3. Chọn kỳ báo cáo 4. Nhấn Apply 5. Tính tay và đối chiếu | F51: Tỷ lệ hit thật = Tổng số lần hit thật / Tổng số lần hit đã đánh giá | G51: SIT | H51: High | I51: Manual | J51: Passed | K51: Untested
A52: TF_RP3_04_06 | B52: Kiểm tra Xuất báo cáo theo điều kiện chỉ nhập vào các trường bắt buộc Từ ngày - Đến ngày Thời gian sàng lọc = Từ ngày | D52: 1. Đăng nhập vào Oracle Analytics Server 2. Mở báo cáo "Báo cáo tỷ lệ cảnh báo theo rule quét sàng lọc" 3. Nhập tiêu chí kỳ báo cáo 4. Nhấn Apply | F52: 1. Trả về đúng số lượng bản ghi theo điều kiện Xuất báo cáo so với dữ liệu mặc định 2. Dữ liệu các cột trả về theo đúng mapping so với dữ liệu Xuất báo cáo mặc định | G52: SIT | H52: High | I52: Manual | J52: Passed | K52: Untested
A53: TF_RP3_04_07 | B53: Kiểm tra Xuất báo cáo theo điều kiện chỉ nhập vào các trường bắt buộc Từ ngày - Đến ngày Thời gian sàng lọc = Đến ngày | D53: 1. Đăng nhập vào Oracle Analytics Server 2. Mở báo cáo "Báo cáo tỷ lệ cảnh báo theo rule quét sàng lọc" 3. Nhập tiêu chí kỳ báo cáo 4. Nhấn Apply | F53: 1. Trả về đúng số lượng bản ghi theo điều kiện Xuất báo cáo so với dữ liệu mặc định 2. Dữ liệu các cột trả về theo đúng mapping so với dữ liệu Xuất báo cáo mặc định | G53: SIT | H53: High | I53: Manual | J53: Passed | K53: Untested
A54: TF_RP3_04_08 | B54: Kiểm tra Xuất báo cáo theo điều kiện chỉ nhập vào các trường bắt buộc Từ ngày - Đến ngày Thời gian sàng lọc = Từ ngày = Đến ngày | D54: 1. Đăng nhập vào Oracle Analytics Server 2. Mở báo cáo "Báo cáo tỷ lệ cảnh báo theo rule quét sàng lọc" 3. Nhập tiêu chí kỳ báo cáo 4. Nhấn Apply | F54: 1. Trả về đúng số lượng bản ghi theo điều kiện Xuất báo cáo so với dữ liệu mặc định 2. Dữ liệu các cột trả về theo đúng mapping so với dữ liệu Xuất báo cáo mặc định | G54: SIT | H54: High | I54: Manual | J54: Passed | K54: Untested
A55: TF_RP3_04_09 | B55: Kiểm tra Xuất báo cáo theo điều kiện chỉ nhập vào các trường bắt buộc Từ ngày - Đến ngày Trường Webservice chọn 1 giá trị | D55: 1. Đăng nhập vào Oracle Analytics Server 2. Mở báo cáo "Báo cáo tỷ lệ cảnh báo theo rule quét sàng lọc" 3. Nhập tiêu chí kỳ báo cáo 4. Nhấn Apply | F55: 1. Trả về đúng số lượng bản ghi theo điều kiện Xuất báo cáo so với dữ liệu mặc định 2. Dữ liệu các cột trả về theo đúng mapping so với dữ liệu Xuất báo cáo mặc định | G55: SIT | H55: High | I55: Manual | J55: Passed | K55: Untested
A56: TF_RP3_04_10 | B56: Kiểm tra Xuất báo cáo theo điều kiện chỉ nhập vào các trường bắt buộc Từ ngày - Đến ngày Trường Webservice chọn tất cả các giá trị | D56: 1. Đăng nhập vào Oracle Analytics Server 2. Mở báo cáo "Báo cáo tỷ lệ cảnh báo theo rule quét sàng lọc" 3. Nhập tiêu chí kỳ báo cáo 4. Nhấn Apply | F56: 1. Trả về đúng số lượng bản ghi theo điều kiện Xuất báo cáo so với dữ liệu mặc định 2. Dữ liệu các cột trả về theo đúng mapping so với dữ liệu Xuất báo cáo mặc định | G56: SIT | H56: High | I56: Manual | J56: Passed | K56: Untested

Sheet Report_04
A1: Functions | B1: =Cover!E11 -> DỰ ÁN TRIỂN KHAI BẢN QUYỀN PHẦN MỀM HỆ THỐNG AML MỚI
A2: Build Version | B2: v1.0
A4: ROUND 2
B5: High | C5: Medium | D5: Low | E5: Total
B6: =SUM(B7:B11) -> 8 | C6: =SUM(C7:C11) -> 10 | D6: =SUM(D7:D11) -> 0 | E6: =SUM(B6:D6) -> 18
A7: Passed | B7: =COUNTIFS($J:$J,$A7,$H:$H,B$5) -> 8 | C7: =COUNTIFS($J:$J,$A7,$H:$H,C$5) -> 10 | D7: =COUNTIFS($J:$J,$A7,$H:$H,D$5) -> 0 | E7: =SUM(B7:D7) -> 18
A8: Failed | B8: =COUNTIFS($J:$J,$A8,$H:$H,B$5) -> 0 | C8: =COUNTIFS($J:$J,$A8,$H:$H,C$5) -> 0 | D8: =COUNTIFS($J:$J,$A8,$H:$H,D$5) -> 0 | E8: =SUM(B8:D8) -> 0
A9: Pending | B9: =COUNTIFS($J:$J,$A9,$H:$H,B$5) -> 0 | C9: =COUNTIFS($J:$J,$A9,$H:$H,C$5) -> 0 | D9: =COUNTIFS($J:$J,$A9,$H:$H,D$5) -> 0 | E9: =SUM(B9:D9) -> 0
A10: Cancel | B10: =COUNTIFS($J:$J,$A10,$H:$H,B$5) -> 0 | C10: =COUNTIFS($J:$J,$A10,$H:$H,C$5) -> 0 | D10: =COUNTIFS($J:$J,$A10,$H:$H,D$5) -> 0 | E10: =SUM(B10:D10) -> 0
A11: Untested | B11: =COUNTIFS($J:$J,$A11,$H:$H,B$5) -> 0 | C11: =COUNTIFS($J:$J,$A11,$H:$H,C$5) -> 0 | D11: =COUNTIFS($J:$J,$A11,$H:$H,D$5) -> 0 | E11: =SUM(B11:D11) -> 0
A12: Next | B12: =COUNTIFS($J:$J,$A12,$H:$H,B$5) -> 0 | C12: =COUNTIFS($J:$J,$A12,$H:$H,C$5) -> 0 | D12: =COUNTIFS($J:$J,$A12,$H:$H,D$5) -> 0 | E12: =SUM(B12:D12) -> 0
A14: ROUND 3
B15: High | C15: Medium | D15: Low | E15: Total
B16: =SUM(B17:B21) -> 8 | C16: =SUM(C17:C21) -> 10 | D16: =SUM(D17:D21) -> 0 | E16: =SUM(B16:D16) -> 18
A17: Passed | B17: =COUNTIFS($K:$K,$A17,$H:$H,B$15) -> 0 | C17: =COUNTIFS($K:$K,$A17,$H:$H,C$15) -> 0 | D17: =COUNTIFS($K:$K,$A17,$H:$H,D$15) -> 0 | E17: =SUM(B17:D17) -> 0
A18: Failed | B18: =COUNTIFS($K:$K,$A18,$H:$H,B$15) -> 0 | C18: =COUNTIFS($K:$K,$A18,$H:$H,C$15) -> 0 | D18: =COUNTIFS($K:$K,$A18,$H:$H,D$15) -> 0 | E18: =SUM(B18:D18) -> 0
A19: Pending | B19: =COUNTIFS($K:$K,$A19,$H:$H,B$15) -> 0 | C19: =COUNTIFS($K:$K,$A19,$H:$H,C$15) -> 0 | D19: =COUNTIFS($K:$K,$A19,$H:$H,D$15) -> 0 | E19: =SUM(B19:D19) -> 0
A20: Cancel | B20: =COUNTIFS($K:$K,$A20,$H:$H,B$15) -> 0 | C20: =COUNTIFS($K:$K,$A20,$H:$H,C$15) -> 0 | D20: =COUNTIFS($K:$K,$A20,$H:$H,D$15) -> 0 | E20: =SUM(B20:D20) -> 0
A21: Untested | B21: =COUNTIFS($K:$K,$A21,$H:$H,B$15) -> 8 | C21: =COUNTIFS($K:$K,$A21,$H:$H,C$15) -> 10 | D21: =COUNTIFS($K:$K,$A21,$H:$H,D$15) -> 0 | E21: =SUM(B21:D21) -> 18
A22: Next | B22: =COUNTIFS($K:$K,$A22,$H:$H,B$15) -> 0 | C22: =COUNTIFS($K:$K,$A22,$H:$H,C$15) -> 0 | D22: =COUNTIFS($K:$K,$A22,$H:$H,D$15) -> 0 | E22: =SUM(B22:D22) -> 0
A24: Test case Id | B24: Test case Title | C24: Pre-conditions | D24: Test Step | E24: Test Datas | F24: Expected result | G24: Test Environment | H24: Priority | I24: Automation Status | J24: 2st Test Results | K24: 3nd Test Results | L24: BugID | M24: Notes
A25: TF_RP4_01 | B25: Kiểm tra tiêu chí đầu vào báo cáo và các nút chức năng
A26: TF_RP4_01_01 | B26: Kiểm tra hiển thị các trường tham số | D26: 1. Đăng nhập vào Oracle Analytics Server 2. Mở báo cáo "Báo cáo theo dõi Danh sách Good Guy sắp đến ngày hạn" | F26: Người dùng xem được các trường thông tin: Expiry Date Các nút chức năng: - Apply - Reset | G26: SIT | H26: Medium | I26: Manual | J26: Passed | K26: Untested
A27: TF_RP4_01_02 | B27: Kiểm tra tham số Expiry Date | D27: 1. Đăng nhập vào Oracle Analytics Server 2. Mở báo cáo "Báo cáo theo dõi Danh sách Good Guy sắp đến ngày hạn" 3. Kiểm tra tham số Webservice | F27: Hệ thống cho người dùng chọn theo bảng lịch, hiển thị dạng dd/mm/yyyy | G27: SIT | H27: Medium | I27: Manual | J27: Passed | K27: Untested | M27: Sai định dạng ngày Act: dd.mm.yyyy
A28: TF_RP4_01_03 | B28: Kiểm tra nút chức năng 'Apply' | D28: 1. Đăng nhập vào Oracle Analytics Server 2. Mở báo cáo "Báo cáo theo dõi Danh sách Good Guy sắp đến ngày hạn" 3. Nhập/Chọn thông tin các trường: - Chọn ngày trong trường 'Expiry Date' 4. Bấm nút chức năng 'Apply' | F28: Người dùng xem được kết quả báo cáo | G28: SIT | H28: Medium | I28: Manual | J28: Passed | K28: Untested | M28: Không hiển thị dữ liệu báo cáo
A29: TF_RP4_01_04 | B29: Kiểm tra nút chức năng 'Reset' | D29: 1. Đăng nhập vào Oracle Analytics Server 2. Mở báo cáo "Báo cáo theo dõi Danh sách Good Guy sắp đến ngày hạn" 3. Nhập/Chọn thông tin các trường: - Chọn ngày trong trường 'Expiry Date' 4. Bấm nút chức năng 'Reset' | F29: Hệ thống đặt lại tiêu chí lọc của người dùng theo lựa chọn tương ứng: - Reset to last applied values: Đặt lại về giá trị lọc trước đó - Reset to default values: Đặt lại về giá trị lọc của báo cáo - Clear All: Đặt lại toàn bộ tiêu chí lọc | G29: SIT | H29: Medium | I29: Manual | J29: Passed | K29: Untested
A30: TF_RP4_02 | B30: Kiểm tra tiêu chí đầu ra mong muốn
A31: TF_RP4_02_01 | B31: Kiểm tra hiển thị báo cáo | D31: 1. Đăng nhập vào Oracle Analytics Server 2. Mở báo cáo "Báo cáo theo dõi Danh sách Good Guy sắp đến ngày hạn" 3. Nhập các tiêu chí lọc và đảm bảo nhập đủ các tiêu chí bắt buộc nhập 4. Bấm nút chức năng 'Apply' | E31: SELECT W.N_WHITELIST_ID AS ID_DOI_TUONG_GOOD_GUY, W.D_EXPIRE_ON AS THOI_GIAN_HET_HAN_CUA_BAN_GHI, W.V_WHITE_NAME AS TEN_DOI_TUONG, W.V_ORIGIN AS TEN_DANH_SACH_THEO_DOI, -- W.N_STATUS_CD AS TRANG_THAI, W.V_WHITE_ENTITY_NAME AS DOI_TUONG_THUOC_DANH_SACH_THEO_DOI, W.V_RECORD_ID AS MA_BAN_GHI_DANH_SACH_THEO_DOI FROM FCC_WHITELIST W WHERE W.D_EXPIRE_ON IS NOT NULL AND TRUNC(W.D_EXPIRE_ON) BETWEEN TO_DATE(:FROM_DATE, 'DD/MM/YYYY') AND TO_DATE(:TO_DATE, 'DD/MM/YYYY') AND W.N_STATUS_CD = 22 ORDER BY W.D_EXPIRE_ON, W.N_WHITELIST_ID; | F31: Người dùng xem được báo cáo hiển thị kết quả đầu ra bao gồm các trường thông tin sau: - ID đối tượng good guy - Thời gian hết hạn của bản ghi - Tên đối tượng - Tên danh sách theo dõi - Đối tượng thuộc danh sách theo dõi - Mã bản ghi danh sách theo dõi | G31: SIT | H31: High | I31: Manual | J31: Passed | K31: Untested
A32: TF_RP4_02_02 | B32: Kiểm tra giá trị trường ID đối tượng good guy | D32: 1. Đăng nhập vào Oracle Analytics Server 2. Mở báo cáo "Báo cáo theo dõi Danh sách Good Guy sắp đến ngày hạn" 3. Nhập các tiêu chí lọc và đảm bảo nhập đủ các tiêu chí bắt buộc nhập 4. Bấm nút chức năng 'Apply' | F32: Hệ thống hiển thị giá trị trường ID đối tượng good guy | G32: SIT | H32: Medium | I32: Manual | J32: Passed | K32: Untested
A33: TF_RP4_02_03 | B33: Kiểm tra giá trị trường Thời gian hết hạn của bản ghi | D33: 1. Đăng nhập vào Oracle Analytics Server 2. Mở báo cáo "Báo cáo theo dõi Danh sách Good Guy sắp đến ngày hạn" 3. Nhập các tiêu chí lọc và đảm bảo nhập đủ các tiêu chí bắt buộc nhập 4. Bấm nút chức năng 'Apply' | F33: Hệ thống hiển thị giá trị trường Thời gian hết hạn của bản ghi | G33: SIT | H33: Medium | I33: Manual | J33: Passed | K33: Untested
A34: TF_RP4_02_04 | B34: Kiểm tra giá trị trường Tên đối tượng | D34: 1. Đăng nhập vào Oracle Analytics Server 2. Mở báo cáo "Báo cáo theo dõi Danh sách Good Guy sắp đến ngày hạn" 3. Nhập các tiêu chí lọc và đảm bảo nhập đủ các tiêu chí bắt buộc nhập 4. Bấm nút chức năng 'Apply' | F34: Hệ thống hiển thị giá trị trường Tên đối tượng | G34: SIT | H34: Medium | I34: Manual | J34: Passed | K34: Untested
A35: TF_RP4_02_05 | B35: Kiểm tra giá trị trường Tên danh sách theo dõi | D35: 1. Đăng nhập vào Oracle Analytics Server 2. Mở báo cáo "Báo cáo theo dõi Danh sách Good Guy sắp đến ngày hạn" 3. Nhập các tiêu chí lọc và đảm bảo nhập đủ các tiêu chí bắt buộc nhập 4. Bấm nút chức năng 'Apply' | F35: Hệ thống hiển thị giá trị trường Tên danh sách theo dõi | G35: SIT | H35: Medium | I35: Manual | J35: Passed | K35: Untested
A36: TF_RP4_02_06 | B36: Kiểm tra giá trị trường Đối tượng thuộc danh sách theo dõi | D36: 1. Đăng nhập vào Oracle Analytics Server 2. Mở báo cáo "Báo cáo theo dõi Danh sách Good Guy sắp đến ngày hạn" 3. Nhập các tiêu chí lọc và đảm bảo nhập đủ các tiêu chí bắt buộc nhập 4. Bấm nút chức năng 'Apply' | F36: Hệ thống hiển thị giá trị trường Đối tượng thuộc danh sách theo dõi | G36: SIT | H36: Medium | I36: Manual | J36: Passed | K36: Untested
A37: TF_RP4_02_07 | B37: Kiểm tra giá trị trường Mã bản ghi danh sách theo dõi | D37: 1. Đăng nhập vào Oracle Analytics Server 2. Mở báo cáo "Báo cáo theo dõi Danh sách Good Guy sắp đến ngày hạn" 3. Nhập các tiêu chí lọc và đảm bảo nhập đủ các tiêu chí bắt buộc nhập 4. Bấm nút chức năng 'Apply' | F37: Hệ thống hiển thị giá trị trường Mã bản ghi danh sách theo dõi tham số NSD đã nhập | G37: SIT | H37: Medium | I37: Manual | J37: Passed | K37: Untested
A38: TF_RP4_03 | B38: Kiểm tra tính năng trích xuất dữ liệu báo cáo
A39: TF_RP4_03_01 | B39: Kiểm tra tính năng cho phép xuất báo cáo theo định dạng file excel | D39: 1. Đăng nhập vào Oracle Analytics Server 2. Mở báo cáo "Báo cáo theo dõi Danh sách Good Guy sắp đến ngày hạn" 3. Trên màn hình báo cáo, người dùng click vào chữ Export ở cuối màn hình -> chọn Formatted -> Excel | F39: 1. Người dùng xuất được báo cáo theo định dạng file excel 2. Báo cáo xuất ra hiển thị thông tin trùng khớp với template | G39: SIT | H39: High | I39: Manual | J39: Passed | K39: Untested | M39: Không hiển thị các tham số khi xuất báo cáo
A40: TF_RP4_03_02 | B40: Kiểm tra tính năng cho phép xuất báo cáo theo định dạng file PDF | D40: 1. Đăng nhập vào Oracle Analytics Server 2. Mở báo cáo "Báo cáo theo dõi Danh sách Good Guy sắp đến ngày hạn" 3. Trên màn hình báo cáo, người dùng click vào chữ Export ở cuối màn hình -> chọn Formatted -> PDF | F40: 1. Người dùng xuất được báo cáo theo định dạng file PDF 2. Báo cáo xuất ra hiển thị thông tin trùng khớp với template | G40: SIT | H40: High | I40: Manual | J40: Passed | K40: Untested | M40: Lỗi font chữ --> Đã báo anh Long để sửa Không hiển thị các tham số khi xuất báo cáo
A41: TF_RP4_04 | B41: Kiểm tra ràng buộc tham số & logic lấy dữ liệu
A42: TF_RP4_04_01 | B42: Kiểm tra bắt buộc nhập tham số Expiry Date | D42: 1. Đăng nhập vào Oracle Analytics Server 2. Mở báo cáo "Báo cáo theo dõi Danh sách Good Guy sắp đến ngày hạn" 3. Để trống "Expiry Date" 4. Nhấn Apply | F42: Không hiển thị nút Apply để xuất báo cáo | G42: SIT | H42: High | I42: Manual | J42: Passed | K42: Untested
A43: TF_RP4_04_02 | B43: Kiểm tra định dạng ngày của Expiry Date | D43: 1. Đăng nhập vào Oracle Analytics Server 2. Mở báo cáo "Báo cáo theo dõi Danh sách Good Guy sắp đến ngày hạn" 3. Kiểm tra định dạng nhập/hiển thị của Expiry Date | F43: Expiry Date được nhập/hiển thị theo định dạng dd/mm/yyyy | G43: SIT | H43: High | I43: Manual | J43: Passed | K43: Untested
A44: TF_RP4_04_03 | B44: Kiểm tra logic lấy bản ghi có ngày đến hạn <= Expiry Date | D44: 1. Đăng nhập vào Oracle Analytics Server 2. Mở báo cáo "Báo cáo theo dõi Danh sách Good Guy sắp đến ngày hạn" 3. Nhập Expiry Date 4. Nhấn Apply | E44: SELECT W.N_WHITELIST_ID AS ID_DOI_TUONG_GOOD_GUY, W.D_EXPIRE_ON AS THOI_GIAN_HET_HAN_CUA_BAN_GHI, W.V_WHITE_NAME AS TEN_DOI_TUONG, W.V_ORIGIN AS TEN_DANH_SACH_THEO_DOI, -- W.N_STATUS_CD AS TRANG_THAI, W.V_WHITE_ENTITY_NAME AS DOI_TUONG_THUOC_DANH_SACH_THEO_DOI, W.V_RECORD_ID AS MA_BAN_GHI_DANH_SACH_THEO_DOI FROM FCC_WHITELIST W WHERE W.D_EXPIRE_ON IS NOT NULL AND TRUNC(W.D_EXPIRE_ON) BETWEEN TO_DATE(:FROM_DATE, 'DD/MM/YYYY') AND TO_DATE(:TO_DATE, 'DD/MM/YYYY') AND W.N_STATUS_CD = 22 ORDER BY W.D_EXPIRE_ON, W.N_WHITELIST_ID; | F44: Chỉ hiển thị các bản ghi Good Guy có ngày hết hạn <= Expiry Date (theo PL) | G44: SIT | H44: High | I44: Manual | J44: Passed | K44: Untested | M44: Anh HoangLV trao đổi với KH về dữ liệu phần này
A45: TF_RP4_04_04 | B45: Kiểm tra biên: bản ghi có ngày hết hạn = Expiry Date | D45: 1. Đăng nhập vào Oracle Analytics Server 2. Mở báo cáo "Báo cáo theo dõi Danh sách Good Guy sắp đến ngày hạn" 3. Nhập Expiry Date đúng bằng ngày hết hạn của 1 bản ghi 4. Nhấn Apply | E45: SELECT W.N_WHITELIST_ID AS ID_DOI_TUONG_GOOD_GUY, W.D_EXPIRE_ON AS THOI_GIAN_HET_HAN_CUA_BAN_GHI, W.V_WHITE_NAME AS TEN_DOI_TUONG, W.V_ORIGIN AS TEN_DANH_SACH_THEO_DOI, -- W.N_STATUS_CD AS TRANG_THAI, W.V_WHITE_ENTITY_NAME AS DOI_TUONG_THUOC_DANH_SACH_THEO_DOI, W.V_RECORD_ID AS MA_BAN_GHI_DANH_SACH_THEO_DOI FROM FCC_WHITELIST W WHERE W.D_EXPIRE_ON IS NOT NULL AND TRUNC(W.D_EXPIRE_ON) BETWEEN TO_DATE(:FROM_DATE, 'DD/MM/YYYY') AND TO_DATE(:TO_DATE, 'DD/MM/YYYY') AND W.N_STATUS_CD = 22 ORDER BY W.D_EXPIRE_ON, W.N_WHITELIST_ID; | F45: Bản ghi có ngày hết hạn = Expiry Date VẪN được lấy vào báo cáo | G45: SIT | H45: High | I45: Manual | J45: Passed | K45: Untested | M45: Anh HoangLV trao đổi với KH về dữ liệu phần này
A46: TF_RP4_04_05 | B46: Kiểm tra kỳ tra cứu không có bản ghi đến hạn | D46: 1. Đăng nhập vào Oracle Analytics Server 2. Mở báo cáo "Báo cáo theo dõi Danh sách Good Guy sắp đến ngày hạn" 3. Nhập Expiry Date 4. Nhấn Apply | E46: SELECT W.N_WHITELIST_ID AS ID_DOI_TUONG_GOOD_GUY, W.D_EXPIRE_ON AS THOI_GIAN_HET_HAN_CUA_BAN_GHI, W.V_WHITE_NAME AS TEN_DOI_TUONG, W.V_ORIGIN AS TEN_DANH_SACH_THEO_DOI, -- W.N_STATUS_CD AS TRANG_THAI, W.V_WHITE_ENTITY_NAME AS DOI_TUONG_THUOC_DANH_SACH_THEO_DOI, W.V_RECORD_ID AS MA_BAN_GHI_DANH_SACH_THEO_DOI FROM FCC_WHITELIST W WHERE W.D_EXPIRE_ON IS NOT NULL AND TRUNC(W.D_EXPIRE_ON) BETWEEN TO_DATE(:FROM_DATE, 'DD/MM/YYYY') AND TO_DATE(:TO_DATE, 'DD/MM/YYYY') AND W.N_STATUS_CD = 22 ORDER BY W.D_EXPIRE_ON, W.N_WHITELIST_ID; | F46: Hệ thống hiển thị báo cáo rỗng, không phát sinh lỗi | G46: SIT | H46: High | I46: Manual | J46: Passed | K46: Untested | M46: Anh HoangLV trao đổi với KH về dữ liệu phần này

Sheet Report_05
A1: Functions | B1: =Cover!E11 -> DỰ ÁN TRIỂN KHAI BẢN QUYỀN PHẦN MỀM HỆ THỐNG AML MỚI
A2: Build Version | B2: v1.0
A4: ROUND 2
B5: High | C5: Medium | D5: Low | E5: Total
B6: =SUM(B7:B11) -> 15 | C6: =SUM(C7:C11) -> 16 | D6: =SUM(D7:D11) -> 0 | E6: =SUM(B6:D6) -> 31
A7: Passed | B7: =COUNTIFS($J:$J,$A7,$H:$H,B$5) -> 13 | C7: =COUNTIFS($J:$J,$A7,$H:$H,C$5) -> 16 | D7: =COUNTIFS($J:$J,$A7,$H:$H,D$5) -> 0 | E7: =SUM(B7:D7) -> 29
A8: Failed | B8: =COUNTIFS($J:$J,$A8,$H:$H,B$5) -> 0 | C8: =COUNTIFS($J:$J,$A8,$H:$H,C$5) -> 0 | D8: =COUNTIFS($J:$J,$A8,$H:$H,D$5) -> 0 | E8: =SUM(B8:D8) -> 0
A9: Pending | B9: =COUNTIFS($J:$J,$A9,$H:$H,B$5) -> 2 | C9: =COUNTIFS($J:$J,$A9,$H:$H,C$5) -> 0 | D9: =COUNTIFS($J:$J,$A9,$H:$H,D$5) -> 0 | E9: =SUM(B9:D9) -> 2
A10: Cancel | B10: =COUNTIFS($J:$J,$A10,$H:$H,B$5) -> 0 | C10: =COUNTIFS($J:$J,$A10,$H:$H,C$5) -> 0 | D10: =COUNTIFS($J:$J,$A10,$H:$H,D$5) -> 0 | E10: =SUM(B10:D10) -> 0
A11: Untested | B11: =COUNTIFS($J:$J,$A11,$H:$H,B$5) -> 0 | C11: =COUNTIFS($J:$J,$A11,$H:$H,C$5) -> 0 | D11: =COUNTIFS($J:$J,$A11,$H:$H,D$5) -> 0 | E11: =SUM(B11:D11) -> 0
A12: Next | B12: =COUNTIFS($J:$J,$A12,$H:$H,B$5) -> 0 | C12: =COUNTIFS($J:$J,$A12,$H:$H,C$5) -> 0 | D12: =COUNTIFS($J:$J,$A12,$H:$H,D$5) -> 0 | E12: =SUM(B12:D12) -> 0
A14: ROUND 3
B15: High | C15: Medium | D15: Low | E15: Total
B16: =SUM(B17:B21) -> 15 | C16: =SUM(C17:C21) -> 16 | D16: =SUM(D17:D21) -> 0 | E16: =SUM(B16:D16) -> 31
A17: Passed | B17: =COUNTIFS($K:$K,$A17,$H:$H,B$15) -> 0 | C17: =COUNTIFS($K:$K,$A17,$H:$H,C$15) -> 0 | D17: =COUNTIFS($K:$K,$A17,$H:$H,D$15) -> 0 | E17: =SUM(B17:D17) -> 0
A18: Failed | B18: =COUNTIFS($K:$K,$A18,$H:$H,B$15) -> 0 | C18: =COUNTIFS($K:$K,$A18,$H:$H,C$15) -> 0 | D18: =COUNTIFS($K:$K,$A18,$H:$H,D$15) -> 0 | E18: =SUM(B18:D18) -> 0
A19: Pending | B19: =COUNTIFS($K:$K,$A19,$H:$H,B$15) -> 0 | C19: =COUNTIFS($K:$K,$A19,$H:$H,C$15) -> 0 | D19: =COUNTIFS($K:$K,$A19,$H:$H,D$15) -> 0 | E19: =SUM(B19:D19) -> 0
A20: Cancel | B20: =COUNTIFS($K:$K,$A20,$H:$H,B$15) -> 0 | C20: =COUNTIFS($K:$K,$A20,$H:$H,C$15) -> 0 | D20: =COUNTIFS($K:$K,$A20,$H:$H,D$15) -> 0 | E20: =SUM(B20:D20) -> 0
A21: Untested | B21: =COUNTIFS($K:$K,$A21,$H:$H,B$15) -> 15 | C21: =COUNTIFS($K:$K,$A21,$H:$H,C$15) -> 16 | D21: =COUNTIFS($K:$K,$A21,$H:$H,D$15) -> 0 | E21: =SUM(B21:D21) -> 31
A22: Next | B22: =COUNTIFS($K:$K,$A22,$H:$H,B$15) -> 0 | C22: =COUNTIFS($K:$K,$A22,$H:$H,C$15) -> 0 | D22: =COUNTIFS($K:$K,$A22,$H:$H,D$15) -> 0 | E22: =SUM(B22:D22) -> 0
A26: Test case Id | B26: Test case Title | C26: Pre-conditions | D26: Test Step | E26: Test Datas | F26: Expected result | G26: Test Environment | H26: Priority | I26: Automation Status | J26: 2st Test Results | K26: 3nd Test Results | L26: BugID | M26: Notes
A27: TF_RP5_01 | B27: Kiểm tra tiêu chí đầu vào báo cáo và các nút chức năng
A28: TF_RP5_01_01 | B28: Kiểm tra hiển thị các trường tham số | D28: 1. Đăng nhập vào Oracle Analytics Server 2. Mở báo cáo "Báo cáo các giao dịch đã bị từ chối" | F28: Người dùng xem được các trường thông tin: - Từ ngày - Đến ngày - Đơn vị Các nút chức năng: - Apply - Reset | G28: SIT | H28: Medium | I28: Manual | J28: Passed | K28: Untested
A29: TF_RP5_01_02 | B29: Kiểm tra tham số Từ ngày | D29: 1. Đăng nhập vào Oracle Analytics Server 2. Mở báo cáo "Báo cáo các giao dịch đã bị từ chối" 3. Kiểm tra tham số Từ ngày | F29: Hệ thống cho người dùng chọn theo bảng lịch, hiển thị dạng dd/mm/yyyy | G29: SIT | H29: Medium | I29: Manual | J29: Passed | K29: Untested
A30: TF_RP5_01_03 | B30: Kiểm tra tham số Đến ngày | D30: 1. Đăng nhập vào Oracle Analytics Server 2. Mở báo cáo "Báo cáo các giao dịch đã bị từ chối" 3. Kiểm tra tham số Đến ngày | F30: Hệ thống cho người dùng chọn theo bảng lịch, hiển thị dạng dd/mm/yyyy | G30: SIT | H30: Medium | I30: Manual | J30: Passed | K30: Untested
A31: TF_RP5_01_04 | B31: Kiểm tra tham số Đơn vị | D31: 1. Đăng nhập vào Oracle Analytics Server 2. Mở báo cáo "Báo cáo các giao dịch đã bị từ chối" 3. Kiểm tra tham số Đơn vị | F31: Hệ thống hiển thị danh sách các chi nhánh/PGD, cho phép người dùng chọn một hoặc nhiều và không bắt buộc chọn | G31: SIT | H31: Medium | I31: Manual | J31: Passed | K31: Untested
A32: TF_RP5_01_05 | B32: Kiểm tra nút chức năng 'Apply' | D32: 1. Đăng nhập vào Oracle Analytics Server 2. Mở báo cáo "Báo cáo các giao dịch đã bị từ chối" 3. Nhập/Chọn thông tin các trường: - Chọn ngày trong trường 'Từ ngày' - Chọn ngày trong trường 'Đến ngày' - Nhập giá trị trường Đơn vị 4. Bấm nút chức năng 'Apply' | F32: Người dùng xem được kết quả báo cáo | G32: SIT | H32: Medium | I32: Manual | J32: Passed | K32: Untested
A33: TF_RP5_01_06 | B33: Kiểm tra nút chức năng 'Reset' | D33: 1. Đăng nhập vào Oracle Analytics Server 2. Mở báo cáo "Báo cáo các giao dịch đã bị từ chối" 3. Nhập/Chọn thông tin các trường: - Chọn ngày trong trường 'Từ ngày' - Chọn ngày trong trường 'Đến ngày' - Nhập giá trị trường Đơn vị 4. Bấm nút chức năng 'Reset' | F33: Hệ thống đặt lại tiêu chí lọc của người dùng theo lựa chọn tương ứng: - Reset to last applied values: Đặt lại về giá trị lọc trước đó - Reset to default values: Đặt lại về giá trị lọc của báo cáo - Clear All: Đặt lại toàn bộ tiêu chí lọc | G33: SIT | H33: Medium | I33: Manual | J33: Passed | K33: Untested
A34: TF_RP5_02 | B34: Kiểm tra tiêu chí đầu ra mong muốn
A35: TF_RP5_02_01 | B35: Kiểm tra hiển thị báo cáo | C35: 1. NSD có quyền truy cập báo cáo. 2. Đã có giao dịch bị từ chối (True HIT) hoặc Knocked-out được xử lý trong kỳ báo cáo. | D35: 1. Đăng nhập vào Oracle Analytics Server 2. Mở báo cáo "Báo cáo các giao dịch đã bị từ chối" 3. Nhập các tiêu chí lọc và đảm bảo nhập đủ các tiêu chí bắt buộc nhập 4. Bấm nút chức năng 'Apply' | E35: --report 5 (Fixed duplicate) SELECT ROW_NUMBER() OVER (ORDER BY T.ngay_thuc_hien_xu_ly_canh_bao DESC NULLS LAST) AS stt, T.* FROM ( SELECT CASE WHEN FSI_RT_ALERTS.N_STATUS_CD = '126' THEN TO_CHAR('KNOCK-OUT') ELSE TO_CHAR(FSI_RT_ALERTS.N_ALERT_ID) END AS id_cua_canh_bao, JSON_VALUE(FSI_RT_RAW_DATA.C_EXT_DATA, '$.transactionId') AS ma_giao_dich, FSI_RT_RAW_DATA.V_GRP_MSG_TYPE AS loai_dien, LIST_FSI_RT_AL_WLS_RESPONSE.LIST_V_MATCHED_SUBLIST_NAME AS danh_sach_trung_khop, FSI_RT_ALERTS.D_MODIFIED AS ngay_thuc_hien_xu_ly_canh_bao, FSI_RT_AL_COMMENTS_REASON.V_COMMENTS AS ly_do_bi_tu_choi, COALESCE( TRIM(JSON_VALUE(FSI_RT_RAW_DATA.C_EXT_DATA, '$.branchCd')), MAP_BRANCH.V_BRANCH_CODES ) AS ma_don_vi_chi_nhanh, FSI_RT_AL_COMMENTS_MKR.USER_MKR_ID AS cap_maker, FSI_RT_AL_COMMENTS_CKR.USER_CKR_ID AS cap_checker, FSI_RT_AL_COMMENTS_AML.USER_AML_ID AS cap_aml FROM FSI_RT_ALERTS -- Gom nhóm WLS response để đảm bảo 1 N_GRP_MSG_ID chỉ có tối đa 1 dòng LEFT JOIN ( SELECT N_GRP_MSG_ID, LISTAGG(V_MATCHED_SUBLIST_NAME, ';') WITHIN GROUP (ORDER BY V_MATCHED_SUBLIST_NAME) AS LIST_V_MATCHED_SUBLIST_NAME FROM FSI_RT_AL_WLS_RESPONSE GROUP BY N_GRP_MSG_ID ) LIST_FSI_RT_AL_WLS_RESPONSE ON FSI_RT_ALERTS.N_GRP_MSG_ID = LIST_FSI_RT_AL_WLS_RESPONSE.N_GRP_MSG_ID JOIN FSI_RT_RAW_DATA ON FSI_RT_ALERTS.N_GRP_MSG_ID = FSI_RT_RAW_DATA.N_GRP_MSG_ID -- ⚠️ ĐÃ XÓA BỎ đoạn JOIN FSI_RT_AL_WLS_RESPONSE gốc bị trùng lặp ở đây. -- Nếu bạn cần lấy các mã Webservice hay Status cụ thể từ bảng Response, -- ta sẽ lấy theo dạng đại diện hoặc gom nhóm tương tự, tránh dùng JOIN trực tiếp gây nhân bản. LEFT JOIN MSB_GRPMSGTY_BRANCH_MAP MAP_BRANCH ON MAP_BRANCH.V_GRP_MSG_TYPE = FSI_RT_RAW_DATA.V_GRP_MSG_TYPE LEFT JOIN ( SELECT C.* FROM ( SELECT C.*, ROW_NUMBER() OVER (PARTITION BY C.N_ALERT_ID ORDER BY C.N_USR_COMMENT_ID DESC) AS RN FROM FSI_RT_AL_COMMENTS C WHERE C.N_ACTION_ID IN (128, 131, 135) ) C WHERE C.RN = 1 ) FSI_RT_AL_COMMENTS_REASON ON FSI_RT_ALERTS.N_ALERT_ID = FSI_RT_AL_COMMENTS_REASON.N_ALERT_ID LEFT JOIN ( SELECT N_ALERT_ID, LISTAGG(V_USR_ID, ';') WITHIN GROUP (ORDER BY V_USR_ID) AS USER_MKR_ID FROM ( SELECT DISTINCT C.N_ALERT_ID, C.V_USR_ID FROM FSI_RT_AL_COMMENTS C WHERE C.N_ACTION_ID IN (7, 8, 127, 128, 129) AND EXISTS (SELECT 1 FROM CSSMS_USR_GROUP_MAP G WHERE G.V_GROUP_CODE = 'MSBTFMKGRP' AND G.V_USR_ID = C.V_USR_ID) ) GROUP BY N_ALERT_ID ) FSI_RT_AL_COMMENTS_MKR ON FSI_RT_AL_COMMENTS_MKR.N_ALERT_ID = FSI_RT_ALERTS.N_ALERT_ID LEFT JOIN ( SELECT N_ALERT_ID, LISTAGG(V_USR_ID, ';') WITHIN GROUP (ORDER BY V_USR_ID) AS USER_CKR_ID FROM ( SELECT DISTINCT C.N_ALERT_ID, C.V_USR_ID FROM FSI_RT_AL_COMMENTS C WHERE C.N_ACTION_ID IN (7, 8, 130, 131, 132, 133) AND EXISTS (SELECT 1 FROM CSSMS_USR_GROUP_MAP G WHERE G.V_GROUP_CODE = 'MSBTFCHGRP' AND G.V_USR_ID = C.V_USR_ID) ) GROUP BY N_ALERT_ID ) FSI_RT_AL_COMMENTS_CKR ON FSI_RT_AL_COMMENTS_CKR.N_ALERT_ID = FSI_RT_ALERTS.N_ALERT_ID LEFT JOIN ( SELECT N_ALERT_ID, LISTAGG(V_USR_ID, ';') WITHIN GROUP (ORDER BY V_USR_ID) AS USER_AML_ID FROM ( SELECT DISTINCT C.N_ALERT_ID, C.V_USR_ID FROM FSI_RT_AL_COMMENTS C WHERE C.N_ACTION_ID IN (7, 8, 134, 135, 136) AND EXISTS (SELECT 1 FROM CSSMS_USR_GROUP_MAP G WHERE G.V_GROUP_CODE = 'MSBTFAMLGRP' AND G.V_USR_ID = C.V_USR_ID) ) GROUP BY N_ALERT_ID ) FSI_RT_AL_COMMENTS_AML ON FSI_RT_AL_COMMENTS_AML.N_ALERT_ID = FSI_RT_ALERTS.N_ALERT_ID WHERE (TRUNC(FSI_RT_ALERTS.D_CREATED) >= TRUNC(DATE '2026-09-01')) AND (TRUNC(FSI_RT_ALERTS.D_CREATED) <= TRUNC(DATE '2026-09-16')) AND FSI_RT_ALERTS.N_STATUS_CD IN (128, 131, 135) ) T WHERE -- 1) Lọc P_DON_VI (danh sách CSV) trên ma_don_vi_chi_nhanh đã suy ra ( :P_DON_VI IS NULL OR TRIM(:P_DON_VI) IS NULL OR UPPER(TRIM(:P_DON_VI)) IN ('NULL', 'ALL', '%') OR EXISTS ( SELECT 1 FROM ( SELECT TRIM(REGEXP_SUBSTR(:P_DON_VI, '[^,]+', 1, LEVEL)) AS token FROM dual CONNECT BY LEVEL <= REGEXP_COUNT(:P_DON_VI, ',') + 1 ) U WHERE U.token IS NOT NULL AND ',' || UPPER(REPLACE(T.ma_don_vi_chi_nhanh, ' ', '')) || ',' LIKE '%,' || UPPER(REPLACE(U.token, ' ', '')) || ',%' ) ) -- 2) Phân quyền: ADMIN thấy tất cả, còn lại giao với branch được cấp AND ( EXISTS ( SELECT 1 FROM USER_ROLE_MAP ADM WHERE ADM.ROLE = 'ADMIN' AND UPPER(ADM.USERNAME) = UPPER(:P_USER_ID) ) OR EXISTS ( SELECT 1 FROM USER_ROLE_MAP URM WHERE UPPER(URM.USERNAME) = UPPER(:P_USER_ID) AND ',' || UPPER(REPLACE(T.ma_don_vi_chi_nhanh, ' ', '')) || ',' LIKE '%,' || UPPER(REPLACE(URM.BRANCH_CD, ' ', '')) || ',%' ) ) ORDER BY T.ngay_thuc_hien_xu_ly_canh_bao DESC NULLS LAST; | F35: Người dùng xem được báo cáo hiển thị kết quả đầu ra bao gồm các trường thông tin sau: - STT - ID của cảnh báo (alert) - Mã giao dịch - Loại điện - Danh sách trùng khớp - Ngày thực hiện xử lý cảnh báo - Lý do bị từ chối - Cấp Maker - Cấp Checker - Cấp AML - Mã Đơn vị/Chi nhánh | G35: SIT | H35: High | I35: Manual | J35: Passed | K35: Untested
A36: TF_RP5_02_02 | B36: Kiểm tra giá trị trường STT | D36: 1. Đăng nhập vào Oracle Analytics Server 2. Mở báo cáo "Báo cáo các giao dịch đã bị từ chối" 3. Nhập các tiêu chí lọc và đảm bảo nhập đủ các tiêu chí bắt buộc nhập 4. Bấm nút chức năng 'Apply' | F36: Hệ thống hiển thị trường STT theo thứ tự tăng dần | G36: SIT | H36: Medium | I36: Manual | J36: Passed | K36: Untested
A37: TF_RP5_02_03 | B37: Kiểm tra giá trị trường ID của cảnh báo (alert) | D37: 1. Đăng nhập vào Oracle Analytics Server 2. Mở báo cáo "Báo cáo các giao dịch đã bị từ chối" 3. Nhập các tiêu chí lọc và đảm bảo nhập đủ các tiêu chí bắt buộc nhập 4. Bấm nút chức năng 'Apply' | F37: Hệ thống hiển thị giá trị trường ID của cảnh báo (alert) | G37: SIT | H37: Medium | I37: Manual | J37: Passed | K37: Untested
A38: TF_RP5_02_04 | B38: Kiểm tra giá trị trường Mã giao dịch | D38: 1. Đăng nhập vào Oracle Analytics Server 2. Mở báo cáo "Báo cáo các giao dịch đã bị từ chối" 3. Nhập các tiêu chí lọc và đảm bảo nhập đủ các tiêu chí bắt buộc nhập 4. Bấm nút chức năng 'Apply' | F38: Hệ thống hiển thị giá trị trường Mã giao dịch | G38: SIT | H38: Medium | I38: Manual | J38: Passed | K38: Untested
A39: TF_RP5_02_05 | B39: Kiểm tra giá trị trường Loại điện | D39: 1. Đăng nhập vào Oracle Analytics Server 2. Mở báo cáo "Báo cáo các giao dịch đã bị từ chối" 3. Nhập các tiêu chí lọc và đảm bảo nhập đủ các tiêu chí bắt buộc nhập 4. Bấm nút chức năng 'Apply' | F39: Hệ thống hiển thị giá trị trường Loại điện | G39: SIT | H39: Medium | I39: Manual | J39: Passed | K39: Untested
A40: TF_RP5_02_09 | B40: Kiểm tra giá trị trường Danh sách trùng khớp | D40: 1. Đăng nhập vào Oracle Analytics Server 2. Mở báo cáo "Báo cáo các giao dịch đã bị từ chối" 3. Nhập các tiêu chí lọc và đảm bảo nhập đủ các tiêu chí bắt buộc nhập 4. Bấm nút chức năng 'Apply' | F40: Hệ thống hiển thị giá trị trường Danh sách trùng khớp | G40: SIT | H40: Medium | I40: Manual | J40: Passed | K40: Untested
A41: TF_RP5_02_13 | B41: Kiểm tra giá trị trường Ngày thực hiện xử lý cảnh báo | D41: 1. Đăng nhập vào Oracle Analytics Server 2. Mở báo cáo "Báo cáo các giao dịch đã bị từ chối" 3. Nhập các tiêu chí lọc và đảm bảo nhập đủ các tiêu chí bắt buộc nhập 4. Bấm nút chức năng 'Apply' | F41: Hệ thống hiển thị giá trị trường Ngày thực hiện xử lý cảnh báo | G41: SIT | H41: Medium | I41: Manual | J41: Passed | K41: Untested
A42: TF_RP5_02_14 | B42: Kiểm tra giá trị trường Lý do bị từ chối | D42: 1. Đăng nhập vào Oracle Analytics Server 2. Mở báo cáo "Báo cáo các giao dịch đã bị từ chối" 3. Nhập các tiêu chí lọc và đảm bảo nhập đủ các tiêu chí bắt buộc nhập 4. Bấm nút chức năng 'Apply' | F42: Hệ thống hiển thị giá trị trường Lý do bị từ chối | G42: SIT | H42: Medium | I42: Manual | J42: Passed | K42: Untested
A43: TF_RP5_02_15 | B43: Kiểm tra giá trị trường Cấp Maker | D43: 1. Đăng nhập vào Oracle Analytics Server 2. Mở báo cáo "Báo cáo các giao dịch đã bị từ chối" 3. Nhập các tiêu chí lọc và đảm bảo nhập đủ các tiêu chí bắt buộc nhập 4. Bấm nút chức năng 'Apply' | F43: Hệ thống hiển thị giá trị trường Cấp Maker | G43: SIT | H43: High | I43: Manual | J43: Passed | K43: Untested | M43: Đang không hiển thị dữ liệu lên màn hình
A44: TF_RP5_02_16 | B44: Kiểm tra giá trị trường Cấp Checker | D44: 1. Đăng nhập vào Oracle Analytics Server 2. Mở báo cáo "Báo cáo các giao dịch đã bị từ chối" 3. Nhập các tiêu chí lọc và đảm bảo nhập đủ các tiêu chí bắt buộc nhập 4. Bấm nút chức năng 'Apply' | F44: Hệ thống hiển thị giá trị trường Cấp Checker | G44: SIT | H44: Medium | I44: Manual | J44: Passed | K44: Untested
A45: TF_RP5_02_17 | B45: Kiểm tra giá trị trường Cấp AML | D45: 1. Đăng nhập vào Oracle Analytics Server 2. Mở báo cáo "Báo cáo các giao dịch đã bị từ chối" 3. Nhập các tiêu chí lọc và đảm bảo nhập đủ các tiêu chí bắt buộc nhập 4. Bấm nút chức năng 'Apply' | F45: Hệ thống hiển thị giá trị trường Cấp AML | G45: SIT | H45: Medium | I45: Manual | J45: Passed | K45: Untested
A46: TF_RP5_02_17 | B46: Kiểm tra giá trị trường Mã Đơn vị/Chi nhánh | D46: 1. Đăng nhập vào Oracle Analytics Server 2. Mở báo cáo "Báo cáo các giao dịch đã bị từ chối" 3. Nhập các tiêu chí lọc và đảm bảo nhập đủ các tiêu chí bắt buộc nhập 4. Bấm nút chức năng 'Apply' | F46: Hệ thống hiển thị giá trị trường Mã Đơn vị/Chi nhánh | G46: SIT | H46: Medium | I46: Manual | J46: Passed | K46: Untested
A47: TF_RP5_03 | B47: Kiểm tra tính năng trích xuất dữ liệu báo cáo
A48: TF_RP5_03_01 | B48: Kiểm tra tính năng cho phép xuất báo cáo theo định dạng file excel | D48: 1. Đăng nhập vào Oracle Analytics Server 2. Mở báo cáo "Báo cáo các giao dịch đã bị từ chối" 3. Trên màn hình báo cáo, người dùng click vào chữ Export ở cuối màn hình -> chọn Formatted -> Excel | F48: 1. Người dùng xuất được báo cáo theo định dạng file excel 2. Báo cáo xuất ra hiển thị thông tin trùng khớp với template | G48: SIT | H48: High | I48: Manual | J48: Passed | K48: Untested
A49: TF_RP5_03_02 | B49: Kiểm tra tính năng cho phép xuất báo cáo theo định dạng file PDF | D49: 1. Đăng nhập vào Oracle Analytics Server 2. Mở báo cáo "Báo cáo các giao dịch đã bị từ chối" 3. Trên màn hình báo cáo, người dùng click vào chữ Export ở cuối màn hình -> chọn Formatted -> PDF | F49: 1. Người dùng xuất được báo cáo theo định dạng file PDF 2. Báo cáo xuất ra hiển thị thông tin trùng khớp với template | G49: SIT | H49: High | I49: Manual | J49: Passed | K49: Untested
A50: TF_RP5_04 | B50: Kiểm tra ràng buộc tham số & logic lấy dữ liệu
A51: TF_RP5_04_01 | B51: Kiểm tra bắt buộc nhập tham số Từ ngày | D51: 1. Đăng nhập vào Oracle Analytics Server 2. Mở báo cáo "Báo cáo các giao dịch đã bị từ chối" 3. Để trống "Từ ngày" 4. Nhấn Apply | F51: Không hiển thị nút Apply để xuất báo cáo | G51: SIT | H51: High | I51: Manual | J51: Passed | K51: Untested
A52: TF_RP5_04_02 | B52: Kiểm tra bắt buộc nhập tham số Đến ngày | D52: 1. Đăng nhập vào Oracle Analytics Server 2. Mở báo cáo "Báo cáo các giao dịch đã bị từ chối" 3. Để trống "Đến ngày" 4. Nhấn Apply | F52: Không hiển thị nút Apply để xuất báo cáo | G52: SIT | H52: High | I52: Manual | J52: Passed | K52: Untested
A53: TF_RP5_04_03 | B53: Kiểm tra logic chỉ lấy giao dịch True HIT hoặc Knocked-out | C53: Kỳ báo cáo có GD True HIT, GD False HIT (đã accept) và GD Knocked-out | D53: 1. Đăng nhập vào Oracle Analytics Server 2. Mở báo cáo "Báo cáo các giao dịch đã bị từ chối" 3. Chọn kỳ báo cáo 4. Nhấn Apply | E53: --report 5 (Fixed duplicate) SELECT ROW_NUMBER() OVER (ORDER BY T.ngay_thuc_hien_xu_ly_canh_bao DESC NULLS LAST) AS stt, T.* FROM ( SELECT CASE WHEN FSI_RT_ALERTS.N_STATUS_CD = '126' THEN TO_CHAR('KNOCK-OUT') ELSE TO_CHAR(FSI_RT_ALERTS.N_ALERT_ID) END AS id_cua_canh_bao, JSON_VALUE(FSI_RT_RAW_DATA.C_EXT_DATA, '$.transactionId') AS ma_giao_dich, FSI_RT_RAW_DATA.V_GRP_MSG_TYPE AS loai_dien, LIST_FSI_RT_AL_WLS_RESPONSE.LIST_V_MATCHED_SUBLIST_NAME AS danh_sach_trung_khop, FSI_RT_ALERTS.D_MODIFIED AS ngay_thuc_hien_xu_ly_canh_bao, FSI_RT_AL_COMMENTS_REASON.V_COMMENTS AS ly_do_bi_tu_choi, COALESCE( TRIM(JSON_VALUE(FSI_RT_RAW_DATA.C_EXT_DATA, '$.branchCd')), MAP_BRANCH.V_BRANCH_CODES ) AS ma_don_vi_chi_nhanh, FSI_RT_AL_COMMENTS_MKR.USER_MKR_ID AS cap_maker, FSI_RT_AL_COMMENTS_CKR.USER_CKR_ID AS cap_checker, FSI_RT_AL_COMMENTS_AML.USER_AML_ID AS cap_aml FROM FSI_RT_ALERTS -- Gom nhóm WLS response để đảm bảo 1 N_GRP_MSG_ID chỉ có tối đa 1 dòng LEFT JOIN ( SELECT N_GRP_MSG_ID, LISTAGG(V_MATCHED_SUBLIST_NAME, ';') WITHIN GROUP (ORDER BY V_MATCHED_SUBLIST_NAME) AS LIST_V_MATCHED_SUBLIST_NAME FROM FSI_RT_AL_WLS_RESPONSE GROUP BY N_GRP_MSG_ID ) LIST_FSI_RT_AL_WLS_RESPONSE ON FSI_RT_ALERTS.N_GRP_MSG_ID = LIST_FSI_RT_AL_WLS_RESPONSE.N_GRP_MSG_ID JOIN FSI_RT_RAW_DATA ON FSI_RT_ALERTS.N_GRP_MSG_ID = FSI_RT_RAW_DATA.N_GRP_MSG_ID -- ⚠️ ĐÃ XÓA BỎ đoạn JOIN FSI_RT_AL_WLS_RESPONSE gốc bị trùng lặp ở đây. -- Nếu bạn cần lấy các mã Webservice hay Status cụ thể từ bảng Response, -- ta sẽ lấy theo dạng đại diện hoặc gom nhóm tương tự, tránh dùng JOIN trực tiếp gây nhân bản. LEFT JOIN MSB_GRPMSGTY_BRANCH_MAP MAP_BRANCH ON MAP_BRANCH.V_GRP_MSG_TYPE = FSI_RT_RAW_DATA.V_GRP_MSG_TYPE LEFT JOIN ( SELECT C.* FROM ( SELECT C.*, ROW_NUMBER() OVER (PARTITION BY C.N_ALERT_ID ORDER BY C.N_USR_COMMENT_ID DESC) AS RN FROM FSI_RT_AL_COMMENTS C WHERE C.N_ACTION_ID IN (128, 131, 135) ) C WHERE C.RN = 1 ) FSI_RT_AL_COMMENTS_REASON ON FSI_RT_ALERTS.N_ALERT_ID = FSI_RT_AL_COMMENTS_REASON.N_ALERT_ID LEFT JOIN ( SELECT N_ALERT_ID, LISTAGG(V_USR_ID, ';') WITHIN GROUP (ORDER BY V_USR_ID) AS USER_MKR_ID FROM ( SELECT DISTINCT C.N_ALERT_ID, C.V_USR_ID FROM FSI_RT_AL_COMMENTS C WHERE C.N_ACTION_ID IN (7, 8, 127, 128, 129) AND EXISTS (SELECT 1 FROM CSSMS_USR_GROUP_MAP G WHERE G.V_GROUP_CODE = 'MSBTFMKGRP' AND G.V_USR_ID = C.V_USR_ID) ) GROUP BY N_ALERT_ID ) FSI_RT_AL_COMMENTS_MKR ON FSI_RT_AL_COMMENTS_MKR.N_ALERT_ID = FSI_RT_ALERTS.N_ALERT_ID LEFT JOIN ( SELECT N_ALERT_ID, LISTAGG(V_USR_ID, ';') WITHIN GROUP (ORDER BY V_USR_ID) AS USER_CKR_ID FROM ( SELECT DISTINCT C.N_ALERT_ID, C.V_USR_ID FROM FSI_RT_AL_COMMENTS C WHERE C.N_ACTION_ID IN (7, 8, 130, 131, 132, 133) AND EXISTS (SELECT 1 FROM CSSMS_USR_GROUP_MAP G WHERE G.V_GROUP_CODE = 'MSBTFCHGRP' AND G.V_USR_ID = C.V_USR_ID) ) GROUP BY N_ALERT_ID ) FSI_RT_AL_COMMENTS_CKR ON FSI_RT_AL_COMMENTS_CKR.N_ALERT_ID = FSI_RT_ALERTS.N_ALERT_ID LEFT JOIN ( SELECT N_ALERT_ID, LISTAGG(V_USR_ID, ';') WITHIN GROUP (ORDER BY V_USR_ID) AS USER_AML_ID FROM ( SELECT DISTINCT C.N_ALERT_ID, C.V_USR_ID FROM FSI_RT_AL_COMMENTS C WHERE C.N_ACTION_ID IN (7, 8, 134, 135, 136) AND EXISTS (SELECT 1 FROM CSSMS_USR_GROUP_MAP G WHERE G.V_GROUP_CODE = 'MSBTFAMLGRP' AND G.V_USR_ID = C.V_USR_ID) ) GROUP BY N_ALERT_ID ) FSI_RT_AL_COMMENTS_AML ON FSI_RT_AL_COMMENTS_AML.N_ALERT_ID = FSI_RT_ALERTS.N_ALERT_ID WHERE (TRUNC(FSI_RT_ALERTS.D_CREATED) >= TRUNC(DATE '2026-09-01')) AND (TRUNC(FSI_RT_ALERTS.D_CREATED) <= TRUNC(DATE '2026-09-16')) AND FSI_RT_ALERTS.N_STATUS_CD IN (128, 131, 135) ) T WHERE -- 1) Lọc P_DON_VI (danh sách CSV) trên ma_don_vi_chi_nhanh đã suy ra ( :P_DON_VI IS NULL OR TRIM(:P_DON_VI) IS NULL OR UPPER(TRIM(:P_DON_VI)) IN ('NULL', 'ALL', '%') OR EXISTS ( SELECT 1 FROM ( SELECT TRIM(REGEXP_SUBSTR(:P_DON_VI, '[^,]+', 1, LEVEL)) AS token FROM dual CONNECT BY LEVEL <= REGEXP_COUNT(:P_DON_VI, ',') + 1 ) U WHERE U.token IS NOT NULL AND ',' || UPPER(REPLACE(T.ma_don_vi_chi_nhanh, ' ', '')) || ',' LIKE '%,' || UPPER(REPLACE(U.token, ' ', '')) || ',%' ) ) -- 2) Phân quyền: ADMIN thấy tất cả, còn lại giao với branch được cấp AND ( EXISTS ( SELECT 1 FROM USER_ROLE_MAP ADM WHERE ADM.ROLE = 'ADMIN' AND UPPER(ADM.USERNAME) = UPPER(:P_USER_ID) ) OR EXISTS ( SELECT 1 FROM USER_ROLE_MAP URM WHERE UPPER(URM.USERNAME) = UPPER(:P_USER_ID) AND ',' || UPPER(REPLACE(T.ma_don_vi_chi_nhanh, ' ', '')) || ',' LIKE '%,' || UPPER(REPLACE(URM.BRANCH_CD, ' ', '')) || ',%' ) ) ORDER BY T.ngay_thuc_hien_xu_ly_canh_bao DESC NULLS LAST; | F53: Báo cáo CHỈ hiển thị giao dịch được xác định True HIT (Close Deny) hoặc Knocked-out | G53: SIT | H53: High | I53: Manual | J53: Passed | K53: Untested
A54: TF_RP5_04_04 | B54: Kiểm tra giá trị Cấp Maker | C54: Có cảnh báo được nhiều Maker xử lý, có cả user chỉ View | D54: 1. Đăng nhập vào Oracle Analytics Server 2. Mở báo cáo "Báo cáo các giao dịch đã bị từ chối" 3. Chọn kỳ báo cáo 4. Nhấn Apply 5. Đối chiếu với log xử lý cảnh báo | F54: Hiển thị tất cả Maker tham gia xử lý, KHÔNG tính user chỉ View | G54: SIT | H54: High | I54: Manual | J54: Passed | K54: Untested
A55: TF_RP5_04_05 | B55: Kiểm tra giá trị Cấp Checker | C55: Có cảnh báo được nhiều Checker xử lý, có cả user chỉ View | D55: 1. Đăng nhập vào Oracle Analytics Server 2. Mở báo cáo "Báo cáo các giao dịch đã bị từ chối" 3. Chọn kỳ báo cáo 4. Nhấn Apply 5. Đối chiếu với log xử lý cảnh báo | F55: Hiển thị tất cả Checker tham gia xử lý, KHÔNG tính user chỉ View | G55: SIT | H55: High | I55: Manual | J55: Passed | K55: Untested
A56: TF_RP5_04_06 | B56: Kiểm tra giá trị Cấp AML | C56: Có cảnh báo được nhiều Checker xử lý, có cả user chỉ View | D56: 1. Đăng nhập vào Oracle Analytics Server 2. Mở báo cáo "Báo cáo các giao dịch đã bị từ chối" 3. Chọn kỳ báo cáo 4. Nhấn Apply 5. Đối chiếu với log xử lý cảnh báo | F56: Hiển thị tất cả AML tham gia xử lý, KHÔNG tính user chỉ View | G56: SIT | H56: High | I56: Manual | J56: Passed | K56: Untested
A57: TF_RP5_04_07 | B57: Kiểm tra hiển thị báo cáo theo điều kiện chỉ nhập vào các trường bắt buộc Từ ngày - Đến ngày Thời gian của Alert = Từ ngày | D57: 1. Đăng nhập vào Oracle Analytics Server 2. Mở báo cáo "Báo cáo các giao dịch đã bị từ chối" 3. Nhập tiêu chí kỳ báo cáo 4. Nhấn Apply | E57: --report 5 (Fixed duplicate) SELECT ROW_NUMBER() OVER (ORDER BY T.ngay_thuc_hien_xu_ly_canh_bao DESC NULLS LAST) AS stt, T.* FROM ( SELECT CASE WHEN FSI_RT_ALERTS.N_STATUS_CD = '126' THEN TO_CHAR('KNOCK-OUT') ELSE TO_CHAR(FSI_RT_ALERTS.N_ALERT_ID) END AS id_cua_canh_bao, JSON_VALUE(FSI_RT_RAW_DATA.C_EXT_DATA, '$.transactionId') AS ma_giao_dich, FSI_RT_RAW_DATA.V_GRP_MSG_TYPE AS loai_dien, LIST_FSI_RT_AL_WLS_RESPONSE.LIST_V_MATCHED_SUBLIST_NAME AS danh_sach_trung_khop, FSI_RT_ALERTS.D_MODIFIED AS ngay_thuc_hien_xu_ly_canh_bao, FSI_RT_AL_COMMENTS_REASON.V_COMMENTS AS ly_do_bi_tu_choi, COALESCE( TRIM(JSON_VALUE(FSI_RT_RAW_DATA.C_EXT_DATA, '$.branchCd')), MAP_BRANCH.V_BRANCH_CODES ) AS ma_don_vi_chi_nhanh, FSI_RT_AL_COMMENTS_MKR.USER_MKR_ID AS cap_maker, FSI_RT_AL_COMMENTS_CKR.USER_CKR_ID AS cap_checker, FSI_RT_AL_COMMENTS_AML.USER_AML_ID AS cap_aml FROM FSI_RT_ALERTS -- Gom nhóm WLS response để đảm bảo 1 N_GRP_MSG_ID chỉ có tối đa 1 dòng LEFT JOIN ( SELECT N_GRP_MSG_ID, LISTAGG(V_MATCHED_SUBLIST_NAME, ';') WITHIN GROUP (ORDER BY V_MATCHED_SUBLIST_NAME) AS LIST_V_MATCHED_SUBLIST_NAME FROM FSI_RT_AL_WLS_RESPONSE GROUP BY N_GRP_MSG_ID ) LIST_FSI_RT_AL_WLS_RESPONSE ON FSI_RT_ALERTS.N_GRP_MSG_ID = LIST_FSI_RT_AL_WLS_RESPONSE.N_GRP_MSG_ID JOIN FSI_RT_RAW_DATA ON FSI_RT_ALERTS.N_GRP_MSG_ID = FSI_RT_RAW_DATA.N_GRP_MSG_ID -- ⚠️ ĐÃ XÓA BỎ đoạn JOIN FSI_RT_AL_WLS_RESPONSE gốc bị trùng lặp ở đây. -- Nếu bạn cần lấy các mã Webservice hay Status cụ thể từ bảng Response, -- ta sẽ lấy theo dạng đại diện hoặc gom nhóm tương tự, tránh dùng JOIN trực tiếp gây nhân bản. LEFT JOIN MSB_GRPMSGTY_BRANCH_MAP MAP_BRANCH ON MAP_BRANCH.V_GRP_MSG_TYPE = FSI_RT_RAW_DATA.V_GRP_MSG_TYPE LEFT JOIN ( SELECT C.* FROM ( SELECT C.*, ROW_NUMBER() OVER (PARTITION BY C.N_ALERT_ID ORDER BY C.N_USR_COMMENT_ID DESC) AS RN FROM FSI_RT_AL_COMMENTS C WHERE C.N_ACTION_ID IN (128, 131, 135) ) C WHERE C.RN = 1 ) FSI_RT_AL_COMMENTS_REASON ON FSI_RT_ALERTS.N_ALERT_ID = FSI_RT_AL_COMMENTS_REASON.N_ALERT_ID LEFT JOIN ( SELECT N_ALERT_ID, LISTAGG(V_USR_ID, ';') WITHIN GROUP (ORDER BY V_USR_ID) AS USER_MKR_ID FROM ( SELECT DISTINCT C.N_ALERT_ID, C.V_USR_ID FROM FSI_RT_AL_COMMENTS C WHERE C.N_ACTION_ID IN (7, 8, 127, 128, 129) AND EXISTS (SELECT 1 FROM CSSMS_USR_GROUP_MAP G WHERE G.V_GROUP_CODE = 'MSBTFMKGRP' AND G.V_USR_ID = C.V_USR_ID) ) GROUP BY N_ALERT_ID ) FSI_RT_AL_COMMENTS_MKR ON FSI_RT_AL_COMMENTS_MKR.N_ALERT_ID = FSI_RT_ALERTS.N_ALERT_ID LEFT JOIN ( SELECT N_ALERT_ID, LISTAGG(V_USR_ID, ';') WITHIN GROUP (ORDER BY V_USR_ID) AS USER_CKR_ID FROM ( SELECT DISTINCT C.N_ALERT_ID, C.V_USR_ID FROM FSI_RT_AL_COMMENTS C WHERE C.N_ACTION_ID IN (7, 8, 130, 131, 132, 133) AND EXISTS (SELECT 1 FROM CSSMS_USR_GROUP_MAP G WHERE G.V_GROUP_CODE = 'MSBTFCHGRP' AND G.V_USR_ID = C.V_USR_ID) ) GROUP BY N_ALERT_ID ) FSI_RT_AL_COMMENTS_CKR ON FSI_RT_AL_COMMENTS_CKR.N_ALERT_ID = FSI_RT_ALERTS.N_ALERT_ID LEFT JOIN ( SELECT N_ALERT_ID, LISTAGG(V_USR_ID, ';') WITHIN GROUP (ORDER BY V_USR_ID) AS USER_AML_ID FROM ( SELECT DISTINCT C.N_ALERT_ID, C.V_USR_ID FROM FSI_RT_AL_COMMENTS C WHERE C.N_ACTION_ID IN (7, 8, 134, 135, 136) AND EXISTS (SELECT 1 FROM CSSMS_USR_GROUP_MAP G WHERE G.V_GROUP_CODE = 'MSBTFAMLGRP' AND G.V_USR_ID = C.V_USR_ID) ) GROUP BY N_ALERT_ID ) FSI_RT_AL_COMMENTS_AML ON FSI_RT_AL_COMMENTS_AML.N_ALERT_ID = FSI_RT_ALERTS.N_ALERT_ID WHERE (TRUNC(FSI_RT_ALERTS.D_CREATED) >= TRUNC(DATE '2026-09-14')) AND (TRUNC(FSI_RT_ALERTS.D_CREATED) <= TRUNC(DATE '2026-09-15')) AND FSI_RT_ALERTS.N_STATUS_CD IN (128, 131, 135) ) T WHERE -- 1) Lọc P_DON_VI (danh sách CSV) trên ma_don_vi_chi_nhanh đã suy ra ( :P_DON_VI IS NULL OR TRIM(:P_DON_VI) IS NULL OR UPPER(TRIM(:P_DON_VI)) IN ('NULL', 'ALL', '%') OR EXISTS ( SELECT 1 FROM ( SELECT TRIM(REGEXP_SUBSTR(:P_DON_VI, '[^,]+', 1, LEVEL)) AS token FROM dual CONNECT BY LEVEL <= REGEXP_COUNT(:P_DON_VI, ',') + 1 ) U WHERE U.token IS NOT NULL AND ',' || UPPER(REPLACE(T.ma_don_vi_chi_nhanh, ' ', '')) || ',' LIKE '%,' || UPPER(REPLACE(U.token, ' ', '')) || ',%' ) ) -- 2) Phân quyền: ADMIN thấy tất cả, còn lại giao với branch được cấp AND ( EXISTS ( SELECT 1 FROM USER_ROLE_MAP ADM WHERE ADM.ROLE = 'ADMIN' AND UPPER(ADM.USERNAME) = UPPER(:P_USER_ID) ) OR EXISTS ( SELECT 1 FROM USER_ROLE_MAP URM WHERE UPPER(URM.USERNAME) = UPPER(:P_USER_ID) AND ',' || UPPER(REPLACE(T.ma_don_vi_chi_nhanh, ' ', '')) || ',' LIKE '%,' || UPPER(REPLACE(URM.BRANCH_CD, ' ', '')) || ',%' ) ) ORDER BY T.ngay_thuc_hien_xu_ly_canh_bao DESC NULLS LAST; | F57: 1. Trả về đúng số lượng bản ghi theo điều kiện Xuất báo cáo 2. Dữ liệu các cột trả về theo đúng mapping so với dữ liệu | G57: SIT | H57: High | I57: Manual | J57: Passed | K57: Untested | M57: Cần anh Tuyen9 sửa lại câu truy vấn do hiện đang lấy thời gian tạo alert
A58: TF_RP5_04_08 | B58: Kiểm tra hiển thị báo cáo theo điều kiện chỉ nhập vào các trường bắt buộc Từ ngày - Đến ngày Thời gian của Alert = Đến ngày | D58: 1. Đăng nhập vào Oracle Analytics Server 2. Mở báo cáo "Báo cáo các giao dịch đã bị từ chối" 3. Nhập tiêu chí kỳ báo cáo 4. Nhấn Apply | E58: --report 5 (Fixed duplicate) SELECT ROW_NUMBER() OVER (ORDER BY T.ngay_thuc_hien_xu_ly_canh_bao DESC NULLS LAST) AS stt, T.* FROM ( SELECT CASE WHEN FSI_RT_ALERTS.N_STATUS_CD = '126' THEN TO_CHAR('KNOCK-OUT') ELSE TO_CHAR(FSI_RT_ALERTS.N_ALERT_ID) END AS id_cua_canh_bao, JSON_VALUE(FSI_RT_RAW_DATA.C_EXT_DATA, '$.transactionId') AS ma_giao_dich, FSI_RT_RAW_DATA.V_GRP_MSG_TYPE AS loai_dien, LIST_FSI_RT_AL_WLS_RESPONSE.LIST_V_MATCHED_SUBLIST_NAME AS danh_sach_trung_khop, FSI_RT_ALERTS.D_MODIFIED AS ngay_thuc_hien_xu_ly_canh_bao, FSI_RT_AL_COMMENTS_REASON.V_COMMENTS AS ly_do_bi_tu_choi, COALESCE( TRIM(JSON_VALUE(FSI_RT_RAW_DATA.C_EXT_DATA, '$.branchCd')), MAP_BRANCH.V_BRANCH_CODES ) AS ma_don_vi_chi_nhanh, FSI_RT_AL_COMMENTS_MKR.USER_MKR_ID AS cap_maker, FSI_RT_AL_COMMENTS_CKR.USER_CKR_ID AS cap_checker, FSI_RT_AL_COMMENTS_AML.USER_AML_ID AS cap_aml FROM FSI_RT_ALERTS -- Gom nhóm WLS response để đảm bảo 1 N_GRP_MSG_ID chỉ có tối đa 1 dòng LEFT JOIN ( SELECT N_GRP_MSG_ID, LISTAGG(V_MATCHED_SUBLIST_NAME, ';') WITHIN GROUP (ORDER BY V_MATCHED_SUBLIST_NAME) AS LIST_V_MATCHED_SUBLIST_NAME FROM FSI_RT_AL_WLS_RESPONSE GROUP BY N_GRP_MSG_ID ) LIST_FSI_RT_AL_WLS_RESPONSE ON FSI_RT_ALERTS.N_GRP_MSG_ID = LIST_FSI_RT_AL_WLS_RESPONSE.N_GRP_MSG_ID JOIN FSI_RT_RAW_DATA ON FSI_RT_ALERTS.N_GRP_MSG_ID = FSI_RT_RAW_DATA.N_GRP_MSG_ID -- ⚠️ ĐÃ XÓA BỎ đoạn JOIN FSI_RT_AL_WLS_RESPONSE gốc bị trùng lặp ở đây. -- Nếu bạn cần lấy các mã Webservice hay Status cụ thể từ bảng Response, -- ta sẽ lấy theo dạng đại diện hoặc gom nhóm tương tự, tránh dùng JOIN trực tiếp gây nhân bản. LEFT JOIN MSB_GRPMSGTY_BRANCH_MAP MAP_BRANCH ON MAP_BRANCH.V_GRP_MSG_TYPE = FSI_RT_RAW_DATA.V_GRP_MSG_TYPE LEFT JOIN ( SELECT C.* FROM ( SELECT C.*, ROW_NUMBER() OVER (PARTITION BY C.N_ALERT_ID ORDER BY C.N_USR_COMMENT_ID DESC) AS RN FROM FSI_RT_AL_COMMENTS C WHERE C.N_ACTION_ID IN (128, 131, 135) ) C WHERE C.RN = 1 ) FSI_RT_AL_COMMENTS_REASON ON FSI_RT_ALERTS.N_ALERT_ID = FSI_RT_AL_COMMENTS_REASON.N_ALERT_ID LEFT JOIN ( SELECT N_ALERT_ID, LISTAGG(V_USR_ID, ';') WITHIN GROUP (ORDER BY V_USR_ID) AS USER_MKR_ID FROM ( SELECT DISTINCT C.N_ALERT_ID, C.V_USR_ID FROM FSI_RT_AL_COMMENTS C WHERE C.N_ACTION_ID IN (7, 8, 127, 128, 129) AND EXISTS (SELECT 1 FROM CSSMS_USR_GROUP_MAP G WHERE G.V_GROUP_CODE = 'MSBTFMKGRP' AND G.V_USR_ID = C.V_USR_ID) ) GROUP BY N_ALERT_ID ) FSI_RT_AL_COMMENTS_MKR ON FSI_RT_AL_COMMENTS_MKR.N_ALERT_ID = FSI_RT_ALERTS.N_ALERT_ID LEFT JOIN ( SELECT N_ALERT_ID, LISTAGG(V_USR_ID, ';') WITHIN GROUP (ORDER BY V_USR_ID) AS USER_CKR_ID FROM ( SELECT DISTINCT C.N_ALERT_ID, C.V_USR_ID FROM FSI_RT_AL_COMMENTS C WHERE C.N_ACTION_ID IN (7, 8, 130, 131, 132, 133) AND EXISTS (SELECT 1 FROM CSSMS_USR_GROUP_MAP G WHERE G.V_GROUP_CODE = 'MSBTFCHGRP' AND G.V_USR_ID = C.V_USR_ID) ) GROUP BY N_ALERT_ID ) FSI_RT_AL_COMMENTS_CKR ON FSI_RT_AL_COMMENTS_CKR.N_ALERT_ID = FSI_RT_ALERTS.N_ALERT_ID LEFT JOIN ( SELECT N_ALERT_ID, LISTAGG(V_USR_ID, ';') WITHIN GROUP (ORDER BY V_USR_ID) AS USER_AML_ID FROM ( SELECT DISTINCT C.N_ALERT_ID, C.V_USR_ID FROM FSI_RT_AL_COMMENTS C WHERE C.N_ACTION_ID IN (7, 8, 134, 135, 136) AND EXISTS (SELECT 1 FROM CSSMS_USR_GROUP_MAP G WHERE G.V_GROUP_CODE = 'MSBTFAMLGRP' AND G.V_USR_ID = C.V_USR_ID) ) GROUP BY N_ALERT_ID ) FSI_RT_AL_COMMENTS_AML ON FSI_RT_AL_COMMENTS_AML.N_ALERT_ID = FSI_RT_ALERTS.N_ALERT_ID WHERE (TRUNC(FSI_RT_ALERTS.D_CREATED) >= TRUNC(DATE '2026-09-14')) AND (TRUNC(FSI_RT_ALERTS.D_CREATED) <= TRUNC(DATE '2026-09-15')) AND FSI_RT_ALERTS.N_STATUS_CD IN (128, 131, 135) ) T WHERE -- 1) Lọc P_DON_VI (danh sách CSV) trên ma_don_vi_chi_nhanh đã suy ra ( :P_DON_VI IS NULL OR TRIM(:P_DON_VI) IS NULL OR UPPER(TRIM(:P_DON_VI)) IN ('NULL', 'ALL', '%') OR EXISTS ( SELECT 1 FROM ( SELECT TRIM(REGEXP_SUBSTR(:P_DON_VI, '[^,]+', 1, LEVEL)) AS token FROM dual CONNECT BY LEVEL <= REGEXP_COUNT(:P_DON_VI, ',') + 1 ) U WHERE U.token IS NOT NULL AND ',' || UPPER(REPLACE(T.ma_don_vi_chi_nhanh, ' ', '')) || ',' LIKE '%,' || UPPER(REPLACE(U.token, ' ', '')) || ',%' ) ) -- 2) Phân quyền: ADMIN thấy tất cả, còn lại giao với branch được cấp AND ( EXISTS ( SELECT 1 FROM USER_ROLE_MAP ADM WHERE ADM.ROLE = 'ADMIN' AND UPPER(ADM.USERNAME) = UPPER(:P_USER_ID) ) OR EXISTS ( SELECT 1 FROM USER_ROLE_MAP URM WHERE UPPER(URM.USERNAME) = UPPER(:P_USER_ID) AND ',' || UPPER(REPLACE(T.ma_don_vi_chi_nhanh, ' ', '')) || ',' LIKE '%,' || UPPER(REPLACE(URM.BRANCH_CD, ' ', '')) || ',%' ) ) ORDER BY T.ngay_thuc_hien_xu_ly_canh_bao DESC NULLS LAST; | F58: 1. Trả về đúng số lượng bản ghi theo điều kiện Xuất báo cáo 2. Dữ liệu các cột trả về theo đúng mapping so với dữ liệu | G58: SIT | H58: High | I58: Manual | J58: Passed | K58: Untested | M58: Cần anh Tuyen9 sửa lại câu truy vấn do hiện đang lấy thời gian tạo alert
A59: TF_RP5_04_09 | B59: Kiểm tra hiển thị báo cáo theo điều kiện chỉ nhập vào các trường bắt buộc Từ ngày - Đến ngày Thời gian của Alert = Từ ngày ,Đến ngày | D59: 1. Đăng nhập vào Oracle Analytics Server 2. Mở báo cáo "Báo cáo các giao dịch đã bị từ chối" 3. Nhập tiêu chí kỳ báo cáo 4. Nhấn Apply | E59: --report 5 (Fixed duplicate) SELECT ROW_NUMBER() OVER (ORDER BY T.ngay_thuc_hien_xu_ly_canh_bao DESC NULLS LAST) AS stt, T.* FROM ( SELECT CASE WHEN FSI_RT_ALERTS.N_STATUS_CD = '126' THEN TO_CHAR('KNOCK-OUT') ELSE TO_CHAR(FSI_RT_ALERTS.N_ALERT_ID) END AS id_cua_canh_bao, JSON_VALUE(FSI_RT_RAW_DATA.C_EXT_DATA, '$.transactionId') AS ma_giao_dich, FSI_RT_RAW_DATA.V_GRP_MSG_TYPE AS loai_dien, LIST_FSI_RT_AL_WLS_RESPONSE.LIST_V_MATCHED_SUBLIST_NAME AS danh_sach_trung_khop, FSI_RT_ALERTS.D_MODIFIED AS ngay_thuc_hien_xu_ly_canh_bao, FSI_RT_AL_COMMENTS_REASON.V_COMMENTS AS ly_do_bi_tu_choi, COALESCE( TRIM(JSON_VALUE(FSI_RT_RAW_DATA.C_EXT_DATA, '$.branchCd')), MAP_BRANCH.V_BRANCH_CODES ) AS ma_don_vi_chi_nhanh, FSI_RT_AL_COMMENTS_MKR.USER_MKR_ID AS cap_maker, FSI_RT_AL_COMMENTS_CKR.USER_CKR_ID AS cap_checker, FSI_RT_AL_COMMENTS_AML.USER_AML_ID AS cap_aml FROM FSI_RT_ALERTS -- Gom nhóm WLS response để đảm bảo 1 N_GRP_MSG_ID chỉ có tối đa 1 dòng LEFT JOIN ( SELECT N_GRP_MSG_ID, LISTAGG(V_MATCHED_SUBLIST_NAME, ';') WITHIN GROUP (ORDER BY V_MATCHED_SUBLIST_NAME) AS LIST_V_MATCHED_SUBLIST_NAME FROM FSI_RT_AL_WLS_RESPONSE GROUP BY N_GRP_MSG_ID ) LIST_FSI_RT_AL_WLS_RESPONSE ON FSI_RT_ALERTS.N_GRP_MSG_ID = LIST_FSI_RT_AL_WLS_RESPONSE.N_GRP_MSG_ID JOIN FSI_RT_RAW_DATA ON FSI_RT_ALERTS.N_GRP_MSG_ID = FSI_RT_RAW_DATA.N_GRP_MSG_ID -- ⚠️ ĐÃ XÓA BỎ đoạn JOIN FSI_RT_AL_WLS_RESPONSE gốc bị trùng lặp ở đây. -- Nếu bạn cần lấy các mã Webservice hay Status cụ thể từ bảng Response, -- ta sẽ lấy theo dạng đại diện hoặc gom nhóm tương tự, tránh dùng JOIN trực tiếp gây nhân bản. LEFT JOIN MSB_GRPMSGTY_BRANCH_MAP MAP_BRANCH ON MAP_BRANCH.V_GRP_MSG_TYPE = FSI_RT_RAW_DATA.V_GRP_MSG_TYPE LEFT JOIN ( SELECT C.* FROM ( SELECT C.*, ROW_NUMBER() OVER (PARTITION BY C.N_ALERT_ID ORDER BY C.N_USR_COMMENT_ID DESC) AS RN FROM FSI_RT_AL_COMMENTS C WHERE C.N_ACTION_ID IN (128, 131, 135) ) C WHERE C.RN = 1 ) FSI_RT_AL_COMMENTS_REASON ON FSI_RT_ALERTS.N_ALERT_ID = FSI_RT_AL_COMMENTS_REASON.N_ALERT_ID LEFT JOIN ( SELECT N_ALERT_ID, LISTAGG(V_USR_ID, ';') WITHIN GROUP (ORDER BY V_USR_ID) AS USER_MKR_ID FROM ( SELECT DISTINCT C.N_ALERT_ID, C.V_USR_ID FROM FSI_RT_AL_COMMENTS C WHERE C.N_ACTION_ID IN (7, 8, 127, 128, 129) AND EXISTS (SELECT 1 FROM CSSMS_USR_GROUP_MAP G WHERE G.V_GROUP_CODE = 'MSBTFMKGRP' AND G.V_USR_ID = C.V_USR_ID) ) GROUP BY N_ALERT_ID ) FSI_RT_AL_COMMENTS_MKR ON FSI_RT_AL_COMMENTS_MKR.N_ALERT_ID = FSI_RT_ALERTS.N_ALERT_ID LEFT JOIN ( SELECT N_ALERT_ID, LISTAGG(V_USR_ID, ';') WITHIN GROUP (ORDER BY V_USR_ID) AS USER_CKR_ID FROM ( SELECT DISTINCT C.N_ALERT_ID, C.V_USR_ID FROM FSI_RT_AL_COMMENTS C WHERE C.N_ACTION_ID IN (7, 8, 130, 131, 132, 133) AND EXISTS (SELECT 1 FROM CSSMS_USR_GROUP_MAP G WHERE G.V_GROUP_CODE = 'MSBTFCHGRP' AND G.V_USR_ID = C.V_USR_ID) ) GROUP BY N_ALERT_ID ) FSI_RT_AL_COMMENTS_CKR ON FSI_RT_AL_COMMENTS_CKR.N_ALERT_ID = FSI_RT_ALERTS.N_ALERT_ID LEFT JOIN ( SELECT N_ALERT_ID, LISTAGG(V_USR_ID, ';') WITHIN GROUP (ORDER BY V_USR_ID) AS USER_AML_ID FROM ( SELECT DISTINCT C.N_ALERT_ID, C.V_USR_ID FROM FSI_RT_AL_COMMENTS C WHERE C.N_ACTION_ID IN (7, 8, 134, 135, 136) AND EXISTS (SELECT 1 FROM CSSMS_USR_GROUP_MAP G WHERE G.V_GROUP_CODE = 'MSBTFAMLGRP' AND G.V_USR_ID = C.V_USR_ID) ) GROUP BY N_ALERT_ID ) FSI_RT_AL_COMMENTS_AML ON FSI_RT_AL_COMMENTS_AML.N_ALERT_ID = FSI_RT_ALERTS.N_ALERT_ID WHERE (TRUNC(FSI_RT_ALERTS.D_CREATED) >= TRUNC(DATE '2026-09-14')) AND (TRUNC(FSI_RT_ALERTS.D_CREATED) <= TRUNC(DATE '2026-09-15')) AND FSI_RT_ALERTS.N_STATUS_CD IN (128, 131, 135) ) T WHERE -- 1) Lọc P_DON_VI (danh sách CSV) trên ma_don_vi_chi_nhanh đã suy ra ( :P_DON_VI IS NULL OR TRIM(:P_DON_VI) IS NULL OR UPPER(TRIM(:P_DON_VI)) IN ('NULL', 'ALL', '%') OR EXISTS ( SELECT 1 FROM ( SELECT TRIM(REGEXP_SUBSTR(:P_DON_VI, '[^,]+', 1, LEVEL)) AS token FROM dual CONNECT BY LEVEL <= REGEXP_COUNT(:P_DON_VI, ',') + 1 ) U WHERE U.token IS NOT NULL AND ',' || UPPER(REPLACE(T.ma_don_vi_chi_nhanh, ' ', '')) || ',' LIKE '%,' || UPPER(REPLACE(U.token, ' ', '')) || ',%' ) ) -- 2) Phân quyền: ADMIN thấy tất cả, còn lại giao với branch được cấp AND ( EXISTS ( SELECT 1 FROM USER_ROLE_MAP ADM WHERE ADM.ROLE = 'ADMIN' AND UPPER(ADM.USERNAME) = UPPER(:P_USER_ID) ) OR EXISTS ( SELECT 1 FROM USER_ROLE_MAP URM WHERE UPPER(URM.USERNAME) = UPPER(:P_USER_ID) AND ',' || UPPER(REPLACE(T.ma_don_vi_chi_nhanh, ' ', '')) || ',' LIKE '%,' || UPPER(REPLACE(URM.BRANCH_CD, ' ', '')) || ',%' ) ) ORDER BY T.ngay_thuc_hien_xu_ly_canh_bao DESC NULLS LAST; | F59: 1. Trả về đúng số lượng bản ghi theo điều kiện Xuất báo cáo 2. Dữ liệu các cột trả về theo đúng mapping so với dữ liệu | G59: SIT | H59: High | I59: Manual | J59: Passed | K59: Untested | M59: Cần anh Tuyen9 sửa lại câu truy vấn do hiện đang lấy thời gian tạo alert
A60: TF_RP5_04_10 | B60: Kiểm tra hiển thị báo cáo theo điều kiện chỉ nhập vào các trường bắt buộc Từ ngày - Đến ngày Trường Đơn vị chọn 1 giá trị = TTTM | D60: 1. Đăng nhập vào Oracle Analytics Server 2. Mở báo cáo "Báo cáo các giao dịch đã bị từ chối" 3. Nhập tiêu chí kỳ báo cáo 4. Nhấn Apply | E60: --report 5 (Fixed duplicate) SELECT ROW_NUMBER() OVER (ORDER BY T.ngay_thuc_hien_xu_ly_canh_bao DESC NULLS LAST) AS stt, T.* FROM ( SELECT CASE WHEN FSI_RT_ALERTS.N_STATUS_CD = '126' THEN TO_CHAR('KNOCK-OUT') ELSE TO_CHAR(FSI_RT_ALERTS.N_ALERT_ID) END AS id_cua_canh_bao, JSON_VALUE(FSI_RT_RAW_DATA.C_EXT_DATA, '$.transactionId') AS ma_giao_dich, FSI_RT_RAW_DATA.V_GRP_MSG_TYPE AS loai_dien, LIST_FSI_RT_AL_WLS_RESPONSE.LIST_V_MATCHED_SUBLIST_NAME AS danh_sach_trung_khop, FSI_RT_ALERTS.D_MODIFIED AS ngay_thuc_hien_xu_ly_canh_bao, FSI_RT_AL_COMMENTS_REASON.V_COMMENTS AS ly_do_bi_tu_choi, COALESCE( TRIM(JSON_VALUE(FSI_RT_RAW_DATA.C_EXT_DATA, '$.branchCd')), MAP_BRANCH.V_BRANCH_CODES ) AS ma_don_vi_chi_nhanh, FSI_RT_AL_COMMENTS_MKR.USER_MKR_ID AS cap_maker, FSI_RT_AL_COMMENTS_CKR.USER_CKR_ID AS cap_checker, FSI_RT_AL_COMMENTS_AML.USER_AML_ID AS cap_aml FROM FSI_RT_ALERTS -- Gom nhóm WLS response để đảm bảo 1 N_GRP_MSG_ID chỉ có tối đa 1 dòng LEFT JOIN ( SELECT N_GRP_MSG_ID, LISTAGG(V_MATCHED_SUBLIST_NAME, ';') WITHIN GROUP (ORDER BY V_MATCHED_SUBLIST_NAME) AS LIST_V_MATCHED_SUBLIST_NAME FROM FSI_RT_AL_WLS_RESPONSE GROUP BY N_GRP_MSG_ID ) LIST_FSI_RT_AL_WLS_RESPONSE ON FSI_RT_ALERTS.N_GRP_MSG_ID = LIST_FSI_RT_AL_WLS_RESPONSE.N_GRP_MSG_ID JOIN FSI_RT_RAW_DATA ON FSI_RT_ALERTS.N_GRP_MSG_ID = FSI_RT_RAW_DATA.N_GRP_MSG_ID -- ⚠️ ĐÃ XÓA BỎ đoạn JOIN FSI_RT_AL_WLS_RESPONSE gốc bị trùng lặp ở đây. -- Nếu bạn cần lấy các mã Webservice hay Status cụ thể từ bảng Response, -- ta sẽ lấy theo dạng đại diện hoặc gom nhóm tương tự, tránh dùng JOIN trực tiếp gây nhân bản. LEFT JOIN MSB_GRPMSGTY_BRANCH_MAP MAP_BRANCH ON MAP_BRANCH.V_GRP_MSG_TYPE = FSI_RT_RAW_DATA.V_GRP_MSG_TYPE LEFT JOIN ( SELECT C.* FROM ( SELECT C.*, ROW_NUMBER() OVER (PARTITION BY C.N_ALERT_ID ORDER BY C.N_USR_COMMENT_ID DESC) AS RN FROM FSI_RT_AL_COMMENTS C WHERE C.N_ACTION_ID IN (128, 131, 135) ) C WHERE C.RN = 1 ) FSI_RT_AL_COMMENTS_REASON ON FSI_RT_ALERTS.N_ALERT_ID = FSI_RT_AL_COMMENTS_REASON.N_ALERT_ID LEFT JOIN ( SELECT N_ALERT_ID, LISTAGG(V_USR_ID, ';') WITHIN GROUP (ORDER BY V_USR_ID) AS USER_MKR_ID FROM ( SELECT DISTINCT C.N_ALERT_ID, C.V_USR_ID FROM FSI_RT_AL_COMMENTS C WHERE C.N_ACTION_ID IN (7, 8, 127, 128, 129) AND EXISTS (SELECT 1 FROM CSSMS_USR_GROUP_MAP G WHERE G.V_GROUP_CODE = 'MSBTFMKGRP' AND G.V_USR_ID = C.V_USR_ID) ) GROUP BY N_ALERT_ID ) FSI_RT_AL_COMMENTS_MKR ON FSI_RT_AL_COMMENTS_MKR.N_ALERT_ID = FSI_RT_ALERTS.N_ALERT_ID LEFT JOIN ( SELECT N_ALERT_ID, LISTAGG(V_USR_ID, ';') WITHIN GROUP (ORDER BY V_USR_ID) AS USER_CKR_ID FROM ( SELECT DISTINCT C.N_ALERT_ID, C.V_USR_ID FROM FSI_RT_AL_COMMENTS C WHERE C.N_ACTION_ID IN (7, 8, 130, 131, 132, 133) AND EXISTS (SELECT 1 FROM CSSMS_USR_GROUP_MAP G WHERE G.V_GROUP_CODE = 'MSBTFCHGRP' AND G.V_USR_ID = C.V_USR_ID) ) GROUP BY N_ALERT_ID ) FSI_RT_AL_COMMENTS_CKR ON FSI_RT_AL_COMMENTS_CKR.N_ALERT_ID = FSI_RT_ALERTS.N_ALERT_ID LEFT JOIN ( SELECT N_ALERT_ID, LISTAGG(V_USR_ID, ';') WITHIN GROUP (ORDER BY V_USR_ID) AS USER_AML_ID FROM ( SELECT DISTINCT C.N_ALERT_ID, C.V_USR_ID FROM FSI_RT_AL_COMMENTS C WHERE C.N_ACTION_ID IN (7, 8, 134, 135, 136) AND EXISTS (SELECT 1 FROM CSSMS_USR_GROUP_MAP G WHERE G.V_GROUP_CODE = 'MSBTFAMLGRP' AND G.V_USR_ID = C.V_USR_ID) ) GROUP BY N_ALERT_ID ) FSI_RT_AL_COMMENTS_AML ON FSI_RT_AL_COMMENTS_AML.N_ALERT_ID = FSI_RT_ALERTS.N_ALERT_ID WHERE (TRUNC(FSI_RT_ALERTS.D_CREATED) >= TRUNC(DATE '2026-09-14')) AND (TRUNC(FSI_RT_ALERTS.D_CREATED) <= TRUNC(DATE '2026-09-15')) AND FSI_RT_ALERTS.N_STATUS_CD IN (128, 131, 135) ) T WHERE -- 1) Lọc P_DON_VI (danh sách CSV) trên ma_don_vi_chi_nhanh đã suy ra ( :P_DON_VI IS NULL OR TRIM(:P_DON_VI) IS NULL OR UPPER(TRIM(:P_DON_VI)) IN ('NULL', 'ALL', '%') OR EXISTS ( SELECT 1 FROM ( SELECT TRIM(REGEXP_SUBSTR(:P_DON_VI, '[^,]+', 1, LEVEL)) AS token FROM dual CONNECT BY LEVEL <= REGEXP_COUNT(:P_DON_VI, ',') + 1 ) U WHERE U.token IS NOT NULL AND ',' || UPPER(REPLACE(T.ma_don_vi_chi_nhanh, ' ', '')) || ',' LIKE '%,' || UPPER(REPLACE(U.token, ' ', '')) || ',%' ) ) -- 2) Phân quyền: ADMIN thấy tất cả, còn lại giao với branch được cấp AND ( EXISTS ( SELECT 1 FROM USER_ROLE_MAP ADM WHERE ADM.ROLE = 'ADMIN' AND UPPER(ADM.USERNAME) = UPPER(:P_USER_ID) ) OR EXISTS ( SELECT 1 FROM USER_ROLE_MAP URM WHERE UPPER(URM.USERNAME) = UPPER(:P_USER_ID) AND ',' || UPPER(REPLACE(T.ma_don_vi_chi_nhanh, ' ', '')) || ',' LIKE '%,' || UPPER(REPLACE(URM.BRANCH_CD, ' ', '')) || ',%' ) ) ORDER BY T.ngay_thuc_hien_xu_ly_canh_bao DESC NULLS LAST; | F60: 1. Trả về đúng số lượng bản ghi theo điều kiện Xuất báo cáo 2. Dữ liệu các cột trả về theo đúng mapping so với dữ liệu | G60: SIT | H60: High | I60: Manual | J60: Pending | K60: Untested
A61: TF_RP5_04_11 | B61: Kiểm tra hiển thị báo cáo theo điều kiện chỉ nhập vào các trường bắt buộc Từ ngày - Đến ngày Trường Đơn vị chọn tất cả các giá trị | D61: 1. Đăng nhập vào Oracle Analytics Server 2. Mở báo cáo "Báo cáo các giao dịch đã bị từ chối" 3. Nhập tiêu chí kỳ báo cáo 4. Nhấn Apply | E61: --report 5 (Fixed duplicate) SELECT ROW_NUMBER() OVER (ORDER BY T.ngay_thuc_hien_xu_ly_canh_bao DESC NULLS LAST) AS stt, T.* FROM ( SELECT CASE WHEN FSI_RT_ALERTS.N_STATUS_CD = '126' THEN TO_CHAR('KNOCK-OUT') ELSE TO_CHAR(FSI_RT_ALERTS.N_ALERT_ID) END AS id_cua_canh_bao, JSON_VALUE(FSI_RT_RAW_DATA.C_EXT_DATA, '$.transactionId') AS ma_giao_dich, FSI_RT_RAW_DATA.V_GRP_MSG_TYPE AS loai_dien, LIST_FSI_RT_AL_WLS_RESPONSE.LIST_V_MATCHED_SUBLIST_NAME AS danh_sach_trung_khop, FSI_RT_ALERTS.D_MODIFIED AS ngay_thuc_hien_xu_ly_canh_bao, FSI_RT_AL_COMMENTS_REASON.V_COMMENTS AS ly_do_bi_tu_choi, COALESCE( TRIM(JSON_VALUE(FSI_RT_RAW_DATA.C_EXT_DATA, '$.branchCd')), MAP_BRANCH.V_BRANCH_CODES ) AS ma_don_vi_chi_nhanh, FSI_RT_AL_COMMENTS_MKR.USER_MKR_ID AS cap_maker, FSI_RT_AL_COMMENTS_CKR.USER_CKR_ID AS cap_checker, FSI_RT_AL_COMMENTS_AML.USER_AML_ID AS cap_aml FROM FSI_RT_ALERTS -- Gom nhóm WLS response để đảm bảo 1 N_GRP_MSG_ID chỉ có tối đa 1 dòng LEFT JOIN ( SELECT N_GRP_MSG_ID, LISTAGG(V_MATCHED_SUBLIST_NAME, ';') WITHIN GROUP (ORDER BY V_MATCHED_SUBLIST_NAME) AS LIST_V_MATCHED_SUBLIST_NAME FROM FSI_RT_AL_WLS_RESPONSE GROUP BY N_GRP_MSG_ID ) LIST_FSI_RT_AL_WLS_RESPONSE ON FSI_RT_ALERTS.N_GRP_MSG_ID = LIST_FSI_RT_AL_WLS_RESPONSE.N_GRP_MSG_ID JOIN FSI_RT_RAW_DATA ON FSI_RT_ALERTS.N_GRP_MSG_ID = FSI_RT_RAW_DATA.N_GRP_MSG_ID -- ⚠️ ĐÃ XÓA BỎ đoạn JOIN FSI_RT_AL_WLS_RESPONSE gốc bị trùng lặp ở đây. -- Nếu bạn cần lấy các mã Webservice hay Status cụ thể từ bảng Response, -- ta sẽ lấy theo dạng đại diện hoặc gom nhóm tương tự, tránh dùng JOIN trực tiếp gây nhân bản. LEFT JOIN MSB_GRPMSGTY_BRANCH_MAP MAP_BRANCH ON MAP_BRANCH.V_GRP_MSG_TYPE = FSI_RT_RAW_DATA.V_GRP_MSG_TYPE LEFT JOIN ( SELECT C.* FROM ( SELECT C.*, ROW_NUMBER() OVER (PARTITION BY C.N_ALERT_ID ORDER BY C.N_USR_COMMENT_ID DESC) AS RN FROM FSI_RT_AL_COMMENTS C WHERE C.N_ACTION_ID IN (128, 131, 135) ) C WHERE C.RN = 1 ) FSI_RT_AL_COMMENTS_REASON ON FSI_RT_ALERTS.N_ALERT_ID = FSI_RT_AL_COMMENTS_REASON.N_ALERT_ID LEFT JOIN ( SELECT N_ALERT_ID, LISTAGG(V_USR_ID, ';') WITHIN GROUP (ORDER BY V_USR_ID) AS USER_MKR_ID FROM ( SELECT DISTINCT C.N_ALERT_ID, C.V_USR_ID FROM FSI_RT_AL_COMMENTS C WHERE C.N_ACTION_ID IN (7, 8, 127, 128, 129) AND EXISTS (SELECT 1 FROM CSSMS_USR_GROUP_MAP G WHERE G.V_GROUP_CODE = 'MSBTFMKGRP' AND G.V_USR_ID = C.V_USR_ID) ) GROUP BY N_ALERT_ID ) FSI_RT_AL_COMMENTS_MKR ON FSI_RT_AL_COMMENTS_MKR.N_ALERT_ID = FSI_RT_ALERTS.N_ALERT_ID LEFT JOIN ( SELECT N_ALERT_ID, LISTAGG(V_USR_ID, ';') WITHIN GROUP (ORDER BY V_USR_ID) AS USER_CKR_ID FROM ( SELECT DISTINCT C.N_ALERT_ID, C.V_USR_ID FROM FSI_RT_AL_COMMENTS C WHERE C.N_ACTION_ID IN (7, 8, 130, 131, 132, 133) AND EXISTS (SELECT 1 FROM CSSMS_USR_GROUP_MAP G WHERE G.V_GROUP_CODE = 'MSBTFCHGRP' AND G.V_USR_ID = C.V_USR_ID) ) GROUP BY N_ALERT_ID ) FSI_RT_AL_COMMENTS_CKR ON FSI_RT_AL_COMMENTS_CKR.N_ALERT_ID = FSI_RT_ALERTS.N_ALERT_ID LEFT JOIN ( SELECT N_ALERT_ID, LISTAGG(V_USR_ID, ';') WITHIN GROUP (ORDER BY V_USR_ID) AS USER_AML_ID FROM ( SELECT DISTINCT C.N_ALERT_ID, C.V_USR_ID FROM FSI_RT_AL_COMMENTS C WHERE C.N_ACTION_ID IN (7, 8, 134, 135, 136) AND EXISTS (SELECT 1 FROM CSSMS_USR_GROUP_MAP G WHERE G.V_GROUP_CODE = 'MSBTFAMLGRP' AND G.V_USR_ID = C.V_USR_ID) ) GROUP BY N_ALERT_ID ) FSI_RT_AL_COMMENTS_AML ON FSI_RT_AL_COMMENTS_AML.N_ALERT_ID = FSI_RT_ALERTS.N_ALERT_ID WHERE (TRUNC(FSI_RT_ALERTS.D_CREATED) >= TRUNC(DATE '2026-09-14')) AND (TRUNC(FSI_RT_ALERTS.D_CREATED) <= TRUNC(DATE '2026-09-15')) AND FSI_RT_ALERTS.N_STATUS_CD IN (128, 131, 135) ) T WHERE -- 1) Lọc P_DON_VI (danh sách CSV) trên ma_don_vi_chi_nhanh đã suy ra ( :P_DON_VI IS NULL OR TRIM(:P_DON_VI) IS NULL OR UPPER(TRIM(:P_DON_VI)) IN ('NULL', 'ALL', '%') OR EXISTS ( SELECT 1 FROM ( SELECT TRIM(REGEXP_SUBSTR(:P_DON_VI, '[^,]+', 1, LEVEL)) AS token FROM dual CONNECT BY LEVEL <= REGEXP_COUNT(:P_DON_VI, ',') + 1 ) U WHERE U.token IS NOT NULL AND ',' || UPPER(REPLACE(T.ma_don_vi_chi_nhanh, ' ', '')) || ',' LIKE '%,' || UPPER(REPLACE(U.token, ' ', '')) || ',%' ) ) -- 2) Phân quyền: ADMIN thấy tất cả, còn lại giao với branch được cấp AND ( EXISTS ( SELECT 1 FROM USER_ROLE_MAP ADM WHERE ADM.ROLE = 'ADMIN' AND UPPER(ADM.USERNAME) = UPPER(:P_USER_ID) ) OR EXISTS ( SELECT 1 FROM USER_ROLE_MAP URM WHERE UPPER(URM.USERNAME) = UPPER(:P_USER_ID) AND ',' || UPPER(REPLACE(T.ma_don_vi_chi_nhanh, ' ', '')) || ',' LIKE '%,' || UPPER(REPLACE(URM.BRANCH_CD, ' ', '')) || ',%' ) ) ORDER BY T.ngay_thuc_hien_xu_ly_canh_bao DESC NULLS LAST; | F61: 1. Trả về đúng số lượng bản ghi theo điều kiện Xuất báo cáo 2. Dữ liệu các cột trả về theo đúng mapping so với dữ liệu | G61: SIT | H61: High | I61: Manual | J61: Pending | K61: Untested

Sheet Report_Permission
A1: Functions | B1: =Cover!E11 -> DỰ ÁN TRIỂN KHAI BẢN QUYỀN PHẦN MỀM HỆ THỐNG AML MỚI
A2: Build Version | B2: v1.0
B4: High | C4: Medium | D4: Low | E4: Total
B5: =SUM(B6:B10) -> 0 | C5: =SUM(C6:C10) -> 0 | D5: =SUM(D6:D10) -> 0 | E5: =SUM(B5:D5) -> 0
A6: Passed | B6: =COUNTIFS($J:$J,$A$6,$H:$H,B$4) -> 0 | C6: =COUNTIFS($J:$J,$A$6,$H:$H,C$4) -> 0 | D6: =COUNTIFS($J:$J,$A$6,$H:$H,D$4) -> 0 | E6: =SUM(B6:D6) -> 0
A7: Failed | B7: =COUNTIFS($J:$J,$A$7,$H:$H,B$4) -> 0 | C7: =COUNTIFS($J:$J,$A$7,$H:$H,C$4) -> 0 | D7: =COUNTIFS($J:$J,$A$7,$H:$H,D$4) -> 0 | E7: =SUM(B7:D7) -> 0
A8: Untested | B8: =COUNTIFS($J:$J,$A$8,$H:$H,B$4) -> 0 | C8: =COUNTIFS($J:$J,$A$8,$H:$H,C$4) -> 0 | D8: =COUNTIFS($J:$J,$A$8,$H:$H,D$4) -> 0 | E8: =SUM(B8:D8) -> 0
A9: Accepted | B9: =COUNTIFS($J:$J,$A$9,$H:$H,B$4) -> 0 | C9: =COUNTIFS($J:$J,$A$9,$H:$H,C$4) -> 0 | D9: =COUNTIFS($J:$J,$A$9,$H:$H,D$4) -> 0 | E9: =SUM(B9:D9) -> 0
A10: Cancel | B10: =COUNTIFS($J:$J,$A$10,$H:$H,B$4) -> 0 | C10: =COUNTIFS($J:$J,$A$10,$H:$H,C$4) -> 0 | D10: =COUNTIFS($J:$J,$A$10,$H:$H,D$4) -> 0 | E10: =SUM(B10:D10) -> 0
A12: Test case Id | B12: Test case Title | C12: Pre-conditions | D12: Test Step | E12: Test Datas | F12: Expected result | G12: Test Environment | H12: Priority | I12: Automation Status | J12: 1st Test Results | K12: 2nd Test Results | L12: BugID | M12: Notes
