Workbook

Sheet Cover
E8: Test Report
C11: Project Name: | E11: DỰ ÁN TRIỂN KHAI BẢN QUYỀN PHẦN MỀM HỆ THỐNG AML MỚI | G11: Reviewer:
C12: Document Code: | E12: MSB_AML_TM_Testcase_Whitelist | G12: Position:
C13: Originator: | G13: Reviewed Date:
C14: Position: | G14: Approver:
C15: Created Date: | E15: 46157 | G15: Position:
C16: Version: | E16: 1.0 | G16: Approved Date:

Sheet Records
A1: TABLE OF CONTENT
A3: No | B3: Items | C3: Content
A4: 1 | B4: Cover | C4: Cover
A5: 2 | B5: Records | C5: Record of changes
A6: 3 | B6: Test Report | C6: Báo cáo tổng hợp tình trạng kiểm thử của module TM - Whitelist
A7: 4 | B7: Testcase Whitelist | C7: Danh sách testcase chức năng Whitelist (Module TM)
A8: 5 | B8: Legend | C8: Chú thích các giá trị dùng trong bộ testcase
A11: Effective Date | B11: A, M, D | C11: Change Description | F11: New Version | G11: Author
A12: 46157 | B12: A | C12: Tạo mới bộ testcase Whitelist (Module TM) | F12: 1

Sheet Test Report
B2: SYSTEM TEST REPORT
A5: Project | B5: DỰ ÁN TRIỂN KHAI BẢN QUYỀN PHẦN MỀM HỆ THỐNG AML MỚI | D5: Project manager
A6: Application | B6: Module TM - Whitelist | D6: Approved Date
A7: Consolidated By | D7: Reviewed By
A8: Build Versions | B8: v1.0 | D8: Reviewed date
A9: Test Environment | B9: SIT
A10: Last Updated Date
A11: Test Execution Summary
A12: Reported by
A13: Date
A14: Test Results (Round1) | B14: Passed | C14: Failed | D14: Untested | E14: Accepted | F14: Pending | G14: Cancel | H14: Total
B15: =B16 -> 0 | C15: =C16 -> 0 | D15: =D16 -> 99 | E15: =E16 -> 0 | F15: =F16 -> 0 | H15: =SUM(B15:F15) -> 99
A16: Test cases | B16: =DEF_Whitelist!F6 -> 0 | C16: =DEF_Whitelist!F7 -> 0 | D16: =DEF_Whitelist!F8 -> 99 | E16: =DEF_Whitelist!F9 -> 0 | F16: =DEF_Whitelist!F10 -> 0 | G16: =DEF_Whitelist!F11 -> 0 | H16: =SUM(B16:G16) -> 99
A18: Test Results (Round2) | B18: =B19 -> 0 | C18: =C19 -> 0 | D18: =D19 -> 99 | E18: =E19 -> 0 | F18: =F19 -> 0 | H18: =SUM(B18:F18) -> 99
A19: Test cases | B19: =DEF_Whitelist!F15 -> 0 | C19: =DEF_Whitelist!F16 -> 0 | D19: =DEF_Whitelist!F17 -> 99 | E19: =DEF_Whitelist!F18 -> 0 | F19: =DEF_Whitelist!F19 -> 0 | G19: =DEF_Whitelist!F20 -> 0 | H19: =SUM(B19:G19) -> 99
A20: Test coverage
A21: Test coverage | B21: =IFERROR((H15-D15)/H15,0) -> 0
A22: Test successful coverage | B22: =IFERROR(B15/H15,0) -> 0
A23: Issues
A24: 1. Block testing issue
A25: 2. Critical defects

Sheet DEF_Whitelist
B1: Functions | C1: DỰ ÁN TRIỂN KHAI BẢN QUYỀN PHẦN MỀM HỆ THỐNG AML MỚI
B2: Build Version | C2: v1.0 - Whitelist (Module TM)
B3: ROUND 1
C4: High | D4: Medium | E4: Low | F4: Total
C5: =SUM(C6:C10) -> 41 | D5: =SUM(D6:D10) -> 43 | E5: =SUM(E6:E10) -> 15 | F5: =SUM(C5:E5) -> 99
B6: Passed | C6: =COUNTIFS($K:$K, $B6,$I:$I,C$4) -> 0 | D6: =COUNTIFS($K:$K, $B6,$I:$I,D$4) -> 0 | E6: =COUNTIFS($K:$K, $B6,$I:$I,E$4) -> 0 | F6: =SUM(C6:E6) -> 0
B7: Failed | C7: =COUNTIFS($K:$K, $B7,$I:$I,C$4) -> 0 | D7: =COUNTIFS($K:$K, $B7,$I:$I,D$4) -> 0 | E7: =COUNTIFS($K:$K, $B7,$I:$I,E$4) -> 0 | F7: =SUM(C7:E7) -> 0
B8: Untested | C8: =COUNTIFS($K:$K, $B8,$I:$I,C$4) -> 41 | D8: =COUNTIFS($K:$K, $B8,$I:$I,D$4) -> 43 | E8: =COUNTIFS($K:$K, $B8,$I:$I,E$4) -> 15 | F8: =SUM(C8:E8) -> 99
B9: Accepted | C9: =COUNTIFS($K:$K, $B9,$I:$I,C$4) -> 0 | D9: =COUNTIFS($K:$K, $B9,$I:$I,D$4) -> 0 | E9: =COUNTIFS($K:$K, $B9,$I:$I,E$4) -> 0 | F9: =SUM(C9:E9) -> 0
B10: Pending | C10: =COUNTIFS($K:$K, $B10,$I:$I,C$4) -> 0 | D10: =COUNTIFS($K:$K, $B10,$I:$I,D$4) -> 0 | E10: =COUNTIFS($K:$K, $B10,$I:$I,E$4) -> 0 | F10: =SUM(C10:E10) -> 0
B11: Cancel | C11: =COUNTIFS($K:$K, $B11,$I:$I,C$4) -> 0 | D11: =COUNTIFS($K:$K, $B11,$I:$I,D$4) -> 0 | E11: =COUNTIFS($K:$K, $B11,$I:$I,E$4) -> 0 | F11: =SUM(C11:E11) -> 0
B12: ROUND2
C13: High | D13: Medium | E13: Low | F13: Total
C14: =SUM(C15:C19) -> 41 | D14: =SUM(D15:D19) -> 43 | E14: =SUM(E15:E19) -> 15 | F14: =SUM(C14:E14) -> 99
B15: Passed | C15: =COUNTIFS($L:$L, $B15,$I:$I,C$4) -> 0 | D15: =COUNTIFS($L:$L, $B15,$I:$I,D$4) -> 0 | E15: =COUNTIFS($L:$L, $B15,$I:$I,E$4) -> 0 | F15: =SUM(C15:E15) -> 0
B16: Failed | C16: =COUNTIFS($L:$L, $B16,$I:$I,C$4) -> 0 | D16: =COUNTIFS($L:$L, $B16,$I:$I,D$4) -> 0 | E16: =COUNTIFS($L:$L, $B16,$I:$I,E$4) -> 0 | F16: =SUM(C16:E16) -> 0
B17: Untested | C17: =COUNTIFS($L:$L, $B17,$I:$I,C$4) -> 41 | D17: =COUNTIFS($L:$L, $B17,$I:$I,D$4) -> 43 | E17: =COUNTIFS($L:$L, $B17,$I:$I,E$4) -> 15 | F17: =SUM(C17:E17) -> 99
B18: Accepted | C18: =COUNTIFS($L:$L, $B18,$I:$I,C$4) -> 0 | D18: =COUNTIFS($L:$L, $B18,$I:$I,D$4) -> 0 | E18: =COUNTIFS($L:$L, $B18,$I:$I,E$4) -> 0 | F18: =SUM(C18:E18) -> 0
B19: Pending | C19: =COUNTIFS($L:$L, $B19,$I:$I,C$4) -> 0 | D19: =COUNTIFS($L:$L, $B19,$I:$I,D$4) -> 0 | E19: =COUNTIFS($L:$L, $B19,$I:$I,E$4) -> 0 | F19: =SUM(C19:E19) -> 0
B20: Cancel | C20: =COUNTIFS($L:$L, $B20,$I:$I,C$4) -> 0 | D20: =COUNTIFS($L:$L, $B20,$I:$I,D$4) -> 0 | E20: =COUNTIFS($L:$L, $B20,$I:$I,E$4) -> 0 | F20: =SUM(C20:E20) -> 0
A21: STT | B21: Test case Id | C21: Test case Title | D21: Pre-conditions | E21: Test Steps | F21: Test Datas | G21: Expected result | H21: Test Environment | I21: Priority | J21: Automation Status | K21: 1st Test Results | L21: 2nd Test Results | M21: 3rd Test Results | N21: BugID | O21: Notes | P21: abc
A22: 1. Kiểm tra giao diện hiển thị và Tìm kiếm
A23: =COUNTA($C$22:C23) -> 1 | B23: ="TM_DEF_"&$P23&"_"&TEXT(COUNTIF($P$22:$P23,$P23),"000") -> TM_DEF_UI_001 | C23: Kiểm tra giao diện hiển thị chức năng View | D23: User đăng nhập đã được phân quyền role maker/checker sử dụng chức năng cho form nhập liệu | E23: 1. Truy cập màn hình Data Entry Form and Query Forms, chọn form Whitelist 2. Kiểm tra các trường hiển thị trên màn hình | G23: Màn hình hiển thị các trường trên form đúng và đủ theo yêu cầu: - List Code * (tự sinh) - ID * - ID Type * - Application scenario * - Status * - Reason Added - Effective date (tự sinh, chỉ đọc) - Description - Comment - Trạng thái phê duyệt - Người tạo - Ngày tạo - Người kiểm tra - Ngày kiểm tra | H23: SIT | I23: High | J23: N | K23: Untested | L23: Untested | M23: Untested | P23: UI
A24: =COUNTA($C$22:C24) -> 2 | B24: ="TM_DEF_"&$P24&"_"&TEXT(COUNTIF($P$22:$P24,$P24),"000") -> TM_DEF_UI_002 | C24: Kiểm tra chức năng tìm kiếm cơ bản theo List Code thỏa mãn | D24: Form đã có dữ liệu Giá trị List Code nhập tìm kiếm tồn tại trong hệ thống User đăng nhập đã được phân quyền role maker/checker sử dụng chức năng cho form nhập liệu | E24: 1. Truy cập màn hình Data Entry Form and Query Forms, chọn form Whitelist 2. Chọn chức năng Search 3. Chọn trường List Code 4. Nhập/Chọn giá trị cần tìm kiếm tồn tại 5. Nhấn nút Go | F24: List Code: <giá trị tồn tại> | G24: Màn hình hiển thị các bản ghi thỏa mãn điều kiện tìm kiếm script SQL check: select "List Code", "ID", "ID Type", "Application scenario", "Status", "Reason Added", "Effective date", "Description", "Comment", "Trạng thái phê duyệt", "Người tạo", "Ngày tạo", "Người kiểm tra", "Ngày kiểm tra" from Whitelist where upper("List Code") like upper('%xâu%') | H24: SIT | I24: High | J24: N | K24: Untested | L24: Untested | M24: Untested | P24: UI
A25: =COUNTA($C$22:C25) -> 3 | B25: ="TM_DEF_"&$P25&"_"&TEXT(COUNTIF($P$22:$P25,$P25),"000") -> TM_DEF_UI_003 | C25: Kiểm tra chức năng tìm kiếm cơ bản theo List Code tồn tại nhưng phân biệt hoa thường | D25: Form đã có dữ liệu Giá trị List Code tồn tại nhưng nhập khác kiểu hoa thường User đăng nhập đã được phân quyền role maker/checker sử dụng chức năng cho form nhập liệu | E25: 1. Truy cập màn hình Data Entry Form and Query Forms, chọn form Whitelist 2. Chọn chức năng Search 3. Chọn trường List Code 4. Nhập giá trị tồn tại nhưng nhập kí tự hoa thường khác với dữ liệu gốc 5. Nhấn nút Go | F25: List Code: <giá trị tồn tại, đảo hoa/thường> | G25: Màn hình hiển thị các bản ghi chứa xâu tìm kiếm không phân biệt hoa thường | H25: SIT | I25: Medium | J25: N | K25: Untested | L25: Untested | M25: Untested | P25: UI
A26: =COUNTA($C$22:C26) -> 4 | B26: ="TM_DEF_"&$P26&"_"&TEXT(COUNTIF($P$22:$P26,$P26),"000") -> TM_DEF_UI_004 | C26: Kiểm tra chức năng tìm kiếm cơ bản theo List Code nhập kí tự đặc biệt | D26: Form đã có dữ liệu User đăng nhập đã được phân quyền role maker/checker sử dụng chức năng cho form nhập liệu | E26: 1. Truy cập màn hình Data Entry Form and Query Forms, chọn form Whitelist 2. Chọn chức năng Search 3. Chọn trường List Code 4. Nhập giá trị là các kí tự đặc biệt(@, #, $, %, ^, *...) có thể tồn tại hoặc không tồn tại 5. Nhấn nút Go | F26: List Code: @#$% | G26: Trả về thông báo không có dữ liệu [6997] No match found for the current search (nếu không tồn tại giá trị) hoặc hiển thị đúng kết quả chứa giá trị nhập (nếu tồn tại) | H26: SIT | I26: Low | J26: N | K26: Untested | L26: Untested | M26: Untested | P26: UI
A27: =COUNTA($C$22:C27) -> 5 | B27: ="TM_DEF_"&$P27&"_"&TEXT(COUNTIF($P$22:$P27,$P27),"000") -> TM_DEF_UI_005 | C27: Kiểm tra chức năng tìm kiếm cơ bản theo ID thỏa mãn | D27: Form đã có dữ liệu Giá trị ID nhập tìm kiếm tồn tại trong hệ thống User đăng nhập đã được phân quyền role maker/checker sử dụng chức năng cho form nhập liệu | E27: 1. Truy cập màn hình Data Entry Form and Query Forms, chọn form Whitelist 2. Chọn chức năng Search 3. Chọn trường ID 4. Nhập/Chọn giá trị cần tìm kiếm tồn tại 5. Nhấn nút Go | F27: ID: <giá trị tồn tại> | G27: Màn hình hiển thị các bản ghi thỏa mãn điều kiện tìm kiếm script SQL check: select "List Code", "ID", "ID Type", "Application scenario", "Status", "Reason Added", "Effective date", "Description", "Comment", "Trạng thái phê duyệt", "Người tạo", "Ngày tạo", "Người kiểm tra", "Ngày kiểm tra" from Whitelist where upper("ID") like upper('%xâu%') | H27: SIT | I27: High | J27: N | K27: Untested | L27: Untested | M27: Untested | P27: UI
A28: =COUNTA($C$22:C28) -> 6 | B28: ="TM_DEF_"&$P28&"_"&TEXT(COUNTIF($P$22:$P28,$P28),"000") -> TM_DEF_UI_006 | C28: Kiểm tra chức năng tìm kiếm cơ bản theo ID tồn tại nhưng phân biệt hoa thường | D28: Form đã có dữ liệu Giá trị ID tồn tại nhưng nhập khác kiểu hoa thường User đăng nhập đã được phân quyền role maker/checker sử dụng chức năng cho form nhập liệu | E28: 1. Truy cập màn hình Data Entry Form and Query Forms, chọn form Whitelist 2. Chọn chức năng Search 3. Chọn trường ID 4. Nhập giá trị tồn tại nhưng nhập kí tự hoa thường khác với dữ liệu gốc 5. Nhấn nút Go | F28: ID: <giá trị tồn tại, đảo hoa/thường> | G28: Màn hình hiển thị các bản ghi chứa xâu tìm kiếm không phân biệt hoa thường | H28: SIT | I28: Medium | J28: N | K28: Untested | L28: Untested | M28: Untested | P28: UI
A29: =COUNTA($C$22:C29) -> 7 | B29: ="TM_DEF_"&$P29&"_"&TEXT(COUNTIF($P$22:$P29,$P29),"000") -> TM_DEF_UI_007 | C29: Kiểm tra chức năng tìm kiếm cơ bản theo ID nhập kí tự đặc biệt | D29: Form đã có dữ liệu User đăng nhập đã được phân quyền role maker/checker sử dụng chức năng cho form nhập liệu | E29: 1. Truy cập màn hình Data Entry Form and Query Forms, chọn form Whitelist 2. Chọn chức năng Search 3. Chọn trường ID 4. Nhập giá trị là các kí tự đặc biệt(@, #, $, %, ^, *...) có thể tồn tại hoặc không tồn tại 5. Nhấn nút Go | F29: ID: @#$% | G29: Trả về thông báo không có dữ liệu [6997] No match found for the current search (nếu không tồn tại giá trị) hoặc hiển thị đúng kết quả chứa giá trị nhập (nếu tồn tại) | H29: SIT | I29: Low | J29: N | K29: Untested | L29: Untested | M29: Untested | P29: UI
A30: =COUNTA($C$22:C30) -> 8 | B30: ="TM_DEF_"&$P30&"_"&TEXT(COUNTIF($P$22:$P30,$P30),"000") -> TM_DEF_UI_008 | C30: Kiểm tra chức năng tìm kiếm cơ bản theo ID Type thỏa mãn | D30: Form đã có dữ liệu Giá trị ID Type nhập tìm kiếm tồn tại trong hệ thống User đăng nhập đã được phân quyền role maker/checker sử dụng chức năng cho form nhập liệu | E30: 1. Truy cập màn hình Data Entry Form and Query Forms, chọn form Whitelist 2. Chọn chức năng Search 3. Chọn trường ID Type 4. Nhập/Chọn giá trị cần tìm kiếm tồn tại 5. Nhấn nút Go | F30: ID Type: <giá trị tồn tại> | G30: Màn hình hiển thị các bản ghi thỏa mãn điều kiện tìm kiếm script SQL check: select "List Code", "ID", "ID Type", "Application scenario", "Status", "Reason Added", "Effective date", "Description", "Comment", "Trạng thái phê duyệt", "Người tạo", "Ngày tạo", "Người kiểm tra", "Ngày kiểm tra" from Whitelist where upper("ID Type") like upper('%xâu%') | H30: SIT | I30: High | J30: N | K30: Untested | L30: Untested | M30: Untested | P30: UI
A31: =COUNTA($C$22:C31) -> 9 | B31: ="TM_DEF_"&$P31&"_"&TEXT(COUNTIF($P$22:$P31,$P31),"000") -> TM_DEF_UI_009 | C31: Kiểm tra chức năng tìm kiếm cơ bản theo ID Type tồn tại nhưng phân biệt hoa thường | D31: Form đã có dữ liệu Giá trị ID Type tồn tại nhưng nhập khác kiểu hoa thường User đăng nhập đã được phân quyền role maker/checker sử dụng chức năng cho form nhập liệu | E31: 1. Truy cập màn hình Data Entry Form and Query Forms, chọn form Whitelist 2. Chọn chức năng Search 3. Chọn trường ID Type 4. Nhập giá trị tồn tại nhưng nhập kí tự hoa thường khác với dữ liệu gốc 5. Nhấn nút Go | F31: ID Type: <giá trị tồn tại, đảo hoa/thường> | G31: Màn hình hiển thị các bản ghi chứa xâu tìm kiếm không phân biệt hoa thường | H31: SIT | I31: Medium | J31: N | K31: Untested | L31: Untested | M31: Untested | P31: UI
A32: =COUNTA($C$22:C32) -> 10 | B32: ="TM_DEF_"&$P32&"_"&TEXT(COUNTIF($P$22:$P32,$P32),"000") -> TM_DEF_UI_010 | C32: Kiểm tra chức năng tìm kiếm cơ bản theo ID Type nhập kí tự đặc biệt | D32: Form đã có dữ liệu User đăng nhập đã được phân quyền role maker/checker sử dụng chức năng cho form nhập liệu | E32: 1. Truy cập màn hình Data Entry Form and Query Forms, chọn form Whitelist 2. Chọn chức năng Search 3. Chọn trường ID Type 4. Nhập giá trị là các kí tự đặc biệt(@, #, $, %, ^, *...) có thể tồn tại hoặc không tồn tại 5. Nhấn nút Go | F32: ID Type: @#$% | G32: Trả về thông báo không có dữ liệu [6997] No match found for the current search (nếu không tồn tại giá trị) hoặc hiển thị đúng kết quả chứa giá trị nhập (nếu tồn tại) | H32: SIT | I32: Low | J32: N | K32: Untested | L32: Untested | M32: Untested | P32: UI
A33: =COUNTA($C$22:C33) -> 11 | B33: ="TM_DEF_"&$P33&"_"&TEXT(COUNTIF($P$22:$P33,$P33),"000") -> TM_DEF_UI_011 | C33: Kiểm tra chức năng tìm kiếm cơ bản theo Application scenario thỏa mãn | D33: Form đã có dữ liệu Giá trị Application scenario nhập tìm kiếm tồn tại trong hệ thống User đăng nhập đã được phân quyền role maker/checker sử dụng chức năng cho form nhập liệu | E33: 1. Truy cập màn hình Data Entry Form and Query Forms, chọn form Whitelist 2. Chọn chức năng Search 3. Chọn trường Application scenario 4. Nhập/Chọn giá trị cần tìm kiếm tồn tại 5. Nhấn nút Go | F33: Application scenario: <giá trị tồn tại> | G33: Màn hình hiển thị các bản ghi thỏa mãn điều kiện tìm kiếm script SQL check: select "List Code", "ID", "ID Type", "Application scenario", "Status", "Reason Added", "Effective date", "Description", "Comment", "Trạng thái phê duyệt", "Người tạo", "Ngày tạo", "Người kiểm tra", "Ngày kiểm tra" from Whitelist where upper("Application scenario") like upper('%xâu%') | H33: SIT | I33: High | J33: N | K33: Untested | L33: Untested | M33: Untested | P33: UI
A34: =COUNTA($C$22:C34) -> 12 | B34: ="TM_DEF_"&$P34&"_"&TEXT(COUNTIF($P$22:$P34,$P34),"000") -> TM_DEF_UI_012 | C34: Kiểm tra chức năng tìm kiếm cơ bản theo Application scenario tồn tại nhưng phân biệt hoa thường | D34: Form đã có dữ liệu Giá trị Application scenario tồn tại nhưng nhập khác kiểu hoa thường User đăng nhập đã được phân quyền role maker/checker sử dụng chức năng cho form nhập liệu | E34: 1. Truy cập màn hình Data Entry Form and Query Forms, chọn form Whitelist 2. Chọn chức năng Search 3. Chọn trường Application scenario 4. Nhập giá trị tồn tại nhưng nhập kí tự hoa thường khác với dữ liệu gốc 5. Nhấn nút Go | F34: Application scenario: <giá trị tồn tại, đảo hoa/thường> | G34: Màn hình hiển thị các bản ghi chứa xâu tìm kiếm không phân biệt hoa thường | H34: SIT | I34: Medium | J34: N | K34: Untested | L34: Untested | M34: Untested | P34: UI
A35: =COUNTA($C$22:C35) -> 13 | B35: ="TM_DEF_"&$P35&"_"&TEXT(COUNTIF($P$22:$P35,$P35),"000") -> TM_DEF_UI_013 | C35: Kiểm tra chức năng tìm kiếm cơ bản theo Application scenario nhập kí tự đặc biệt | D35: Form đã có dữ liệu User đăng nhập đã được phân quyền role maker/checker sử dụng chức năng cho form nhập liệu | E35: 1. Truy cập màn hình Data Entry Form and Query Forms, chọn form Whitelist 2. Chọn chức năng Search 3. Chọn trường Application scenario 4. Nhập giá trị là các kí tự đặc biệt(@, #, $, %, ^, *...) có thể tồn tại hoặc không tồn tại 5. Nhấn nút Go | F35: Application scenario: @#$% | G35: Trả về thông báo không có dữ liệu [6997] No match found for the current search (nếu không tồn tại giá trị) hoặc hiển thị đúng kết quả chứa giá trị nhập (nếu tồn tại) | H35: SIT | I35: Low | J35: N | K35: Untested | L35: Untested | M35: Untested | P35: UI
... A48: =COUNTA($C$22:C48) -> 26 | B48: ="TM_DEF_"&$P48&"_"&TEXT(COUNTIF($P$22:$P48,$P48),"000") -> TM_DEF_UI_026 | C48: Kiểm tra chức năng tìm kiếm kết hợp nhiều tiêu chí | D48: Form đã có dữ liệu User đăng nhập đã được phân quyền role maker/checker sử dụng chức năng cho form nhập liệu | E48: 1. Truy cập màn hình Data Entry Form and Query Forms, chọn form Whitelist 2. Chọn chức năng Search 3. Nhập đồng thời nhiều trường tìm kiếm (Application scenario, ID Type, Status) 4. Nhấn nút Go | F48: Application scenario: AML-01; ID Type: Customer; Status: Active | G48: Màn hình hiển thị các bản ghi thỏa mãn đồng thời tất cả tiêu chí tìm kiếm (điều kiện AND) | H48: SIT | I48: Medium | J48: N | K48: Untested | L48: Untested | M48: Untested | P48: UI
A49: =COUNTA($C$22:C49) -> 27 | B49: ="TM_DEF_"&$P49&"_"&TEXT(COUNTIF($P$22:$P49,$P49),"000") -> TM_DEF_UI_027 | C49: Kiểm tra chức năng tìm kiếm khi bỏ trống toàn bộ tiêu chí | D49: Form đã có dữ liệu User đăng nhập đã được phân quyền role maker/checker sử dụng chức năng cho form nhập liệu | E49: 1. Truy cập màn hình Data Entry Form and Query Forms, chọn form Whitelist 2. Chọn chức năng Search 3. Không nhập tiêu chí nào 4. Nhấn nút Go | G49: Màn hình hiển thị toàn bộ danh sách bản ghi whitelist đang tồn tại | H49: SIT | I49: Low | J49: N | K49: Untested | L49: Untested | M49: Untested | P49: UI
A50: 2. Kiểm tra chức năng Upload Excel
A51: 2.1. Kiểm tra Template Upload
A52: =COUNTA($C$22:C52) -> 28 | B52: ="TM_DEF_"&$P52&"_"&TEXT(COUNTIF($P$22:$P52,$P52),"000") -> TM_DEF_UPL_001 | C52: Kiểm tra template Excel upload đúng cấu trúc cột | D52: User đăng nhập đã được phân quyền role maker sử dụng chức năng cho form nhập liệu | E52: 1. NSD vào Data Entry Forms and Queries, chọn Excel upload 2. Trong mục Excel-Entity Mapping, Select Mapping bấm <mũi tên> 3. Chọn Download Excel của Whitelist | G52: Template tải về có đầy đủ các cột theo BRD: ID, ID Type, Application scenario, Status, Reason Added, Description, Comment (List Code và Effective date do hệ thống tự sinh, không có trong file nhập) | H52: SIT | I52: High | J52: N | K52: Untested | L52: Untested | M52: Untested | P52: UPL
A53: 2.2. Kiểm tra Validate các trường dữ liệu
A54: =COUNTA($C$22:C54) -> 29 | B54: ="TM_DEF_"&$P54&"_"&TEXT(COUNTIF($P$22:$P54,$P54),"000") -> TM_DEF_UPL_002 | C54: Kiểm tra chức năng Upload file không thành công khi bỏ trống không chọn file upload | D54: User đăng nhập đã được phân quyền role maker sử dụng chức năng cho form nhập liệu | E54: 1. NSD vào Data Entry Forms and Queries, chọn Excel upload 2. Trong mục Excel Utilities chọn Excel Upload 3. Tại mục Excel to Upload, bỏ trống không chọn file upload 4. Tại mục Excel-Entity Mappings, Select Mapping bấm <mũi tên> 5. Chọn mapping Whitelist 6. Bấm Upload | G54: Hệ thống hiển thị thông báo lỗi: [13496] Please select an Excel file [Ghi chú: mã/thông báo lỗi theo mẫu OFSAA, rà soát theo build Whitelist thực tế] | H54: SIT | I54: High | J54: N | K54: Untested | L54: Untested | M54: Untested | P54: UPL
A55: =COUNTA($C$22:C55) -> 30 | B55: ="TM_DEF_"&$P55&"_"&TEXT(COUNTIF($P$22:$P55,$P55),"000") -> TM_DEF_UPL_003 | C55: Kiểm tra chức năng Upload file không thành công khi sai định dạng file upload | D55: User đăng nhập đã được phân quyền role maker sử dụng chức năng cho form nhập liệu | E55: 1. NSD vào Data Entry Forms and Queries, chọn Excel upload 2. Trong mục Excel Utilities chọn Excel Upload 3. Tại mục Excel to Upload, Excel file bấm <Browse> 4. Chọn File không phải định dạng Excel và bấm <mũi tên> 5. Select Mapping Whitelist 6. Bấm Upload | F55: File .txt/.pdf | G55: Hệ thống hiển thị thông báo lỗi: [4402] Select the Excel File [Ghi chú: mã/thông báo lỗi theo mẫu OFSAA, rà soát theo build Whitelist thực tế] | H55: SIT | I55: High | J55: N | K55: Untested | L55: Untested | M55: Untested | P55: UPL
A56: =COUNTA($C$22:C56) -> 31 | B56: ="TM_DEF_"&$P56&"_"&TEXT(COUNTIF($P$22:$P56,$P56),"000") -> TM_DEF_UPL_004 | C56: Kiểm tra chức năng Upload file không thành công khi sai mapping/template | D56: User đăng nhập đã được phân quyền role maker sử dụng chức năng cho form nhập liệu | E56: 1. NSD vào Data Entry Forms and Queries, chọn Excel upload 2. Trong mục Excel Utilities chọn Excel Upload 3. Chọn file đúng dữ liệu nhưng sai cấu trúc cột so với template 4. Select Mapping Whitelist 5. Bấm Upload | F56: File Excel sai thứ tự/tên cột | G56: Hệ thống hiển thị thông báo lỗi: [17597] Mismatch in column order or column name in the selected excel file and excel template. Kindly correct the excel file or choose the correct template. [Ghi chú: mã/thông báo lỗi theo mẫu OFSAA, rà soát theo build Whitelist thực tế] | H56: SIT | I56: High | J56: N | K56: Untested | L56: Untested | M56: Untested | P56: UPL
A57: =COUNTA($C$22:C57) -> 32 | B57: ="TM_DEF_"&$P57&"_"&TEXT(COUNTIF($P$22:$P57,$P57),"000") -> TM_DEF_UPL_005 | C57: Kiểm tra chức năng Upload file không thành công khi file chỉ có header, không có bản ghi | D57: User đăng nhập đã được phân quyền role maker sử dụng chức năng cho form nhập liệu | E57: 1. NSD vào Data Entry Forms and Queries, chọn Excel upload 2. Trong mục Excel Utilities chọn Excel Upload 3. Chọn file chỉ có dòng tiêu đề, không có dữ liệu 4. Select Mapping Whitelist 5. Bấm Upload | F57: File chỉ có header | G57: Hệ thống hiển thị thông báo lỗi: [17178] No records in the Excel sheet to load into Whitelist [Ghi chú: mã/thông báo lỗi theo mẫu OFSAA, rà soát theo build Whitelist thực tế] | H57: SIT | I57: Medium | J57: N | K57: Untested | L57: Untested | M57: Untested | P57: UPL
A58: =COUNTA($C$22:C58) -> 33 | B58: ="TM_DEF_"&$P58&"_"&TEXT(COUNTIF($P$22:$P58,$P58),"000") -> TM_DEF_UPL_006 | C58: Kiểm tra chức năng Upload file không thành công khi để trống trường ID | D58: User đăng nhập đã được phân quyền role maker sử dụng chức năng cho form nhập liệu | E58: 1. NSD vào Data Entry Forms and Queries, chọn Excel upload 2. Trong mục Excel Utilities chọn Excel Upload 3. Tại mục Excel to Upload, Excel file bấm <Browse> 4. Chọn File cần upload và bấm <mũi tên>. File dữ liệu bỏ trống trường ID, các trường còn lại điền đủ, đúng theo format yêu cầu trong BRD 5. Chọn sheet chứa dữ liệu cần upload 6. Tại mục Excel-Standard Mapping, Select Mapping bấm <mũi tên> 7. Chọn mapping Whitelist 8. Bấm Upload 9. Kiểm tra thông tin upload trong form Whitelist | F58: ID = <trống> | G58: Hệ thống hiển thị thông báo lỗi: [17158] Failed to upload data into Whitelist. Please click on View Log button to check the logs. Logs: cannot insert NULL into "ID" [Ghi chú: mã/thông báo lỗi theo mẫu OFSAA, rà soát theo build Whitelist thực tế] | H58: SIT | I58: High | J58: N | K58: Untested | L58: Untested | M58: Untested | P58: UPL
A59: =COUNTA($C$22:C59) -> 34 | B59: ="TM_DEF_"&$P59&"_"&TEXT(COUNTIF($P$22:$P59,$P59),"000") -> TM_DEF_UPL_007 | C59: Kiểm tra chức năng Upload file không thành công khi để trống trường ID Type | D59: User đăng nhập đã được phân quyền role maker sử dụng chức năng cho form nhập liệu | E59: 1. NSD vào Data Entry Forms and Queries, chọn Excel upload 2. Trong mục Excel Utilities chọn Excel Upload 3. Tại mục Excel to Upload, Excel file bấm <Browse> 4. Chọn File cần upload và bấm <mũi tên>. File dữ liệu bỏ trống trường ID Type, các trường còn lại điền đủ, đúng theo format yêu cầu trong BRD 5. Chọn sheet chứa dữ liệu cần upload 6. Tại mục Excel-Standard Mapping, Select Mapping bấm <mũi tên> 7. Chọn mapping Whitelist 8. Bấm Upload 9. Kiểm tra thông tin upload trong form Whitelist | F59: ID Type = <trống> | G59: Hệ thống hiển thị thông báo lỗi: [17158] Failed to upload data into Whitelist. Please click on View Log button to check the logs. Logs: cannot insert NULL into "ID Type" [Ghi chú: mã/thông báo lỗi theo mẫu OFSAA, rà soát theo build Whitelist thực tế] | H59: SIT | I59: High | J59: N | K59: Untested | L59: Untested | M59: Untested | P59: UPL
A60: =COUNTA($C$22:C60) -> 35 | B60: ="TM_DEF_"&$P60&"_"&TEXT(COUNTIF($P$22:$P60,$P60),"000") -> TM_DEF_UPL_008 | C60: Kiểm tra chức năng Upload file không thành công khi để trống trường Application scenario | D60: User đăng nhập đã được phân quyền role maker sử dụng chức năng cho form nhập liệu | E60: 1. NSD vào Data Entry Forms and Queries, chọn Excel upload 2. Trong mục Excel Utilities chọn Excel Upload 3. Tại mục Excel to Upload, Excel file bấm <Browse> 4. Chọn File cần upload và bấm <mũi tên>. File dữ liệu bỏ trống trường Application scenario, các trường còn lại điền đủ, đúng theo format yêu cầu trong BRD 5. Chọn sheet chứa dữ liệu cần upload 6. Tại mục Excel-Standard Mapping, Select Mapping bấm <mũi tên> 7. Chọn mapping Whitelist 8. Bấm Upload 9. Kiểm tra thông tin upload trong form Whitelist | F60: Application scenario = <trống> | G60: Hệ thống hiển thị thông báo lỗi: [17158] Failed to upload data into Whitelist. Please click on View Log button to check the logs. Logs: cannot insert NULL into "Application scenario" [Ghi chú: mã/thông báo lỗi theo mẫu OFSAA, rà soát theo build Whitelist thực tế] | H60: SIT | I60: High | J60: N | K60: Untested | L60: Untested | M60: Untested | P60: UPL
A61: =COUNTA($C$22:C61) -> 36 | B61: ="TM_DEF_"&$P61&"_"&TEXT(COUNTIF($P$22:$P61,$P61),"000") -> TM_DEF_UPL_009 | C61: Kiểm tra chức năng Upload file không thành công khi để trống trường Status | D61: User đăng nhập đã được phân quyền role maker sử dụng chức năng cho form nhập liệu | E61: 1. NSD vào Data Entry Forms and Queries, chọn Excel upload 2. Trong mục Excel Utilities chọn Excel Upload 3. Tại mục Excel to Upload, Excel file bấm <Browse> 4. Chọn File cần upload và bấm <mũi tên>. File dữ liệu bỏ trống trường Status, các trường còn lại điền đủ, đúng theo format yêu cầu trong BRD 5. Chọn sheet chứa dữ liệu cần upload 6. Tại mục Excel-Standard Mapping, Select Mapping bấm <mũi tên> 7. Chọn mapping Whitelist 8. Bấm Upload 9. Kiểm tra thông tin upload trong form Whitelist | F61: Status = <trống> | G61: Hệ thống hiển thị thông báo lỗi: [17158] Failed to upload data into Whitelist. Please click on View Log button to check the logs. Logs: cannot insert NULL into "Status" [Ghi chú: mã/thông báo lỗi theo mẫu OFSAA, rà soát theo build Whitelist thực tế] | H61: SIT | I61: High | J61: N | K61: Untested | L61: Untested | M61: Untested | P61: UPL
A62: =COUNTA($C$22:C62) -> 37 | B62: ="TM_DEF_"&$P62&"_"&TEXT(COUNTIF($P$22:$P62,$P62),"000") -> TM_DEF_UPL_010 | C62: Kiểm tra chức năng Upload file không thành công khi nhập quá độ dài trường ID | D62: User đăng nhập đã được phân quyền role maker sử dụng chức năng cho form nhập liệu | E62: 1. NSD vào Data Entry Forms and Queries, chọn Excel upload 2. Trong mục Excel Utilities chọn Excel Upload 3. Tại mục Excel to Upload, Excel file bấm <Browse> 4. Chọn File cần upload và bấm <mũi tên>. File dữ liệu nhập trường ID vượt quá 50 ký tự, các trường còn lại điền đủ, đúng theo format yêu cầu trong BRD 5. Chọn sheet chứa dữ liệu cần upload 6. Tại mục Excel-Standard Mapping, Select Mapping bấm <mũi tên> 7. Chọn mapping Whitelist 8. Bấm Upload 9. Kiểm tra thông tin upload trong form Whitelist | F62: ID: chuỗi 51 ký tự | G62: Hệ thống hiển thị thông báo lỗi vượt quá độ dài cho phép của trường ID (tối đa 50) | H62: SIT | I62: Medium | J62: N | K62: Untested | L62: Untested | M62: Untested | P62: UPL
A63: =COUNTA($C$22:C63) -> 38 | B63: ="TM_DEF_"&$P63&"_"&TEXT(COUNTIF($P$22:$P63,$P63),"000") -> TM_DEF_UPL_011 | C63: Kiểm tra chức năng Upload file không thành công khi nhập quá độ dài trường ID Type | D63: User đăng nhập đã được phân quyền role maker sử dụng chức năng cho form nhập liệu | E63: 1. NSD vào Data Entry Forms and Queries, chọn Excel upload 2. Trong mục Excel Utilities chọn Excel Upload 3. Tại mục Excel to Upload, Excel file bấm <Browse> 4. Chọn File cần upload và bấm <mũi tên>. File dữ liệu nhập trường ID Type vượt quá 50 ký tự, các trường còn lại điền đủ, đúng theo format yêu cầu trong BRD 5. Chọn sheet chứa dữ liệu cần upload 6. Tại mục Excel-Standard Mapping, Select Mapping bấm <mũi tên> 7. Chọn mapping Whitelist 8. Bấm Upload 9. Kiểm tra thông tin upload trong form Whitelist | F63: ID Type: chuỗi 51 ký tự | G63: Hệ thống hiển thị thông báo lỗi vượt quá độ dài cho phép của trường ID Type (tối đa 50) | H63: SIT | I63: Medium | J63: N | K63: Untested | L63: Untested | M63: Untested | P63: UPL
A64: =COUNTA($C$22:C64) -> 39 | B64: ="TM_DEF_"&$P64&"_"&TEXT(COUNTIF($P$22:$P64,$P64),"000") -> TM_DEF_UPL_012 | C64: Kiểm tra chức năng Upload file không thành công khi nhập quá độ dài trường Application scenario | D64: User đăng nhập đã được phân quyền role maker sử dụng chức năng cho form nhập liệu | E64: 1. NSD vào Data Entry Forms and Queries, chọn Excel upload 2. Trong mục Excel Utilities chọn Excel Upload 3. Tại mục Excel to Upload, Excel file bấm <Browse> 4. Chọn File cần upload và bấm <mũi tên>. File dữ liệu nhập trường Application scenario vượt quá 500 ký tự, các trường còn lại điền đủ, đúng theo format yêu cầu trong BRD 5. Chọn sheet chứa dữ liệu cần upload 6. Tại mục Excel-Standard Mapping, Select Mapping bấm <mũi tên> 7. Chọn mapping Whitelist 8. Bấm Upload 9. Kiểm tra thông tin upload trong form Whitelist | F64: Application scenario: chuỗi 501 ký tự | G64: Hệ thống hiển thị thông báo lỗi vượt quá độ dài cho phép của trường Application scenario (tối đa 500) | H64: SIT | I64: Medium | J64: N | K64: Untested | L64: Untested | M64: Untested | P64: UPL
A65: =COUNTA($C$22:C65) -> 40 | B65: ="TM_DEF_"&$P65&"_"&TEXT(COUNTIF($P$22:$P65,$P65),"000") -> TM_DEF_UPL_013 | C65: Kiểm tra chức năng Upload file không thành công khi nhập quá độ dài trường Reason Added | D65: User đăng nhập đã được phân quyền role maker sử dụng chức năng cho form nhập liệu | E65: 1. NSD vào Data Entry Forms and Queries, chọn Excel upload 2. Trong mục Excel Utilities chọn Excel Upload 3. Tại mục Excel to Upload, Excel file bấm <Browse> 4. Chọn File cần upload và bấm <mũi tên>. File dữ liệu nhập trường Reason Added vượt quá 500 ký tự, các trường còn lại điền đủ, đúng theo format yêu cầu trong BRD 5. Chọn sheet chứa dữ liệu cần upload 6. Tại mục Excel-Standard Mapping, Select Mapping bấm <mũi tên> 7. Chọn mapping Whitelist 8. Bấm Upload 9. Kiểm tra thông tin upload trong form Whitelist | F65: Reason Added: chuỗi 501 ký tự | G65: Hệ thống hiển thị thông báo lỗi vượt quá độ dài cho phép của trường Reason Added (tối đa 500) | H65: SIT | I65: Medium | J65: N | K65: Untested | L65: Untested | M65: Untested | P65: UPL
A66: =COUNTA($C$22:C66) -> 41 | B66: ="TM_DEF_"&$P66&"_"&TEXT(COUNTIF($P$22:$P66,$P66),"000") -> TM_DEF_UPL_014 | C66: Kiểm tra chức năng Upload file không thành công khi nhập quá độ dài trường Description | D66: User đăng nhập đã được phân quyền role maker sử dụng chức năng cho form nhập liệu | E66: 1. NSD vào Data Entry Forms and Queries, chọn Excel upload 2. Trong mục Excel Utilities chọn Excel Upload 3. Tại mục Excel to Upload, Excel file bấm <Browse> 4. Chọn File cần upload và bấm <mũi tên>. File dữ liệu nhập trường Description vượt quá 500 ký tự, các trường còn lại điền đủ, đúng theo format yêu cầu trong BRD 5. Chọn sheet chứa dữ liệu cần upload 6. Tại mục Excel-Standard Mapping, Select Mapping bấm <mũi tên> 7. Chọn mapping Whitelist 8. Bấm Upload 9. Kiểm tra thông tin upload trong form Whitelist | F66: Description: chuỗi 501 ký tự | G66: Hệ thống hiển thị thông báo lỗi vượt quá độ dài cho phép của trường Description (tối đa 500) | H66: SIT | I66: Medium | J66: N | K66: Untested | L66: Untested | M66: Untested | P66: UPL
... A70: =COUNTA($C$22:C70) -> 45 | B70: ="TM_DEF_"&$P70&"_"&TEXT(COUNTIF($P$22:$P70,$P70),"000") -> TM_DEF_UPL_018 | C70: Kiểm tra chức năng Upload file khi ID Type không phù hợp đối tượng giám sát của kịch bản | D70: User đăng nhập đã được phân quyền role maker sử dụng chức năng cho form nhập liệu | E70: 1. NSD vào Data Entry Forms and Queries, chọn Excel upload 2. Trong mục Excel Utilities chọn Excel Upload 3. Tại mục Excel to Upload, Excel file bấm <Browse> 4. Chọn File cần upload và bấm <mũi tên>. File dữ liệu nhập ID Type không phù hợp đối tượng giám sát của kịch bản đã chọn, các trường còn lại điền đủ 5. Chọn sheet chứa dữ liệu cần upload 6. Tại mục Excel-Standard Mapping, Select Mapping bấm <mũi tên> 7. Chọn mapping Whitelist 8. Bấm Upload 9. Kiểm tra thông tin upload trong form Whitelist | F70: Application scenario: AML-10 (giám sát Tài khoản); ID Type: Customer | G70: Hệ thống cảnh báo/loại bỏ dòng do ID Type không phù hợp đối tượng giám sát của kịch bản [Ghi chú: mã/thông báo lỗi theo mẫu OFSAA, rà soát theo build Whitelist thực tế] | H70: SIT | I70: Medium | J70: N | K70: Untested | L70: Untested | M70: Untested | P70: UPL
A71: 2.3. Kiểm tra chức năng Upload Tạo mới
A72: =COUNTA($C$22:C72) -> 46 | B72: ="TM_DEF_"&$P72&"_"&TEXT(COUNTIF($P$22:$P72,$P72),"000") -> TM_DEF_UPL_019 | C72: Kiểm tra chức năng Upload file thành công khi các trường điền đủ, đúng format | D72: User đăng nhập đã được phân quyền role maker sử dụng chức năng cho form nhập liệu | E72: 1. NSD vào Data Entry Forms and Queries, chọn Excel upload 2. Trong mục Excel Utilities chọn Excel Upload 3. Tại mục Excel to Upload, Excel file bấm <Browse> 4. Chọn File cần upload và bấm <mũi tên>. File dữ liệu các trường điền đủ, đúng theo format yêu cầu trong BRD 5. Chọn sheet chứa dữ liệu cần upload 6. Tại mục Excel-Standard Mapping, Select Mapping bấm <mũi tên> 7. Chọn mapping Whitelist 8. Bấm Upload 9. Kiểm tra thông tin upload trong form Whitelist | F72: 1 bản ghi hợp lệ | G72: 1. Hệ thống hiển thị thông báo thành công 2. Dữ liệu được lưu vào Database 3. Các bản ghi trong form upload đã được hiển thị trên màn hình View 4. Hệ thống tự sinh các trường thông tin gồm: - List Code theo nguyên tắc: Mã kịch bản + STT - Trạng thái phê duyệt: Unauthorized; Người tạo; Ngày tạo - Effective date chưa sinh (chờ phê duyệt) | H72: SIT | I72: High | J72: N | K72: Untested | L72: Untested | M72: Untested | P72: UPL
A73: =COUNTA($C$22:C73) -> 47 | B73: ="TM_DEF_"&$P73&"_"&TEXT(COUNTIF($P$22:$P73,$P73),"000") -> TM_DEF_UPL_020 | C73: Kiểm tra chức năng Upload file thành công với nhiều bản ghi cùng lúc | D73: User đăng nhập đã được phân quyền role maker sử dụng chức năng cho form nhập liệu | E73: 1. NSD vào Data Entry Forms and Queries, chọn Excel upload 2. Trong mục Excel Utilities chọn Excel Upload 3. Tại mục Excel to Upload, Excel file bấm <Browse> 4. Chọn File cần upload và bấm <mũi tên>. File dữ liệu chứa nhiều bản ghi (≥ 50 bản ghi), các trường điền đủ, đúng theo format yêu cầu trong BRD 5. Chọn sheet chứa dữ liệu cần upload 6. Tại mục Excel-Standard Mapping, Select Mapping bấm <mũi tên> 7. Chọn mapping Whitelist 8. Bấm Upload 9. Kiểm tra thông tin upload trong form Whitelist | F73: ≥ 50 bản ghi hợp lệ | G73: 1. Hệ thống hiển thị thông báo thành công 2. Dữ liệu được lưu vào Database 3. Các bản ghi trong form upload đã được hiển thị trên màn hình View 4. Hệ thống tự sinh các trường thông tin gồm: - List Code theo nguyên tắc: Mã kịch bản + STT - Trạng thái phê duyệt: Unauthorized; Người tạo; Ngày tạo - Effective date chưa sinh (chờ phê duyệt) 5. Mỗi bản ghi được sinh List Code riêng | H73: SIT | I73: Medium | J73: N | K73: Untested | L73: Untested | M73: Untested | P73: UPL
A74: 2.4. Kiểm tra chức năng Upload Chỉnh sửa
A75: =COUNTA($C$22:C75) -> 48 | B75: ="TM_DEF_"&$P75&"_"&TEXT(COUNTIF($P$22:$P75,$P75),"000") -> TM_DEF_UPL_021 | C75: Kiểm tra chức năng Upload chỉnh sửa - bản ghi trùng Key cập nhật trường còn lại | D75: User đăng nhập đã được phân quyền role maker sử dụng chức năng cho form nhập liệu Đã tồn tại bản ghi trên hệ thống | E75: 1. NSD vào Data Entry Forms and Queries, chọn Excel upload 2. Trong mục Excel Utilities chọn Excel Upload 3. Tại mục Excel to Upload, Excel file bấm <Browse> 4. Chọn File cần upload và bấm <mũi tên>. File dữ liệu chứa bản ghi trùng bộ Key (ID + ID Type + Application scenario) với bản ghi đã có, các trường khác thay đổi và điền đủ 5. Chọn sheet chứa dữ liệu cần upload 6. Tại mục Excel-Standard Mapping, Select Mapping bấm <mũi tên> 7. Chọn mapping Whitelist 8. Bấm Upload 9. Kiểm tra thông tin upload trong form Whitelist | F75: Key trùng bản ghi cũ; các trường khác thay đổi | G75: 1. Hệ thống hiển thị thông báo thành công 2. Cập nhật các trường thông tin còn lại theo bản ghi mới import vào đúng bản ghi đã tồn tại; KHÔNG sinh bản ghi mới; List Code giữ nguyên | H75: SIT | I75: High | J75: N | K75: Untested | L75: Untested | M75: Untested | P75: UPL
A76: =COUNTA($C$22:C76) -> 49 | B76: ="TM_DEF_"&$P76&"_"&TEXT(COUNTIF($P$22:$P76,$P76),"000") -> TM_DEF_UPL_022 | C76: Kiểm tra chức năng Upload chỉnh sửa - Key khác bản ghi cũ sinh bản ghi mới | D76: User đăng nhập đã được phân quyền role maker sử dụng chức năng cho form nhập liệu | E76: 1. NSD vào Data Entry Forms and Queries, chọn Excel upload 2. Trong mục Excel Utilities chọn Excel Upload 3. Tại mục Excel to Upload, Excel file bấm <Browse> 4. Chọn File cần upload và bấm <mũi tên>. File dữ liệu chứa bản ghi khác bộ Key (ID + ID Type + Application scenario) so với các bản ghi đã có, các trường điền đủ 5. Chọn sheet chứa dữ liệu cần upload 6. Tại mục Excel-Standard Mapping, Select Mapping bấm <mũi tên> 7. Chọn mapping Whitelist 8. Bấm Upload 9. Kiểm tra thông tin upload trong form Whitelist | F76: Key mới (khác ID/ID Type/Application scenario) | G76: 1. Hệ thống hiển thị thông báo thành công 2. Sinh bản ghi mới với List Code mới, trạng thái Unauthorized | H76: SIT | I76: High | J76: N | K76: Untested | L76: Untested | M76: Untested | P76: UPL
A77: 3. Kiểm tra chức năng Thêm mới
A78: 3.1. Kiểm tra giao diện hiển thị
A79: =COUNTA($C$22:C79) -> 50 | B79: ="TM_DEF_"&$P79&"_"&TEXT(COUNTIF($P$22:$P79,$P79),"000") -> TM_DEF_ADD_001 | C79: Kiểm tra giao diện hiển thị form Thêm mới | D79: User đăng nhập đã được phân quyền role maker sử dụng chức năng cho form nhập liệu | E79: 1. Truy cập màn hình Data Entry Form and Query Forms, chọn form Whitelist 2. Chọn Add 3. Kiểm tra giao diện hiển thị | G79: Form hiển thị đủ trường nhập: ID *, ID Type *, Application scenario *, Status *, Reason Added, Description, Comment. List Code và Effective date để trống/không cho nhập (tự sinh) | H79: SIT | I79: High | J79: N | K79: Untested | L79: Untested | M79: Untested | P79: ADD
A80: 3.2. Kiểm tra Validate các trường dữ liệu
A81: =COUNTA($C$22:C81) -> 51 | B81: ="TM_DEF_"&$P81&"_"&TEXT(COUNTIF($P$22:$P81,$P81),"000") -> TM_DEF_ADD_002 | C81: Kiểm tra chức năng Thêm mới không thành công khi để trống trường ID | D81: User đăng nhập đã được phân quyền role maker sử dụng chức năng cho form nhập liệu | E81: 1. Truy cập màn hình Data Entry Form and Query Forms, chọn form Whitelist 2. Chọn Add 3. Để trống trường ID, các trường khác nhập đúng và đủ theo yêu cầu 4. Nhấn nút Save | F81: ID = <trống> | G81: Hệ thống hiển thị popup thông báo trong thời gian ngắn sau đó hiện in-text đỏ như sau: Row :1 - Error Code :1400 - ORA-01400: cannot insert NULL into ("Whitelist"."ID") [Ghi chú: mã/thông báo lỗi theo mẫu OFSAA, rà soát theo build Whitelist thực tế] | H81: SIT | I81: High | J81: N | K81: Untested | L81: Untested | M81: Untested | P81: ADD
A82: =COUNTA($C$22:C82) -> 52 | B82: ="TM_DEF_"&$P82&"_"&TEXT(COUNTIF($P$22:$P82,$P82),"000") -> TM_DEF_ADD_003 | C82: Kiểm tra chức năng Thêm mới không thành công khi để trống trường ID Type | D82: User đăng nhập đã được phân quyền role maker sử dụng chức năng cho form nhập liệu | E82: 1. Truy cập màn hình Data Entry Form and Query Forms, chọn form Whitelist 2. Chọn Add 3. Để trống trường ID Type, các trường khác nhập đúng và đủ theo yêu cầu 4. Nhấn nút Save | F82: ID Type = <trống> | G82: Hệ thống hiển thị popup thông báo trong thời gian ngắn sau đó hiện in-text đỏ như sau: Row :1 - Error Code :1400 - ORA-01400: cannot insert NULL into ("Whitelist"."ID Type") [Ghi chú: mã/thông báo lỗi theo mẫu OFSAA, rà soát theo build Whitelist thực tế] | H82: SIT | I82: High | J82: N | K82: Untested | L82: Untested | M82: Untested | P82: ADD
A83: =COUNTA($C$22:C83) -> 53 | B83: ="TM_DEF_"&$P83&"_"&TEXT(COUNTIF($P$22:$P83,$P83),"000") -> TM_DEF_ADD_004 | C83: Kiểm tra chức năng Thêm mới không thành công khi để trống trường Application scenario | D83: User đăng nhập đã được phân quyền role maker sử dụng chức năng cho form nhập liệu | E83: 1. Truy cập màn hình Data Entry Form and Query Forms, chọn form Whitelist 2. Chọn Add 3. Để trống trường Application scenario, các trường khác nhập đúng và đủ theo yêu cầu 4. Nhấn nút Save | F83: Application scenario = <trống> | G83: Hệ thống hiển thị popup thông báo trong thời gian ngắn sau đó hiện in-text đỏ như sau: Row :1 - Error Code :1400 - ORA-01400: cannot insert NULL into ("Whitelist"."Application scenario") [Ghi chú: mã/thông báo lỗi theo mẫu OFSAA, rà soát theo build Whitelist thực tế] | H83: SIT | I83: High | J83: N | K83: Untested | L83: Untested | M83: Untested | P83: ADD
A84: =COUNTA($C$22:C84) -> 54 | B84: ="TM_DEF_"&$P84&"_"&TEXT(COUNTIF($P$22:$P84,$P84),"000") -> TM_DEF_ADD_005 | C84: Kiểm tra chức năng Thêm mới không thành công khi để trống trường Status | D84: User đăng nhập đã được phân quyền role maker sử dụng chức năng cho form nhập liệu | E84: 1. Truy cập màn hình Data Entry Form and Query Forms, chọn form Whitelist 2. Chọn Add 3. Để trống trường Status, các trường khác nhập đúng và đủ theo yêu cầu 4. Nhấn nút Save | F84: Status = <trống> | G84: Hệ thống hiển thị popup thông báo trong thời gian ngắn sau đó hiện in-text đỏ như sau: Row :1 - Error Code :1400 - ORA-01400: cannot insert NULL into ("Whitelist"."Status") [Ghi chú: mã/thông báo lỗi theo mẫu OFSAA, rà soát theo build Whitelist thực tế] | H84: SIT | I84: High | J84: N | K84: Untested | L84: Untested | M84: Untested | P84: ADD
A85: =COUNTA($C$22:C85) -> 55 | B85: ="TM_DEF_"&$P85&"_"&TEXT(COUNTIF($P$22:$P85,$P85),"000") -> TM_DEF_ADD_006 | C85: Kiểm tra chức năng Thêm mới không thành công khi nhập quá độ dài trường ID | D85: User đăng nhập đã được phân quyền role maker sử dụng chức năng cho form nhập liệu | E85: 1. Truy cập màn hình Data Entry Form and Query Forms, chọn form Whitelist 2. Chọn Add 3. Nhập trường ID vượt quá 50 ký tự, các trường khác nhập đúng và đủ 4. Nhấn nút Save | F85: ID: chuỗi 51 ký tự | G85: Hệ thống chặn ngay từ lúc nhập nên không được nhập quá ký tự quy định. | H85: SIT | I85: Medium | J85: N | K85: Untested | L85: Untested | M85: Untested | P85: ADD
A86: =COUNTA($C$22:C86) -> 56 | B86: ="TM_DEF_"&$P86&"_"&TEXT(COUNTIF($P$22:$P86,$P86),"000") -> TM_DEF_ADD_007 | C86: Kiểm tra chức năng Thêm mới không thành công khi nhập quá độ dài trường ID Type | D86: User đăng nhập đã được phân quyền role maker sử dụng chức năng cho form nhập liệu | E86: 1. Truy cập màn hình Data Entry Form and Query Forms, chọn form Whitelist 2. Chọn Add 3. Nhập trường ID Type vượt quá 50 ký tự, các trường khác nhập đúng và đủ 4. Nhấn nút Save | F86: ID Type: chuỗi 51 ký tự | G86: Hệ thống chặn ngay từ lúc nhập nên không được nhập quá ký tự quy định. | H86: SIT | I86: Medium | J86: N | K86: Untested | L86: Untested | M86: Untested | P86: ADD
A87: =COUNTA($C$22:C87) -> 57 | B87: ="TM_DEF_"&$P87&"_"&TEXT(COUNTIF($P$22:$P87,$P87),"000") -> TM_DEF_ADD_008 | C87: Kiểm tra chức năng Thêm mới không thành công khi nhập quá độ dài trường Application scenario | D87: User đăng nhập đã được phân quyền role maker sử dụng chức năng cho form nhập liệu | E87: 1. Truy cập màn hình Data Entry Form and Query Forms, chọn form Whitelist 2. Chọn Add 3. Nhập trường Application scenario vượt quá 500 ký tự, các trường khác nhập đúng và đủ 4. Nhấn nút Save | F87: Application scenario: chuỗi 501 ký tự | G87: Hệ thống chặn ngay từ lúc nhập nên không được nhập quá ký tự quy định. | H87: SIT | I87: Medium | J87: N | K87: Untested | L87: Untested | M87: Untested | P87: ADD
A88: =COUNTA($C$22:C88) -> 58 | B88: ="TM_DEF_"&$P88&"_"&TEXT(COUNTIF($P$22:$P88,$P88),"000") -> TM_DEF_ADD_009 | C88: Kiểm tra chức năng Thêm mới không thành công khi nhập quá độ dài trường Reason Added | D88: User đăng nhập đã được phân quyền role maker sử dụng chức năng cho form nhập liệu | E88: 1. Truy cập màn hình Data Entry Form and Query Forms, chọn form Whitelist 2. Chọn Add 3. Nhập trường Reason Added vượt quá 500 ký tự, các trường khác nhập đúng và đủ 4. Nhấn nút Save | F88: Reason Added: chuỗi 501 ký tự | G88: Hệ thống chặn ngay từ lúc nhập nên không được nhập quá ký tự quy định. | H88: SIT | I88: Medium | J88: N | K88: Untested | L88: Untested | M88: Untested | P88: ADD
A89: =COUNTA($C$22:C89) -> 59 | B89: ="TM_DEF_"&$P89&"_"&TEXT(COUNTIF($P$22:$P89,$P89),"000") -> TM_DEF_ADD_010 | C89: Kiểm tra chức năng Thêm mới không thành công khi nhập quá độ dài trường Description | D89: User đăng nhập đã được phân quyền role maker sử dụng chức năng cho form nhập liệu | E89: 1. Truy cập màn hình Data Entry Form and Query Forms, chọn form Whitelist 2. Chọn Add 3. Nhập trường Description vượt quá 500 ký tự, các trường khác nhập đúng và đủ 4. Nhấn nút Save | F89: Description: chuỗi 501 ký tự | G89: Hệ thống chặn ngay từ lúc nhập nên không được nhập quá ký tự quy định. | H89: SIT | I89: Medium | J89: N | K89: Untested | L89: Untested | M89: Untested | P89: ADD
A90: =COUNTA($C$22:C90) -> 60 | B90: ="TM_DEF_"&$P90&"_"&TEXT(COUNTIF($P$22:$P90,$P90),"000") -> TM_DEF_ADD_011 | C90: Kiểm tra chức năng Thêm mới không thành công khi nhập quá độ dài trường Comment | D90: User đăng nhập đã được phân quyền role maker sử dụng chức năng cho form nhập liệu | E90: 1. Truy cập màn hình Data Entry Form and Query Forms, chọn form Whitelist 2. Chọn Add 3. Nhập trường Comment vượt quá 500 ký tự, các trường khác nhập đúng và đủ 4. Nhấn nút Save | F90: Comment: chuỗi 501 ký tự | G90: Hệ thống chặn ngay từ lúc nhập nên không được nhập quá ký tự quy định. | H90: SIT | I90: Medium | J90: N | K90: Untested | L90: Untested | M90: Untested | P90: ADD
A91: =COUNTA($C$22:C91) -> 61 | B91: ="TM_DEF_"&$P91&"_"&TEXT(COUNTIF($P$22:$P91,$P91),"000") -> TM_DEF_ADD_012 | C91: Kiểm tra trường Effective date không cho phép nhập (chỉ đọc) | D91: User đăng nhập đã được phân quyền role maker sử dụng chức năng cho form nhập liệu | E91: 1. Truy cập màn hình Data Entry Form and Query Forms, chọn form Whitelist 2. Chọn Add 3. Thao tác vào trường Effective date | G91: Trường Effective date ở trạng thái chỉ đọc/không cho nhập (do hệ thống tự sinh khi phê duyệt) | H91: SIT | I91: Medium | J91: N | K91: Untested | L91: Untested | M91: Untested | P91: ADD
A92: =COUNTA($C$22:C92) -> 62 | B92: ="TM_DEF_"&$P92&"_"&TEXT(COUNTIF($P$22:$P92,$P92),"000") -> TM_DEF_ADD_013 | C92: Kiểm tra trường Status chỉ nhận giá trị Active/Deactivated | D92: User đăng nhập đã được phân quyền role maker sử dụng chức năng cho form nhập liệu | E92: 1. Truy cập màn hình Data Entry Form and Query Forms, chọn form Whitelist 2. Chọn Add 3. Kiểm tra danh sách giá trị của trường Status | G92: Drop-list Status chỉ có 2 giá trị Active và Deactivated, không cho nhập giá trị khác | H92: SIT | I92: Medium | J92: N | K92: Untested | L92: Untested | M92: Untested | P92: ADD
A93: =COUNTA($C$22:C93) -> 63 | B93: ="TM_DEF_"&$P93&"_"&TEXT(COUNTIF($P$22:$P93,$P93),"000") -> TM_DEF_ADD_014 | C93: Kiểm tra chức năng Thêm mới không thành công khi trùng bộ Key | D93: User đăng nhập đã được phân quyền role maker sử dụng chức năng cho form nhập liệu Đã tồn tại bản ghi có bộ Key (ID + ID Type + Application scenario) trên hệ thống | E93: 1. Truy cập màn hình Data Entry Form and Query Forms, chọn form Whitelist 2. Chọn Add 3. Nhập bản ghi có bộ Key (ID + ID Type + Application scenario) trùng bản ghi đã tồn tại, các trường khác nhập đúng và đủ 4. Nhấn nút Save | F93: ID/ID Type/Application scenario trùng bản ghi cũ | G93: Hệ thống hiển thị thông báo lỗi trùng lặp, không cho tạo bản ghi trùng bộ Key (kiểm tra trùng theo 3 trường Key) | H93: SIT | I93: High | J93: N | K93: Untested | L93: Untested | M93: Untested | P93: ADD
A94: =COUNTA($C$22:C94) -> 64 | B94: ="TM_DEF_"&$P94&"_"&TEXT(COUNTIF($P$22:$P94,$P94),"000") -> TM_DEF_ADD_015 | C94: Kiểm tra List Code tự sinh theo Mã kịch bản + STT khi tạo mới | D94: User đăng nhập đã được phân quyền role maker sử dụng chức năng cho form nhập liệu | E94: 1. Truy cập màn hình Data Entry Form and Query Forms, chọn form Whitelist 2. Chọn Add 3. Nhập bản ghi hợp lệ với Application scenario = AML-01, các trường khác nhập đúng và đủ 4. Nhấn nút Save | F94: Application scenario: AML-01 | G94: Hệ thống tự sinh List Code theo nguyên tắc Mã kịch bản + STT (VD: AML-01 + số thứ tự), gắn duy nhất với bản ghi | H94: SIT | I94: High | J94: N | K94: Untested | L94: Untested | M94: Untested | P94: ADD
A95: 3.3. Kiểm tra nút Chức năng
A96: =COUNTA($C$22:C96) -> 65 | B96: ="TM_DEF_"&$P96&"_"&TEXT(COUNTIF($P$22:$P96,$P96),"000") -> TM_DEF_ADD_016 | C96: Kiểm tra chức năng Thêm mới thành công khi nhấn Save | D96: User đăng nhập đã được phân quyền role maker sử dụng chức năng cho form nhập liệu | E96: 1. Truy cập màn hình Data Entry Form and Query Forms, chọn form Whitelist 2. Chọn Add 3. Các trường nhập đúng và đủ theo yêu cầu 4. Nhấn nút Save | F96: Bản ghi hợp lệ, Key chưa tồn tại | G96: 1. Hệ thống thông báo lưu thành công (SAVED SUCCESSFULLY) 2. Bản ghi được lưu, trạng thái phê duyệt = Unauthorized, chờ phê duyệt; ghi nhận Người tạo, Ngày tạo | H96: SIT | I96: High | J96: N | K96: Untested | L96: Untested | M96: Untested | P96: ADD
A97: =COUNTA($C$22:C97) -> 66 | B97: ="TM_DEF_"&$P97&"_"&TEXT(COUNTIF($P$22:$P97,$P97),"000") -> TM_DEF_ADD_017 | C97: Kiểm tra chức năng Thêm mới khi nhấn Cancel | D97: User đăng nhập đã được phân quyền role maker sử dụng chức năng cho form nhập liệu | E97: 1. Truy cập màn hình Data Entry Form and Query Forms, chọn form Whitelist 2. Chọn Add 3. Nhập dữ liệu vào các trường 4. Nhấn nút Cancel | G97: Hệ thống không lưu bản ghi; quay lại màn hình danh sách; dữ liệu vừa nhập không được tạo | H97: SIT | I97: Low | J97: N | K97: Untested | L97: Untested | M97: Untested | P97: ADD
A98: 4. Kiểm tra chức năng Chỉnh sửa
A99: 4.1. Kiểm tra giao diện hiển thị
A100: =COUNTA($C$22:C100) -> 67 | B100: ="TM_DEF_"&$P100&"_"&TEXT(COUNTIF($P$22:$P100,$P100),"000") -> TM_DEF_EDT_001 | C100: Kiểm tra giao diện hiển thị form Chỉnh sửa | D100: Form đã có dữ liệu User đăng nhập đã được phân quyền role maker sử dụng chức năng cho form nhập liệu | E100: 1. Truy cập màn hình Data Entry Form and Query Forms, chọn form Whitelist 2. Chọn một bản ghi 3. Chọn Edit 4. Kiểm tra giao diện hiển thị | G100: Form chỉnh sửa hiển thị và load đúng toàn bộ dữ liệu hiện tại của bản ghi được chọn | H100: SIT | I100: High | J100: N | K100: Untested | L100: Untested | M100: Untested | P100: EDT
A101: 4.2. Kiểm tra Validate các trường dữ liệu
A102: =COUNTA($C$22:C102) -> 68 | B102: ="TM_DEF_"&$P102&"_"&TEXT(COUNTIF($P$22:$P102,$P102),"000") -> TM_DEF_EDT_002 | C102: Kiểm tra không cho phép sửa trường List Code | D102: Form đã có dữ liệu User đăng nhập đã được phân quyền role maker sử dụng chức năng cho form nhập liệu | E102: 1. Truy cập màn hình Data Entry Form and Query Forms, chọn form Whitelist 2. Chọn một bản ghi 3. Chọn Edit 4. Thao tác sửa trường List Code | G102: Trường List Code ở trạng thái chỉ đọc, không cho chỉnh sửa (List Code gắn duy nhất với bản ghi) | H102: SIT | I102: Medium | J102: N | K102: Untested | L102: Untested | M102: Untested | P102: EDT
A103: =COUNTA($C$22:C103) -> 69 | B103: ="TM_DEF_"&$P103&"_"&TEXT(COUNTIF($P$22:$P103,$P103),"000") -> TM_DEF_EDT_003 | C103: Kiểm tra không cho phép sửa trường Effective date | D103: Form đã có dữ liệu User đăng nhập đã được phân quyền role maker sử dụng chức năng cho form nhập liệu | E103: 1. Truy cập màn hình Data Entry Form and Query Forms, chọn form Whitelist 2. Chọn một bản ghi 3. Chọn Edit 4. Thao tác sửa trường Effective date | G103: Trường Effective date ở trạng thái chỉ đọc, không cho chỉnh sửa | H103: SIT | I103: Medium | J103: N | K103: Untested | L103: Untested | M103: Untested | P103: EDT
A104: =COUNTA($C$22:C104) -> 70 | B104: ="TM_DEF_"&$P104&"_"&TEXT(COUNTIF($P$22:$P104,$P104),"000") -> TM_DEF_EDT_004 | C104: Kiểm tra chức năng Chỉnh sửa không thành công khi sửa trường ID thành rỗng | D104: Form đã có dữ liệu User đăng nhập đã được phân quyền role maker sử dụng chức năng cho form nhập liệu | E104: 1. Truy cập màn hình Data Entry Form and Query Forms, chọn form Whitelist 2. Chọn một bản ghi 3. Chọn Edit 4. Xóa trắng trường ID, các trường khác nhập đúng và đủ 5. Nhấn nút Save | F104: ID = <trống> | G104: Hệ thống hiển thị popup thông báo trong thời gian ngắn sau đó hiện in-text đỏ như sau: Row :1 - Error Code :1400 - ORA-01400: cannot insert NULL into ("Whitelist"."ID") [Ghi chú: mã/thông báo lỗi theo mẫu OFSAA, rà soát theo build Whitelist thực tế] | H104: SIT | I104: High | J104: N | K104: Untested | L104: Untested | M104: Untested | P104: EDT
A105: =COUNTA($C$22:C105) -> 71 | B105: ="TM_DEF_"&$P105&"_"&TEXT(COUNTIF($P$22:$P105,$P105),"000") -> TM_DEF_EDT_005 | C105: Kiểm tra chức năng Chỉnh sửa không thành công khi sửa trường ID Type thành rỗng | D105: Form đã có dữ liệu User đăng nhập đã được phân quyền role maker sử dụng chức năng cho form nhập liệu | E105: 1. Truy cập màn hình Data Entry Form and Query Forms, chọn form Whitelist 2. Chọn một bản ghi 3. Chọn Edit 4. Xóa trắng trường ID Type, các trường khác nhập đúng và đủ 5. Nhấn nút Save | F105: ID Type = <trống> | G105: Hệ thống hiển thị popup thông báo trong thời gian ngắn sau đó hiện in-text đỏ như sau: Row :1 - Error Code :1400 - ORA-01400: cannot insert NULL into ("Whitelist"."ID Type") [Ghi chú: mã/thông báo lỗi theo mẫu OFSAA, rà soát theo build Whitelist thực tế] | H105: SIT | I105: Medium | J105: N | K105: Untested | L105: Untested | M105: Untested | P105: EDT
A106: =COUNTA($C$22:C106) -> 72 | B106: ="TM_DEF_"&$P106&"_"&TEXT(COUNTIF($P$22:$P106,$P106),"000") -> TM_DEF_EDT_006 | C106: Kiểm tra chức năng Chỉnh sửa không thành công khi sửa trường Application scenario thành rỗng | D106: Form đã có dữ liệu User đăng nhập đã được phân quyền role maker sử dụng chức năng cho form nhập liệu | E106: 1. Truy cập màn hình Data Entry Form and Query Forms, chọn form Whitelist 2. Chọn một bản ghi 3. Chọn Edit 4. Xóa trắng trường Application scenario, các trường khác nhập đúng và đủ 5. Nhấn nút Save | F106: Application scenario = <trống> | G106: Hệ thống hiển thị popup thông báo trong thời gian ngắn sau đó hiện in-text đỏ như sau: Row :1 - Error Code :1400 - ORA-01400: cannot insert NULL into ("Whitelist"."Application scenario") [Ghi chú: mã/thông báo lỗi theo mẫu OFSAA, rà soát theo build Whitelist thực tế] | H106: SIT | I106: Medium | J106: N | K106: Untested | L106: Untested | M106: Untested | P106: EDT
A107: =COUNTA($C$22:C107) -> 73 | B107: ="TM_DEF_"&$P107&"_"&TEXT(COUNTIF($P$22:$P107,$P107),"000") -> TM_DEF_EDT_007 | C107: Kiểm tra chức năng Chỉnh sửa không thành công khi sửa trường Status thành rỗng | D107: Form đã có dữ liệu User đăng nhập đã được phân quyền role maker sử dụng chức năng cho form nhập liệu | E107: 1. Truy cập màn hình Data Entry Form and Query Forms, chọn form Whitelist 2. Chọn một bản ghi 3. Chọn Edit 4. Xóa trắng trường Status, các trường khác nhập đúng và đủ 5. Nhấn nút Save | F107: Status = <trống> | G107: Hệ thống hiển thị popup thông báo trong thời gian ngắn sau đó hiện in-text đỏ như sau: Row :1 - Error Code :1400 - ORA-01400: cannot insert NULL into ("Whitelist"."Status") [Ghi chú: mã/thông báo lỗi theo mẫu OFSAA, rà soát theo build Whitelist thực tế] | H107: SIT | I107: High | J107: N | K107: Untested | L107: Untested | M107: Untested | P107: EDT
A108: =COUNTA($C$22:C108) -> 74 | B108: ="TM_DEF_"&$P108&"_"&TEXT(COUNTIF($P$22:$P108,$P108),"000") -> TM_DEF_EDT_008 | C108: Kiểm tra chức năng Chỉnh sửa không thành công khi nhập quá độ dài | D108: Form đã có dữ liệu User đăng nhập đã được phân quyền role maker sử dụng chức năng cho form nhập liệu | E108: 1. Truy cập màn hình Data Entry Form and Query Forms, chọn form Whitelist 2. Chọn một bản ghi 3. Chọn Edit 4. Nhập trường Description vượt quá 500 ký tự 5. Nhấn nút Save | F108: Description: chuỗi 501 ký tự | G108: Hệ thống chặn ngay từ lúc nhập nên không được nhập quá ký tự quy định. | H108: SIT | I108: Low | J108: N | K108: Untested | L108: Untested | M108: Untested | P108: EDT
A109: =COUNTA($C$22:C109) -> 75 | B109: ="TM_DEF_"&$P109&"_"&TEXT(COUNTIF($P$22:$P109,$P109),"000") -> TM_DEF_EDT_009 | C109: Kiểm tra chức năng Chỉnh sửa trường thuộc bộ Key kiểm tra trùng lặp | D109: Form đã có dữ liệu Đã tồn tại bản ghi khác có bộ Key sẽ bị trùng sau khi sửa User đăng nhập đã được phân quyền role maker sử dụng chức năng cho form nhập liệu | E109: 1. Truy cập màn hình Data Entry Form and Query Forms, chọn form Whitelist 2. Chọn một bản ghi 3. Chọn Edit 4. Sửa một trong ba trường Key (ID/ID Type/Application scenario) thành bộ Key đã tồn tại ở bản ghi khác 5. Nhấn nút Save | F109: Bộ Key sau sửa trùng bản ghi khác | G109: Hệ thống hiển thị thông báo lỗi trùng lặp bộ Key, không cho lưu | H109: SIT | I109: High | J109: N | K109: Untested | L109: Untested | M109: Untested | P109: EDT
A110: 4.3. Kiểm tra nút Chức năng
A111: =COUNTA($C$22:C111) -> 76 | B111: ="TM_DEF_"&$P111&"_"&TEXT(COUNTIF($P$22:$P111,$P111),"000") -> TM_DEF_EDT_010 | C111: Kiểm tra chức năng Chỉnh sửa thành công khi nhấn Save | D111: Form đã có dữ liệu User đăng nhập đã được phân quyền role maker sử dụng chức năng cho form nhập liệu | E111: 1. Truy cập màn hình Data Entry Form and Query Forms, chọn form Whitelist 2. Chọn một bản ghi 3. Chọn Edit 4. Sửa các trường được phép (VD: Status, Comment) đúng và đủ 5. Nhấn nút Save | F111: Status: Active -> Deactivated | G111: 1. Hệ thống thông báo lưu thành công 2. Bản ghi được cập nhật, chuyển trạng thái Unauthorized/Modified, chờ phê duyệt | H111: SIT | I111: High | J111: N | K111: Untested | L111: Untested | M111: Untested | P111: EDT
A112: =COUNTA($C$22:C112) -> 77 | B112: ="TM_DEF_"&$P112&"_"&TEXT(COUNTIF($P$22:$P112,$P112),"000") -> TM_DEF_EDT_011 | C112: Kiểm tra chức năng Chỉnh sửa khi nhấn Cancel | D112: Form đã có dữ liệu User đăng nhập đã được phân quyền role maker sử dụng chức năng cho form nhập liệu | E112: 1. Truy cập màn hình Data Entry Form and Query Forms, chọn form Whitelist 2. Chọn một bản ghi 3. Chọn Edit 4. Sửa dữ liệu 5. Nhấn nút Cancel | G112: Hệ thống không lưu thay đổi; dữ liệu bản ghi giữ nguyên như trước khi sửa | H112: SIT | I112: Low | J112: N | K112: Untested | L112: Untested | M112: Untested | P112: EDT
A113: 5. Kiểm tra chức năng Xóa
A114: =COUNTA($C$22:C114) -> 78 | B114: ="TM_DEF_"&$P114&"_"&TEXT(COUNTIF($P$22:$P114,$P114),"000") -> TM_DEF_DEL_001 | C114: Xóa thành công bản ghi có trạng thái Unauthorized | D114: User đăng nhập đã được phân quyền role maker sử dụng chức năng cho form nhập liệu Đã thêm mới bản ghi thành công | E114: 1. Truy cập màn hình Data Entry Form and Query Forms, chọn form Whitelist 2. Chọn một bản ghi có trạng thái Unauthorized 3. Nhấn nút Delete 4. Nhấn nút OK để xác nhận xóa | F114: Bản ghi Unauthorized | G114: 1. Hệ thống thực hiện xóa bản ghi đã chọn và thông báo xóa thành công cho NSD | H114: SIT | I114: High | J114: N | K114: Untested | L114: Untested | M114: Untested | P114: DEL
A115: =COUNTA($C$22:C115) -> 79 | B115: ="TM_DEF_"&$P115&"_"&TEXT(COUNTIF($P$22:$P115,$P115),"000") -> TM_DEF_DEL_002 | C115: Xóa thành công bản ghi có trạng thái Authorized | D115: User đăng nhập đã được phân quyền role checker sử dụng chức năng cho form nhập liệu Đã tồn tại bản ghi Authorized | E115: 1. Truy cập màn hình Data Entry Form and Query Forms, chọn form Whitelist 2. Chọn một bản ghi có trạng thái Authorized 3. Nhấn nút Delete 4. Nhấn nút OK để xác nhận xóa | F115: Bản ghi Authorized | G115: 1. Hệ thống thực hiện xóa bản ghi đã chọn (chờ phê duyệt xóa) 2. Database ghi nhận bản ghi với cờ trạng thái = D (Deleted) [Ghi chú: mã/thông báo lỗi theo mẫu OFSAA, rà soát theo build Whitelist thực tế] | H115: SIT | I115: High | J115: N | K115: Untested | L115: Untested | M115: Untested | P115: DEL
...

Sheet Legend
A1: Giai đoạn kiểm thử
A2: Test Level
A3: Giá trị | B3: Giải thích
A4: Value | B4: Description
A5: UT | B5: Kiểm thử kỹ thuật (Unit Test) (IT thực hiện)
A6: SIT | B6: Kiểm thử tích hợp hệ thống (System Integration Test) (IT thực hiện)
A7: OAT | B7: Kiểm thử vận hành (Operation Acceptance Test) (IT thực hiện)
A8: ST | B8: Kiểm thử an ninh thông tin (Security Test) (IT thực hiện)
A9: UAT | B9: Kiểm thử người dùng cuối (User Acceptance Test) (ĐVNV thực hiện)
A12: Độ ưu tiên
A13: Priority
A14: Giá trị | B14: Giải thích
A15: Value | B15: Description
A16: High | B16: Ưu tiên cao
A17: Medium | B17: Ưu tiên trung bình
A18: Low | B18: Ưu tiên thấp/không ưu tiên
A20: Cách thực hiện test | F20: Passed
A21: Automation Status | F21: Failed
A22: Giá trị | B22: Giải thích | F22: Untested
A23: Value | B23: Description | F23: Accepted
A24: Y | B24: Thực hiện Auto test | F24: Pending
A25: N | B25: Thực hiện Manual test | F25: Cancel
A27: Trạng thái
A28: Status
A29: Giá trị | B29: Giải thích
A30: Value | B30: Description
A31: Untested | B31: Chưa thực hiện
A32: Passed | B32: Đạt yêu cầu
A33: Failed | B33: Không đạt yêu cầu
A34: Pending | B34: Pending
B35: Một testcase tạm dừng thực hiện do ảnh hưởng bởi testcase khác fail hoặc cần xác nhận từ các bên liên quan.
A36: Cancel | B36: Không thực hiện
A37: Total | B37: Total = 'Untested' + 'Passed' + 'Failed' + 'Pending' + 'Cancel
A38: % Executed | B38: % Executed = ('Total' - 'Todo' - 'Un-executed')/'Total'
A39: % Pass | B39: % Pass = 'Pass'/'Total'
