Workbook

Sheet Cover
E8: Test Report
C11: Project Name: | E11: DỰ ÁN TRIỂN KHAI BẢN QUYỀN PHẦN MỀM HỆ THỐNG AML MỚI | G11: Reviewer:
C12: Document Code: | G12: Position:
C13: Originator: | G13: Reviewed Date:
C14: Position: | G14: Approver:
C15: Created Date: | E15: 46157 | G15: Position:
C16: Version: | E16: 1.0 | G16: Approved Date:

Sheet Records
A1: TABLE OF CONTENT
A3: No | B3: Items | C3: Content
A4: 1 | B4: Cover | C4: Cover
A5: 2 | B5: Records | C5: Record of changes
A6: 3 | B6: Test Report | C6: This test report is used to summarize the testing status of the project
A7: 4 | B7: ETL | C7: Testcase kiểm tra ETL (STG Batch) — đối chiếu dữ liệu core banking MSB với các bảng STG_* theo MSB_TM_DataMapping_STG_Batch v1.0
A9: Effective Date | B9: A, M, D | C9: Change Description | F9: New Version | G9: Author
A10: 46273 | B10: A | C10: Create new TC | F10: 1

Sheet Test Report
B2: SYSTEM TEST REPORT
A5: Project | B5: =Cover!E11 -> DỰ ÁN TRIỂN KHAI BẢN QUYỀN PHẦN MỀM HỆ THỐNG AML MỚI | D5: Project manager
A6: Application | D6: Approved Date
A7: Consolidated By | D7: Reviewed By
A8: Build Versions | B8: =Cover!E16 -> 1.0 | D8: Reviewed date
A9: Test Environment | B9: SIT
A10: Last Updated Date | B10: =TODAY() -> 46287
A11: Test Execution Summary
A12: Reported by
A13: Date
A14: Test Results (Round1) | B14: Passed | C14: Failed | D14: Untested | E14: Accepted | F14: Pending | G14: Cancel | H14: Total
B15: =B16 -> 0 | C15: =C16 -> 0 | D15: =D16 -> 54 | E15: =E16 -> 0 | F15: =F16 -> 0 | G15: =G16 -> 0 | H15: =SUM(B15:F15) -> 54
A16: Test cases | B16: =ETL!F6 -> 0 | C16: =ETL!F7 -> 0 | D16: =ETL!F8 -> 54 | E16: =ETL!F9 -> 0 | F16: =ETL!F10 -> 0 | G16: =ETL!F11 -> 0 | H16: =SUM(B16:G16) -> 54
A18: Test Results (Round2) | B18: =B19 -> 0 | C18: =C19 -> 0 | D18: =D19 -> 54 | E18: =E19 -> 0 | F18: =F19 -> 0 | G18: =G19 -> 0 | H18: =SUM(B18:F18) -> 54
A19: Test cases | B19: =ETL!F15 -> 0 | C19: =ETL!F16 -> 0 | D19: =ETL!F17 -> 54 | E19: =ETL!F18 -> 0 | F19: =ETL!F19 -> 0 | G19: =ETL!F20 -> 0 | H19: =SUM(B19:G19) -> 54
A20: Test coverage
A21: Test coverage | H21: =IF(H18=0, IF(H15=0,0,(H15-D15)/H15), (H18-D18)/H18) -> 0
A22: Test successful coverage | H22: =IF(H18=0, IF(H15=0,0,B15/H15), B18/H18) -> 0
A23: Issues
A24: 1. Block testing issue
A25: 2. Critical defects

Sheet ETL
B1: Functions | C1: DỰ ÁN TRIỂN KHAI BẢN QUYỀN PHẦN MỀM HỆ THỐNG AML MỚI
B2: Build Version | C2: v1.0
B3: ROUND 1
C4: High | D4: Medium | E4: Low | F4: Total
C5: =SUM(C6:C10) -> 54 | D5: =SUM(D6:D10) -> 0 | E5: =SUM(E6:E10) -> 0 | F5: =SUM(C5:E5) -> 54
B6: Passed | C6: =COUNTIFS($K:$K, $B6,$I:$I,C$4) -> 0 | D6: =COUNTIFS($K:$K, $B6,$I:$I,D$4) -> 0 | E6: =COUNTIFS($K:$K, $B6,$I:$I,E$4) -> 0 | F6: =SUM(C6:E6) -> 0
B7: Failed | C7: =COUNTIFS($K:$K, $B7,$I:$I,C$4) -> 0 | D7: =COUNTIFS($K:$K, $B7,$I:$I,D$4) -> 0 | E7: =COUNTIFS($K:$K, $B7,$I:$I,E$4) -> 0 | F7: =SUM(C7:E7) -> 0
B8: Untested | C8: =COUNTIFS($K:$K, $B8,$I:$I,C$4) -> 54 | D8: =COUNTIFS($K:$K, $B8,$I:$I,D$4) -> 0 | E8: =COUNTIFS($K:$K, $B8,$I:$I,E$4) -> 0 | F8: =SUM(C8:E8) -> 54
B9: Accepted | C9: =COUNTIFS($K:$K, $B9,$I:$I,C$4) -> 0 | D9: =COUNTIFS($K:$K, $B9,$I:$I,D$4) -> 0 | E9: =COUNTIFS($K:$K, $B9,$I:$I,E$4) -> 0 | F9: =SUM(C9:E9) -> 0
B10: Pending | C10: =COUNTIFS($K:$K, $B10,$I:$I,C$4) -> 0 | D10: =COUNTIFS($K:$K, $B10,$I:$I,D$4) -> 0 | E10: =COUNTIFS($K:$K, $B10,$I:$I,E$4) -> 0 | F10: =SUM(C10:E10) -> 0
B11: Cancel | C11: =COUNTIFS($K:$K, $B11,$I:$I,C$4) -> 0 | D11: =COUNTIFS($K:$K, $B11,$I:$I,D$4) -> 0 | E11: =COUNTIFS($K:$K, $B11,$I:$I,E$4) -> 0 | F11: =SUM(C11:E11) -> 0
B12: ROUND2
C13: High | D13: Medium | E13: Low | F13: Total
C14: =SUM(C15:C19) -> 54 | D14: =SUM(D15:D19) -> 0 | E14: =SUM(E15:E19) -> 0 | F14: =SUM(C14:E14) -> 54
B15: Passed | C15: =COUNTIFS($L:$L, $B15,$I:$I,C$4) -> 0 | D15: =COUNTIFS($L:$L, $B15,$I:$I,D$4) -> 0 | E15: =COUNTIFS($L:$L, $B15,$I:$I,E$4) -> 0 | F15: =SUM(C15:E15) -> 0
B16: Failed | C16: =COUNTIFS($L:$L, $B16,$I:$I,C$4) -> 0 | D16: =COUNTIFS($L:$L, $B16,$I:$I,D$4) -> 0 | E16: =COUNTIFS($L:$L, $B16,$I:$I,E$4) -> 0 | F16: =SUM(C16:E16) -> 0
B17: Untested | C17: =COUNTIFS($L:$L, $B17,$I:$I,C$4) -> 54 | D17: =COUNTIFS($L:$L, $B17,$I:$I,D$4) -> 0 | E17: =COUNTIFS($L:$L, $B17,$I:$I,E$4) -> 0 | F17: =SUM(C17:E17) -> 54
B18: Accepted | C18: =COUNTIFS($L:$L, $B18,$I:$I,C$4) -> 0 | D18: =COUNTIFS($L:$L, $B18,$I:$I,D$4) -> 0 | E18: =COUNTIFS($L:$L, $B18,$I:$I,E$4) -> 0 | F18: =SUM(C18:E18) -> 0
B19: Pending | C19: =COUNTIFS($L:$L, $B19,$I:$I,C$4) -> 0 | D19: =COUNTIFS($L:$L, $B19,$I:$I,D$4) -> 0 | E19: =COUNTIFS($L:$L, $B19,$I:$I,E$4) -> 0 | F19: =SUM(C19:E19) -> 0
B20: Cancel | C20: =COUNTIFS($L:$L, $B20,$I:$I,C$4) -> 0 | D20: =COUNTIFS($L:$L, $B20,$I:$I,D$4) -> 0 | E20: =COUNTIFS($L:$L, $B20,$I:$I,E$4) -> 0 | F20: =SUM(C20:E20) -> 0
A21: STT | B21: Test case Id | C21: Test case Title | D21: Pre-conditions | E21: Test Steps | F21: Test Datas | G21: Expected result | H21: Test Environment | I21: Priority | J21: Automation Status | K21: 1st Test Results | L21: 2nd Test Results | M21: 3rd Test Results | N21: BugID | O21: Notes
A22: I. CU — Nhóm bảng chứa thông tin Khách hàng (Customer) (11 bảng / 33 testcase)
A23: I.1 STG_PARTY_MASTER — KH – thông tin định danh/nhân khẩu/tổ chức
A24: 1 | B24: TM_ETL_CU_CUS_001 | C24: Kiểm tra số lượng bản ghi | D24: Batch/job ETL đã chạy xong cho ngày dữ liệu kiểm thử (FIC_MIS_DATE = &TEST_DATE). | E24: - Đếm số bản ghi bảng nguồn (hệ thống nguồn/bảng nguồn MSB (CHƯA xác định)) theo ngày dữ liệu kiểm thử - Đếm số bản ghi bảng đích STG_PARTY_MASTER theo FIC_MIS_DATE - So sánh 2 kết quả | G24: Số bản ghi của bảng nguồn = Số bản ghi của bảng đích STG_PARTY_MASTER, đã lọc theo điều kiện FIC_MIS_DATE = &TEST_DATE | H24: SIT | I24: High | J24: N | K24: Untested | L24: Untested | M24: Untested | O24: [Unverified] MSB chưa cung cấp bảng/trường nguồn (cột 'Bảng nguồn'/'Trường nguồn' trong file MSB_TM_DataMapping_STG_Batch_V1_0.xlsx còn trống cho bảng này) — xem AT-02 (nguồn FIC_MIS_DATE + dấu hiệu bản ghi mới/cập nhật, đăng ký V_DATA_ORIGIN); AT-09 (thống nhất danh mục codeset); AT-10 (nguồn quốc gia/quốc tịch ISO2 + bảng map) trong sheet '★ Action Tracker (MSB)' của file đó. Cập nhật cột 'Test Datas' sau khi có mapping.
A25: 2 | B25: TM_ETL_CU_CUS_002 | C25: Kiểm tra bản ghi trùng lặp | D25: Batch/job ETL đã chạy xong cho ngày dữ liệu kiểm thử (FIC_MIS_DATE = &TEST_DATE). | E25: Kiểm tra key tất cả các bản ghi trong bảng đích STG_PARTY_MASTER theo tổ hợp khóa chính (V_PARTY_ID, FIC_MIS_DATE), lọc theo FIC_MIS_DATE | F25: SELECT V_PARTY_ID, FIC_MIS_DATE, COUNT(*) AS SL FROM STG_PARTY_MASTER WHERE FIC_MIS_DATE = DATE '&TEST_DATE' GROUP BY V_PARTY_ID, FIC_MIS_DATE HAVING COUNT(*) > 1; | G25: Không có bản ghi nào trùng key (câu SQL trả về 0 dòng) | H25: SIT | I25: High | J25: N | K25: Untested | L25: Untested | M25: Untested | O25: PK theo mapping v1.0.
A26: 3 | B26: TM_ETL_CU_CUS_003 | C26: Kiểm tra tính đồng nhất của các trường dữ liệu | D26: Batch/job ETL đã chạy xong cho ngày dữ liệu kiểm thử (FIC_MIS_DATE = &TEST_DATE). | E26: Check toàn bộ dữ liệu các trường trong bảng đích STG_PARTY_MASTER so với các trường trong bảng nguồn theo logic mapping (nguồn: hệ thống nguồn/bảng nguồn MSB (CHƯA xác định)) | G26: Tất cả các trường có dữ liệu trong bảng nguồn theo logic mapping và bảng đích STG_PARTY_MASTER giống nhau (câu lệnh MINUS trả về 0 dòng). Các cột đích cần đối chiếu (35): FIC_MIS_DATE, V_DATA_JURISDICTION, V_BUSINESS_DOMAIN, V_PARTY_ID, V_PARTY_NAME, V_DISPLAY_NM, V_PARTY_TYPE, D_DATE_OF_BIRTH, V_GENDER, V_NATIONALITY_COUNTRY, V_DOMICILE_COUNTRY, V_PROFESSION, V_ORG_CONSTITUENT_TYPE, V_INDUSTRY_CODE, D_INCORPORATION_DATE, V_PARTY_TAX_ID, V_BUSS_SEGMENT, N_KYC_RISK, D_START_DATE, V_DATA_ORIGIN, V_INCORPORATION_COUNTRY_CD, V_CITIZENSHIP_TYPE, V_BENEFICIAL_OWNER_CATEGORY, V_EMP_COMPANY, V_OCCUPATION_STATUS, V_EDUCATION, V_RESIDENCY_STATUS_INDICATOR, V_ADDRESS_OFF_FAX_NO, V_WEBSITE, V_BRANCH_CODE, V_JOB_TITLE, V_PARTY_FULL_NAME, V_PARTY_ALIAS, V_SECONDARY_CITIZENSHIP, F_SAR_STR_FLAG | H26: SIT | I26: High | J26: N | K26: Untested | L26: Untested | M26: Untested | O26: [Unverified] MSB chưa cung cấp bảng/trường nguồn (cột 'Bảng nguồn'/'Trường nguồn' trong file MSB_TM_DataMapping_STG_Batch_V1_0.xlsx còn trống cho bảng này) — xem AT-02 (nguồn FIC_MIS_DATE + dấu hiệu bản ghi mới/cập nhật, đăng ký V_DATA_ORIGIN); AT-09 (thống nhất danh mục codeset); AT-10 (nguồn quốc gia/quốc tịch ISO2 + bảng map) trong sheet '★ Action Tracker (MSB)' của file đó. Cập nhật cột 'Test Datas' (câu lệnh MINUS) sau khi có mapping.
A27: I.2 STG_ADDRESS_MASTER — Nội dung địa chỉ (mô hình OFSAA)
A28: 4 | B28: TM_ETL_CU_ADR_001 | C28: Kiểm tra số lượng bản ghi | D28: Batch/job ETL đã chạy xong cho ngày dữ liệu kiểm thử (FIC_MIS_DATE = &TEST_DATE). | E28: - Đếm số bản ghi bảng nguồn (hệ thống nguồn/bảng nguồn MSB (CHƯA xác định)) theo ngày dữ liệu kiểm thử - Đếm số bản ghi bảng đích STG_ADDRESS_MASTER theo FIC_MIS_DATE - So sánh 2 kết quả | G28: Số bản ghi của bảng nguồn = Số bản ghi của bảng đích STG_ADDRESS_MASTER, đã lọc theo điều kiện FIC_MIS_DATE = &TEST_DATE | H28: SIT | I28: High | J28: N | K28: Untested | L28: Untested | M28: Untested | O28: [Unverified] MSB chưa cung cấp bảng/trường nguồn (cột 'Bảng nguồn'/'Trường nguồn' trong file MSB_TM_DataMapping_STG_Batch_V1_0.xlsx còn trống cho bảng này) — xem AT-02 (nguồn FIC_MIS_DATE + dấu hiệu bản ghi mới/cập nhật, đăng ký V_DATA_ORIGIN) trong sheet '★ Action Tracker (MSB)' của file đó. Cập nhật cột 'Test Datas' sau khi có mapping.
A29: 5 | B29: TM_ETL_CU_ADR_002 | C29: Kiểm tra bản ghi trùng lặp | D29: Batch/job ETL đã chạy xong cho ngày dữ liệu kiểm thử (FIC_MIS_DATE = &TEST_DATE). | E29: Kiểm tra key tất cả các bản ghi trong bảng đích STG_ADDRESS_MASTER theo tổ hợp khóa chính (FIC_MIS_DATE, V_ADDRESS_ID), lọc theo FIC_MIS_DATE | F29: SELECT FIC_MIS_DATE, V_ADDRESS_ID, COUNT(*) AS SL FROM STG_ADDRESS_MASTER WHERE FIC_MIS_DATE = DATE '&TEST_DATE' GROUP BY FIC_MIS_DATE, V_ADDRESS_ID HAVING COUNT(*) > 1; | G29: Không có bản ghi nào trùng key (câu SQL trả về 0 dòng) | H29: SIT | I29: High | J29: N | K29: Untested | L29: Untested | M29: Untested | O29: PK theo mapping v1.0.
A30: 6 | B30: TM_ETL_CU_ADR_003 | C30: Kiểm tra tính đồng nhất của các trường dữ liệu | D30: Batch/job ETL đã chạy xong cho ngày dữ liệu kiểm thử (FIC_MIS_DATE = &TEST_DATE). | E30: Check toàn bộ dữ liệu các trường trong bảng đích STG_ADDRESS_MASTER so với các trường trong bảng nguồn theo logic mapping (nguồn: hệ thống nguồn/bảng nguồn MSB (CHƯA xác định)) | G30: Tất cả các trường có dữ liệu trong bảng nguồn theo logic mapping và bảng đích STG_ADDRESS_MASTER giống nhau (câu lệnh MINUS trả về 0 dòng). Các cột đích cần đối chiếu (7): FIC_MIS_DATE, V_ADDRESS_ID, V_ADDRESS_LINE1, V_ADDRESS_LINE2, V_CITY, V_COUNTRY_CODE, V_DATA_ORIGIN Các trường gán mặc định đã xác nhận (sheet '1. Cơ chế Load' / mapping): V_ADDRESS_ID=Sinh mã địa chỉ (PK) để liên kết STG_PARTY_ADDRESS_MAP; V_DATA_ORIGIN=Gán mặc định = 'MSB'. | H30: SIT | I30: High | J30: N | K30: Untested | L30: Untested | M30: Untested | O30: [Unverified] MSB chưa cung cấp bảng/trường nguồn (cột 'Bảng nguồn'/'Trường nguồn' trong file MSB_TM_DataMapping_STG_Batch_V1_0.xlsx còn trống cho bảng này) — xem AT-02 (nguồn FIC_MIS_DATE + dấu hiệu bản ghi mới/cập nhật, đăng ký V_DATA_ORIGIN) trong sheet '★ Action Tracker (MSB)' của file đó. Cập nhật cột 'Test Datas' (câu lệnh MINUS) sau khi có mapping.
A31: I.3 STG_PARTY_ADDRESS_MAP — Liên kết KH–địa chỉ + mục đích địa chỉ
A32: 7 | B32: TM_ETL_CU_PAD_001 | C32: Kiểm tra số lượng bản ghi | D32: Batch/job ETL đã chạy xong cho ngày dữ liệu kiểm thử (FIC_MIS_DATE = &TEST_DATE). | E32: - Đếm số bản ghi bảng nguồn (hệ thống nguồn/bảng nguồn MSB (CHƯA xác định)) theo ngày dữ liệu kiểm thử - Đếm số bản ghi bảng đích STG_PARTY_ADDRESS_MAP theo FIC_MIS_DATE - So sánh 2 kết quả | G32: Số bản ghi của bảng nguồn = Số bản ghi của bảng đích STG_PARTY_ADDRESS_MAP, đã lọc theo điều kiện FIC_MIS_DATE = &TEST_DATE | H32: SIT | I32: High | J32: N | K32: Untested | L32: Untested | M32: Untested | O32: [Unverified] MSB chưa cung cấp bảng/trường nguồn (cột 'Bảng nguồn'/'Trường nguồn' trong file MSB_TM_DataMapping_STG_Batch_V1_0.xlsx còn trống cho bảng này) — xem AT-02 (nguồn FIC_MIS_DATE + dấu hiệu bản ghi mới/cập nhật, đăng ký V_DATA_ORIGIN) trong sheet '★ Action Tracker (MSB)' của file đó. Cập nhật cột 'Test Datas' sau khi có mapping.
A33: 8 | B33: TM_ETL_CU_PAD_002 | C33: Kiểm tra bản ghi trùng lặp | D33: Batch/job ETL đã chạy xong cho ngày dữ liệu kiểm thử (FIC_MIS_DATE = &TEST_DATE). | E33: Kiểm tra key tất cả các bản ghi trong bảng đích STG_PARTY_ADDRESS_MAP theo tổ hợp khóa chính (FIC_MIS_DATE, V_ADDRESS_ID, V_ADDRESS_PURPOSE_TYPE_CD, V_PARTY_ID), lọc theo FIC_MIS_DATE | F33: SELECT FIC_MIS_DATE, V_ADDRESS_ID, V_ADDRESS_PURPOSE_TYPE_CD, V_PARTY_ID, COUNT(*) AS SL FROM STG_PARTY_ADDRESS_MAP WHERE FIC_MIS_DATE = DATE '&TEST_DATE' GROUP BY FIC_MIS_DATE, V_ADDRESS_ID, V_ADDRESS_PURPOSE_TYPE_CD, V_PARTY_ID HAVING COUNT(*) > 1; | G33: Không có bản ghi nào trùng key (câu SQL trả về 0 dòng) | H33: SIT | I33: High | J33: N | K33: Untested | L33: Untested | M33: Untested | O33: PK theo mapping v1.0.
A34: 9 | B34: TM_ETL_CU_PAD_003 | C34: Kiểm tra tính đồng nhất của các trường dữ liệu | D34: Batch/job ETL đã chạy xong cho ngày dữ liệu kiểm thử (FIC_MIS_DATE = &TEST_DATE). | E34: Check toàn bộ dữ liệu các trường trong bảng đích STG_PARTY_ADDRESS_MAP so với các trường trong bảng nguồn theo logic mapping (nguồn: hệ thống nguồn/bảng nguồn MSB (CHƯA xác định)) | G34: Tất cả các trường có dữ liệu trong bảng nguồn theo logic mapping và bảng đích STG_PARTY_ADDRESS_MAP giống nhau (câu lệnh MINUS trả về 0 dòng). Các cột đích cần đối chiếu (5): FIC_MIS_DATE, V_ADDRESS_ID, V_ADDRESS_PURPOSE_TYPE_CD, V_PARTY_ID, N_SEQUENCE_NUMBER | H34: SIT | I34: High | J34: N | K34: Untested | L34: Untested | M34: Untested | O34: [Unverified] MSB chưa cung cấp bảng/trường nguồn (cột 'Bảng nguồn'/'Trường nguồn' trong file MSB_TM_DataMapping_STG_Batch_V1_0.xlsx còn trống cho bảng này) — xem AT-02 (nguồn FIC_MIS_DATE + dấu hiệu bản ghi mới/cập nhật, đăng ký V_DATA_ORIGIN) trong sheet '★ Action Tracker (MSB)' của file đó. Cập nhật cột 'Test Datas' (câu lệnh MINUS) sau khi có mapping.
A35: I.4 STG_PARTY_PHONE_MAP — Số điện thoại / fax của KH
A36: 10 | B36: TM_ETL_CU_PHO_001 | C36: Kiểm tra số lượng bản ghi | D36: Batch/job ETL đã chạy xong cho ngày dữ liệu kiểm thử (FIC_MIS_DATE = &TEST_DATE). | E36: - Đếm số bản ghi bảng nguồn (hệ thống nguồn/bảng nguồn MSB (CHƯA xác định)) theo ngày dữ liệu kiểm thử - Đếm số bản ghi bảng đích STG_PARTY_PHONE_MAP theo FIC_MIS_DATE - So sánh 2 kết quả | G36: Số bản ghi của bảng nguồn = Số bản ghi của bảng đích STG_PARTY_PHONE_MAP, đã lọc theo điều kiện FIC_MIS_DATE = &TEST_DATE | H36: SIT | I36: High | J36: N | K36: Untested | L36: Untested | M36: Untested | O36: [Unverified] MSB chưa cung cấp bảng/trường nguồn (cột 'Bảng nguồn'/'Trường nguồn' trong file MSB_TM_DataMapping_STG_Batch_V1_0.xlsx còn trống cho bảng này) — xem AT-01 (quy tắc UNPIVOT SĐT/email + sinh V_PHONE_ID/V_EMAIL_ID) trong sheet '★ Action Tracker (MSB)' của file đó. Cập nhật cột 'Test Datas' sau khi có mapping.
A37: 11 | B37: TM_ETL_CU_PHO_002 | C37: Kiểm tra bản ghi trùng lặp | D37: Batch/job ETL đã chạy xong cho ngày dữ liệu kiểm thử (FIC_MIS_DATE = &TEST_DATE). | E37: Kiểm tra key tất cả các bản ghi trong bảng đích STG_PARTY_PHONE_MAP theo tổ hợp khóa chính (FIC_MIS_DATE, V_PARTY_ID, V_PHONE_ID, V_PHONE_PURPOSE_TYPE_CD), lọc theo FIC_MIS_DATE | F37: SELECT FIC_MIS_DATE, V_PARTY_ID, V_PHONE_ID, V_PHONE_PURPOSE_TYPE_CD, COUNT(*) AS SL FROM STG_PARTY_PHONE_MAP WHERE FIC_MIS_DATE = DATE '&TEST_DATE' GROUP BY FIC_MIS_DATE, V_PARTY_ID, V_PHONE_ID, V_PHONE_PURPOSE_TYPE_CD HAVING COUNT(*) > 1; | G37: Không có bản ghi nào trùng key (câu SQL trả về 0 dòng) | H37: SIT | I37: High | J37: N | K37: Untested | L37: Untested | M37: Untested | O37: PK theo mapping v1.0.
A38: 12 | B38: TM_ETL_CU_PHO_003 | C38: Kiểm tra tính đồng nhất của các trường dữ liệu | D38: Batch/job ETL đã chạy xong cho ngày dữ liệu kiểm thử (FIC_MIS_DATE = &TEST_DATE). | E38: Check toàn bộ dữ liệu các trường trong bảng đích STG_PARTY_PHONE_MAP so với các trường trong bảng nguồn theo logic mapping (nguồn: hệ thống nguồn/bảng nguồn MSB (CHƯA xác định)) | G38: Tất cả các trường có dữ liệu trong bảng nguồn theo logic mapping và bảng đích STG_PARTY_PHONE_MAP giống nhau (câu lệnh MINUS trả về 0 dòng). Các cột đích cần đối chiếu (6): FIC_MIS_DATE, V_PARTY_ID, V_PHONE_ID, V_PHONE_PURPOSE_TYPE_CD, N_SEQUENCE_NUMBER, V_PHONE_NUMBER | H38: SIT | I38: High | J38: N | K38: Untested | L38: Untested | M38: Untested | O38: [Unverified] MSB chưa cung cấp bảng/trường nguồn (cột 'Bảng nguồn'/'Trường nguồn' trong file MSB_TM_DataMapping_STG_Batch_V1_0.xlsx còn trống cho bảng này) — xem AT-01 (quy tắc UNPIVOT SĐT/email + sinh V_PHONE_ID/V_EMAIL_ID) trong sheet '★ Action Tracker (MSB)' của file đó. Cập nhật cột 'Test Datas' (câu lệnh MINUS) sau khi có mapping.
A39: I.5 STG_PARTY_EMAIL_MAP — Email của KH
A40: 13 | B40: TM_ETL_CU_EML_001 | C40: Kiểm tra số lượng bản ghi | D40: Batch/job ETL đã chạy xong cho ngày dữ liệu kiểm thử (FIC_MIS_DATE = &TEST_DATE). | E40: - Đếm số bản ghi bảng nguồn (hệ thống nguồn/bảng nguồn MSB (CHƯA xác định)) theo ngày dữ liệu kiểm thử - Đếm số bản ghi bảng đích STG_PARTY_EMAIL_MAP theo FIC_MIS_DATE - So sánh 2 kết quả | G40: Số bản ghi của bảng nguồn = Số bản ghi của bảng đích STG_PARTY_EMAIL_MAP, đã lọc theo điều kiện FIC_MIS_DATE = &TEST_DATE | H40: SIT | I40: High | J40: N | K40: Untested | L40: Untested | M40: Untested | O40: [Unverified] MSB chưa cung cấp bảng/trường nguồn (cột 'Bảng nguồn'/'Trường nguồn' trong file MSB_TM_DataMapping_STG_Batch_V1_0.xlsx còn trống cho bảng này) — xem AT-01 (quy tắc UNPIVOT SĐT/email + sinh V_PHONE_ID/V_EMAIL_ID) trong sheet '★ Action Tracker (MSB)' của file đó. Cập nhật cột 'Test Datas' sau khi có mapping.
A41: 14 | B41: TM_ETL_CU_EML_002 | C41: Kiểm tra bản ghi trùng lặp | D41: Batch/job ETL đã chạy xong cho ngày dữ liệu kiểm thử (FIC_MIS_DATE = &TEST_DATE). | E41: Kiểm tra key tất cả các bản ghi trong bảng đích STG_PARTY_EMAIL_MAP theo tổ hợp khóa chính (FIC_MIS_DATE, V_EMAIL_ID, V_EMAIL_PURPOSE_TYPE_CD, V_PARTY_ID), lọc theo FIC_MIS_DATE | F41: SELECT FIC_MIS_DATE, V_EMAIL_ID, V_EMAIL_PURPOSE_TYPE_CD, V_PARTY_ID, COUNT(*) AS SL FROM STG_PARTY_EMAIL_MAP WHERE FIC_MIS_DATE = DATE '&TEST_DATE' GROUP BY FIC_MIS_DATE, V_EMAIL_ID, V_EMAIL_PURPOSE_TYPE_CD, V_PARTY_ID HAVING COUNT(*) > 1; | G41: Không có bản ghi nào trùng key (câu SQL trả về 0 dòng) | H41: SIT | I41: High | J41: N | K41: Untested | L41: Untested | M41: Untested | O41: PK theo mapping v1.0.
A42: 15 | B42: TM_ETL_CU_EML_003 | C42: Kiểm tra tính đồng nhất của các trường dữ liệu | D42: Batch/job ETL đã chạy xong cho ngày dữ liệu kiểm thử (FIC_MIS_DATE = &TEST_DATE). | E42: Check toàn bộ dữ liệu các trường trong bảng đích STG_PARTY_EMAIL_MAP so với các trường trong bảng nguồn theo logic mapping (nguồn: hệ thống nguồn/bảng nguồn MSB (CHƯA xác định)) | G42: Tất cả các trường có dữ liệu trong bảng nguồn theo logic mapping và bảng đích STG_PARTY_EMAIL_MAP giống nhau (câu lệnh MINUS trả về 0 dòng). Các cột đích cần đối chiếu (5): FIC_MIS_DATE, V_EMAIL_PURPOSE_TYPE_CD, V_PARTY_ID, N_SEQUENCE_NUMBER, V_EMAIL_ID | H42: SIT | I42: High | J42: N | K42: Untested | L42: Untested | M42: Untested | O42: [Unverified] MSB chưa cung cấp bảng/trường nguồn (cột 'Bảng nguồn'/'Trường nguồn' trong file MSB_TM_DataMapping_STG_Batch_V1_0.xlsx còn trống cho bảng này) — xem AT-01 (quy tắc UNPIVOT SĐT/email + sinh V_PHONE_ID/V_EMAIL_ID) trong sheet '★ Action Tracker (MSB)' của file đó. Cập nhật cột 'Test Datas' (câu lệnh MINUS) sau khi có mapping.
A43: I.6 STG_CUSTOMER_IDENTIFCTN_DOC — Giấy tờ định danh KH
A44: 16 | B44: TM_ETL_CU_DOC_001 | C44: Kiểm tra số lượng bản ghi | D44: Batch/job ETL đã chạy xong cho ngày dữ liệu kiểm thử (FIC_MIS_DATE = &TEST_DATE). | E44: - Đếm số bản ghi bảng nguồn (hệ thống nguồn/bảng nguồn MSB (CHƯA xác định)) theo ngày dữ liệu kiểm thử - Đếm số bản ghi bảng đích STG_CUSTOMER_IDENTIFCTN_DOC theo FIC_MIS_DATE - So sánh 2 kết quả | G44: Số bản ghi của bảng nguồn = Số bản ghi của bảng đích STG_CUSTOMER_IDENTIFCTN_DOC, đã lọc theo điều kiện FIC_MIS_DATE = &TEST_DATE | H44: SIT | I44: High | J44: N | K44: Untested | L44: Untested | M44: Untested | O44: [Unverified] MSB chưa cung cấp bảng/trường nguồn (cột 'Bảng nguồn'/'Trường nguồn' trong file MSB_TM_DataMapping_STG_Batch_V1_0.xlsx còn trống cho bảng này) — xem AT-07 (nguồn V_DOCUMENT_NAME, V_RELATIONSHIP_DESC, sinh N_SEQUENCE_NUMBER) trong sheet '★ Action Tracker (MSB)' của file đó. Cập nhật cột 'Test Datas' sau khi có mapping.
A45: 17 | B45: TM_ETL_CU_DOC_002 | C45: Kiểm tra bản ghi trùng lặp | D45: Batch/job ETL đã chạy xong cho ngày dữ liệu kiểm thử (FIC_MIS_DATE = &TEST_DATE). | E45: Kiểm tra key tất cả các bản ghi trong bảng đích STG_CUSTOMER_IDENTIFCTN_DOC theo tổ hợp khóa chính (V_CUST_REF_CODE, V_DOC_TYPE_CODE, FIC_MIS_DATE, V_DOCUMENT_ID), lọc theo FIC_MIS_DATE | F45: SELECT V_CUST_REF_CODE, V_DOC_TYPE_CODE, FIC_MIS_DATE, V_DOCUMENT_ID, COUNT(*) AS SL FROM STG_CUSTOMER_IDENTIFCTN_DOC WHERE FIC_MIS_DATE = DATE '&TEST_DATE' GROUP BY V_CUST_REF_CODE, V_DOC_TYPE_CODE, FIC_MIS_DATE, V_DOCUMENT_ID HAVING COUNT(*) > 1; | G45: Không có bản ghi nào trùng key (câu SQL trả về 0 dòng) | H45: SIT | I45: High | J45: N | K45: Untested | L45: Untested | M45: Untested | O45: PK theo mapping v1.0.
A46: 18 | B46: TM_ETL_CU_DOC_003 | C46: Kiểm tra tính đồng nhất của các trường dữ liệu | D46: Batch/job ETL đã chạy xong cho ngày dữ liệu kiểm thử (FIC_MIS_DATE = &TEST_DATE). | E46: Check toàn bộ dữ liệu các trường trong bảng đích STG_CUSTOMER_IDENTIFCTN_DOC so với các trường trong bảng nguồn theo logic mapping (nguồn: hệ thống nguồn/bảng nguồn MSB (CHƯA xác định)) | G46: Tất cả các trường có dữ liệu trong bảng nguồn theo logic mapping và bảng đích STG_CUSTOMER_IDENTIFCTN_DOC giống nhau (câu lệnh MINUS trả về 0 dòng). Các cột đích cần đối chiếu (12): V_CUST_REF_CODE, FIC_MIS_DATE, V_DOCUMENT_ID, V_DOCUMENT_NAME, V_DATA_JURISDICTION, V_DOC_TYPE_CODE, V_DOC_REF_NO, D_DOC_ISSUE_DATE, D_DOC_EXPIRY_DATE, V_DOC_ISSUED_BY, V_ISO_COUNTRY_CODE, V_DATA_ORIGIN Các trường gán mặc định đã xác nhận (sheet '1. Cơ chế Load' / mapping): V_DATA_ORIGIN=Gán mặc định = 'MSB'. | H46: SIT | I46: High | J46: N | K46: Untested | L46: Untested | M46: Untested | O46: [Unverified] MSB chưa cung cấp bảng/trường nguồn (cột 'Bảng nguồn'/'Trường nguồn' trong file MSB_TM_DataMapping_STG_Batch_V1_0.xlsx còn trống cho bảng này) — xem AT-07 (nguồn V_DOCUMENT_NAME, V_RELATIONSHIP_DESC, sinh N_SEQUENCE_NUMBER) trong sheet '★ Action Tracker (MSB)' của file đó. Cập nhật cột 'Test Datas' (câu lệnh MINUS) sau khi có mapping.
A47: I.7 STG_PARTY_PARTY_RELATIONSHIP — Quan hệ KH – bên liên quan (đại diện/CSHHL)
A48: 19 | B48: TM_ETL_CU_REL_001 | C48: Kiểm tra số lượng bản ghi | D48: Batch/job ETL đã chạy xong cho ngày dữ liệu kiểm thử (FIC_MIS_DATE = &TEST_DATE). | E48: - Đếm số bản ghi bảng nguồn (hệ thống nguồn/bảng nguồn MSB (CHƯA xác định)) theo ngày dữ liệu kiểm thử - Đếm số bản ghi bảng đích STG_PARTY_PARTY_RELATIONSHIP theo FIC_MIS_DATE - So sánh 2 kết quả | G48: Số bản ghi của bảng nguồn = Số bản ghi của bảng đích STG_PARTY_PARTY_RELATIONSHIP, đã lọc theo điều kiện FIC_MIS_DATE = &TEST_DATE | H48: SIT | I48: High | J48: N | K48: Untested | L48: Untested | M48: Untested | O48: [Unverified] MSB chưa cung cấp bảng/trường nguồn (cột 'Bảng nguồn'/'Trường nguồn' trong file MSB_TM_DataMapping_STG_Batch_V1_0.xlsx còn trống cho bảng này) — xem AT-07 (nguồn V_DOCUMENT_NAME, V_RELATIONSHIP_DESC, sinh N_SEQUENCE_NUMBER) trong sheet '★ Action Tracker (MSB)' của file đó. Cập nhật cột 'Test Datas' sau khi có mapping.
A49: 20 | B49: TM_ETL_CU_REL_002 | C49: Kiểm tra bản ghi trùng lặp | D49: Batch/job ETL đã chạy xong cho ngày dữ liệu kiểm thử (FIC_MIS_DATE = &TEST_DATE). | E49: Kiểm tra key tất cả các bản ghi trong bảng đích STG_PARTY_PARTY_RELATIONSHIP theo tổ hợp khóa chính (V_PARTY_ID, FIC_MIS_DATE, V_RELATED_PARTY_ID, V_RELATIONSHIP_TYPE_CODE), lọc theo FIC_MIS_DATE | F49: SELECT V_PARTY_ID, FIC_MIS_DATE, V_RELATED_PARTY_ID, V_RELATIONSHIP_TYPE_CODE, COUNT(*) AS SL FROM STG_PARTY_PARTY_RELATIONSHIP WHERE FIC_MIS_DATE = DATE '&TEST_DATE' GROUP BY V_PARTY_ID, FIC_MIS_DATE, V_RELATED_PARTY_ID, V_RELATIONSHIP_TYPE_CODE HAVING COUNT(*) > 1; | G49: Không có bản ghi nào trùng key (câu SQL trả về 0 dòng) | H49: SIT | I49: High | J49: N | K49: Untested | L49: Untested | M49: Untested | O49: PK theo mapping v1.0.
A50: 21 | B50: TM_ETL_CU_REL_003 | C50: Kiểm tra tính đồng nhất của các trường dữ liệu | D50: Batch/job ETL đã chạy xong cho ngày dữ liệu kiểm thử (FIC_MIS_DATE = &TEST_DATE). | E50: Check toàn bộ dữ liệu các trường trong bảng đích STG_PARTY_PARTY_RELATIONSHIP so với các trường trong bảng nguồn theo logic mapping (nguồn: hệ thống nguồn/bảng nguồn MSB (CHƯA xác định)) | G50: Tất cả các trường có dữ liệu trong bảng nguồn theo logic mapping và bảng đích STG_PARTY_PARTY_RELATIONSHIP giống nhau (câu lệnh MINUS trả về 0 dòng). Các cột đích cần đối chiếu (7): V_PARTY_ID, FIC_MIS_DATE, V_RELATIONSHIP_DESC, V_RELATED_PARTY_ID, V_RELATIONSHIP_TYPE_CODE, D_RELATIONSHIP_EFF_DATE, V_DATA_ORIGIN Các trường gán mặc định đã xác nhận (sheet '1. Cơ chế Load' / mapping): V_DATA_ORIGIN=Gán mặc định = 'MSB'. | H50: SIT | I50: High | J50: N | K50: Untested | L50: Untested | M50: Untested | O50: [Unverified] MSB chưa cung cấp bảng/trường nguồn (cột 'Bảng nguồn'/'Trường nguồn' trong file MSB_TM_DataMapping_STG_Batch_V1_0.xlsx còn trống cho bảng này) — xem AT-07 (nguồn V_DOCUMENT_NAME, V_RELATIONSHIP_DESC, sinh N_SEQUENCE_NUMBER) trong sheet '★ Action Tracker (MSB)' của file đó. Cập nhật cột 'Test Datas' (câu lệnh MINUS) sau khi có mapping.
A51: I.8 STG_PARTY_ROLE_MAP — Vai trò/trạng thái KH
A52: 22 | B52: TM_ETL_CU_PRL_001 | C52: Kiểm tra số lượng bản ghi | D52: Batch/job ETL đã chạy xong cho ngày dữ liệu kiểm thử (FIC_MIS_DATE = &TEST_DATE). | E52: - Đếm số bản ghi bảng nguồn (hệ thống nguồn/bảng nguồn MSB (CHƯA xác định)) theo ngày dữ liệu kiểm thử - Đếm số bản ghi bảng đích STG_PARTY_ROLE_MAP theo FIC_MIS_DATE - So sánh 2 kết quả | G52: Số bản ghi của bảng nguồn = Số bản ghi của bảng đích STG_PARTY_ROLE_MAP, đã lọc theo điều kiện FIC_MIS_DATE = &TEST_DATE | H52: SIT | I52: High | J52: N | K52: Untested | L52: Untested | M52: Untested | O52: [Unverified] MSB chưa cung cấp bảng/trường nguồn (cột 'Bảng nguồn'/'Trường nguồn' trong file MSB_TM_DataMapping_STG_Batch_V1_0.xlsx còn trống cho bảng này) — xem AT-02 (nguồn FIC_MIS_DATE + dấu hiệu bản ghi mới/cập nhật, đăng ký V_DATA_ORIGIN) trong sheet '★ Action Tracker (MSB)' của file đó. Cập nhật cột 'Test Datas' sau khi có mapping.
A53: 23 | B53: TM_ETL_CU_PRL_002 | C53: Kiểm tra bản ghi trùng lặp | D53: Batch/job ETL đã chạy xong cho ngày dữ liệu kiểm thử (FIC_MIS_DATE = &TEST_DATE). | E53: Kiểm tra key tất cả các bản ghi trong bảng đích STG_PARTY_ROLE_MAP theo tổ hợp khóa chính (V_PARTY_ID, V_PARTY_ROLE, FIC_MIS_DATE), lọc theo FIC_MIS_DATE | F53: SELECT V_PARTY_ID, V_PARTY_ROLE, FIC_MIS_DATE, COUNT(*) AS SL FROM STG_PARTY_ROLE_MAP WHERE FIC_MIS_DATE = DATE '&TEST_DATE' GROUP BY V_PARTY_ID, V_PARTY_ROLE, FIC_MIS_DATE HAVING COUNT(*) > 1; | G53: Không có bản ghi nào trùng key (câu SQL trả về 0 dòng) | H53: SIT | I53: High | J53: N | K53: Untested | L53: Untested | M53: Untested | O53: PK theo mapping v1.0.
A54: 24 | B54: TM_ETL_CU_PRL_003 | C54: Kiểm tra tính đồng nhất của các trường dữ liệu | D54: Batch/job ETL đã chạy xong cho ngày dữ liệu kiểm thử (FIC_MIS_DATE = &TEST_DATE). | E54: Check toàn bộ dữ liệu các trường trong bảng đích STG_PARTY_ROLE_MAP so với các trường trong bảng nguồn theo logic mapping (nguồn: hệ thống nguồn/bảng nguồn MSB (CHƯA xác định)) | G54: Tất cả các trường có dữ liệu trong bảng nguồn theo logic mapping và bảng đích STG_PARTY_ROLE_MAP giống nhau (câu lệnh MINUS trả về 0 dòng). Các cột đích cần đối chiếu (5): V_PARTY_ID, V_PARTY_ROLE, FIC_MIS_DATE, V_PARTY_STATUS, V_DATA_ORIGIN Các trường gán mặc định đã xác nhận (sheet '1. Cơ chế Load' / mapping): V_PARTY_ROLE=Gán mặc định = 'CUSTOMER'; V_DATA_ORIGIN=Gán mặc định = 'MSB'. | H54: SIT | I54: High | J54: N | K54: Untested | L54: Untested | M54: Untested | O54: [Unverified] MSB chưa cung cấp bảng/trường nguồn (cột 'Bảng nguồn'/'Trường nguồn' trong file MSB_TM_DataMapping_STG_Batch_V1_0.xlsx còn trống cho bảng này) — xem AT-02 (nguồn FIC_MIS_DATE + dấu hiệu bản ghi mới/cập nhật, đăng ký V_DATA_ORIGIN) trong sheet '★ Action Tracker (MSB)' của file đó. Cập nhật cột 'Test Datas' (câu lệnh MINUS) sau khi có mapping.
A55: I.9 STG_CORRESPONDENT_PROD_SERVED — Sản phẩm/dịch vụ KH đang dùng
A56: 25 | B56: TM_ETL_CU_PRS_001 | C56: Kiểm tra số lượng bản ghi | D56: Batch/job ETL đã chạy xong cho ngày dữ liệu kiểm thử (FIC_MIS_DATE = &TEST_DATE). | E56: - Đếm số bản ghi bảng nguồn (hệ thống nguồn/bảng nguồn MSB (CHƯA xác định)) theo ngày dữ liệu kiểm thử - Đếm số bản ghi bảng đích STG_CORRESPONDENT_PROD_SERVED theo FIC_MIS_DATE - So sánh 2 kết quả | G56: Số bản ghi của bảng nguồn = Số bản ghi của bảng đích STG_CORRESPONDENT_PROD_SERVED, đã lọc theo điều kiện FIC_MIS_DATE = &TEST_DATE | H56: SIT | I56: High | J56: N | K56: Untested | L56: Untested | M56: Untested | O56: [Unverified] MSB chưa cung cấp bảng/trường nguồn (cột 'Bảng nguồn'/'Trường nguồn' trong file MSB_TM_DataMapping_STG_Batch_V1_0.xlsx còn trống cho bảng này) — xem AT-11 (rule 8 loại SP KH dùng + nguồn doanh số CTQT/TTTM) trong sheet '★ Action Tracker (MSB)' của file đó. Cập nhật cột 'Test Datas' sau khi có mapping.
A57: 26 | B57: TM_ETL_CU_PRS_002 | C57: Kiểm tra bản ghi trùng lặp | D57: Batch/job ETL đã chạy xong cho ngày dữ liệu kiểm thử (FIC_MIS_DATE = &TEST_DATE). | E57: Kiểm tra key tất cả các bản ghi trong bảng đích STG_CORRESPONDENT_PROD_SERVED theo tổ hợp khóa chính (FIC_MIS_DATE, V_CORR_FIN_INST_ID, V_PROD_CODE), lọc theo FIC_MIS_DATE | F57: SELECT FIC_MIS_DATE, V_CORR_FIN_INST_ID, V_PROD_CODE, COUNT(*) AS SL FROM STG_CORRESPONDENT_PROD_SERVED WHERE FIC_MIS_DATE = DATE '&TEST_DATE' GROUP BY FIC_MIS_DATE, V_CORR_FIN_INST_ID, V_PROD_CODE HAVING COUNT(*) > 1; | G57: Không có bản ghi nào trùng key (câu SQL trả về 0 dòng) | H57: SIT | I57: High | J57: N | K57: Untested | L57: Untested | M57: Untested | O57: PK theo mapping v1.0.
A58: 27 | B58: TM_ETL_CU_PRS_003 | C58: Kiểm tra tính đồng nhất của các trường dữ liệu | D58: Batch/job ETL đã chạy xong cho ngày dữ liệu kiểm thử (FIC_MIS_DATE = &TEST_DATE). | E58: Check toàn bộ dữ liệu các trường trong bảng đích STG_CORRESPONDENT_PROD_SERVED so với các trường trong bảng nguồn theo logic mapping (nguồn: hệ thống nguồn/bảng nguồn MSB (CHƯA xác định)) | G58: Tất cả các trường có dữ liệu trong bảng nguồn theo logic mapping và bảng đích STG_CORRESPONDENT_PROD_SERVED giống nhau (câu lệnh MINUS trả về 0 dòng). Các cột đích cần đối chiếu (4): FIC_MIS_DATE, V_CORR_FIN_INST_ID, V_PROD_CODE, V_DATA_ORIGIN Các trường gán mặc định đã xác nhận (sheet '1. Cơ chế Load' / mapping): V_DATA_ORIGIN=Gán mặc định = 'MSB'. | H58: SIT | I58: High | J58: N | K58: Untested | L58: Untested | M58: Untested | O58: [Unverified] MSB chưa cung cấp bảng/trường nguồn (cột 'Bảng nguồn'/'Trường nguồn' trong file MSB_TM_DataMapping_STG_Batch_V1_0.xlsx còn trống cho bảng này) — xem AT-11 (rule 8 loại SP KH dùng + nguồn doanh số CTQT/TTTM) trong sheet '★ Action Tracker (MSB)' của file đó. Cập nhật cột 'Test Datas' (câu lệnh MINUS) sau khi có mapping.
A59: I.10 STG_PARTY_MSB_DETAILS — ★ Bảng custom MSB (mới) – cờ/quốc tịch bổ sung
A60: 28 | B60: TM_ETL_CU_MSD_001 | C60: Kiểm tra số lượng bản ghi | D60: Batch/job ETL đã chạy xong cho ngày dữ liệu kiểm thử (FIC_MIS_DATE = &TEST_DATE). | E60: - Đếm số bản ghi bảng nguồn (hệ thống nguồn/bảng nguồn MSB (CHƯA xác định)) theo ngày dữ liệu kiểm thử - Đếm số bản ghi bảng đích STG_PARTY_MSB_DETAILS theo FIC_MIS_DATE - So sánh 2 kết quả | G60: Số bản ghi của bảng nguồn = Số bản ghi của bảng đích STG_PARTY_MSB_DETAILS, đã lọc theo điều kiện FIC_MIS_DATE = &TEST_DATE | H60: SIT | I60: High | J60: N | K60: Untested | L60: Untested | M60: Untested | O60: [Unverified] MSB chưa cung cấp bảng/trường nguồn (cột 'Bảng nguồn'/'Trường nguồn' trong file MSB_TM_DataMapping_STG_Batch_V1_0.xlsx còn trống cho bảng này) — xem AT-05 (nguồn/logic các cờ FDI, ngưỡng, quốc tịch 3-5) trong sheet '★ Action Tracker (MSB)' của file đó. ⚠ Bảng đích hiện là DDL ĐỀ XUẤT, FIS chưa tạo bảng — test case này chỉ chạy được sau khi bảng được tạo trong môi trường SIT. Cập nhật cột 'Test Datas' sau khi có mapping.
A61: 29 | B61: TM_ETL_CU_MSD_002 | C61: Kiểm tra bản ghi trùng lặp | D61: Batch/job ETL đã chạy xong cho ngày dữ liệu kiểm thử (FIC_MIS_DATE = &TEST_DATE). | E61: Kiểm tra key tất cả các bản ghi trong bảng đích STG_PARTY_MSB_DETAILS theo tổ hợp khóa chính (V_PARTY_ID, FIC_MIS_DATE), lọc theo FIC_MIS_DATE | F61: SELECT V_PARTY_ID, FIC_MIS_DATE, COUNT(*) AS SL FROM STG_PARTY_MSB_DETAILS WHERE FIC_MIS_DATE = DATE '&TEST_DATE' GROUP BY V_PARTY_ID, FIC_MIS_DATE HAVING COUNT(*) > 1; | G61: Không có bản ghi nào trùng key (câu SQL trả về 0 dòng) | H61: SIT | I61: High | J61: N | K61: Untested | L61: Untested | M61: Untested | O61: ⚠ PK hiện là ĐỀ XUẤT (V_PARTY_ID, FIC_MIS_DATE) — xác nhận lại khi FIS chốt DDL bảng. ⚠ Bảng đích hiện là DDL ĐỀ XUẤT, FIS chưa tạo bảng — test case này chỉ chạy được sau khi bảng được tạo trong môi trường SIT.
A62: 30 | B62: TM_ETL_CU_MSD_003 | C62: Kiểm tra tính đồng nhất của các trường dữ liệu | D62: Batch/job ETL đã chạy xong cho ngày dữ liệu kiểm thử (FIC_MIS_DATE = &TEST_DATE). | E62: Check toàn bộ dữ liệu các trường trong bảng đích STG_PARTY_MSB_DETAILS so với các trường trong bảng nguồn theo logic mapping (nguồn: hệ thống nguồn/bảng nguồn MSB (CHƯA xác định)) | G62: Tất cả các trường có dữ liệu trong bảng nguồn theo logic mapping và bảng đích STG_PARTY_MSB_DETAILS giống nhau (câu lệnh MINUS trả về 0 dòng). Các cột đích cần đối chiếu (11): V_PARTY_ID, FIC_MIS_DATE, V_CITIZENSHIP_3, V_CITIZENSHIP_4, V_CITIZENSHIP_5, F_FDI_FLAG, F_INTL_REMIT_THRESHOLD_FLAG, F_TRADE_FIN_THRESHOLD_FLAG, F_DOM_PAYMENT_THRESHOLD_FLAG, F_HAS_DEPOSIT_PROD_FLAG, V_DATA_ORIGIN | H62: SIT | I62: High | J62: N | K62: Untested | L62: Untested | M62: Untested | O62: [Unverified] MSB chưa cung cấp bảng/trường nguồn (cột 'Bảng nguồn'/'Trường nguồn' trong file MSB_TM_DataMapping_STG_Batch_V1_0.xlsx còn trống cho bảng này) — xem AT-05 (nguồn/logic các cờ FDI, ngưỡng, quốc tịch 3-5) trong sheet '★ Action Tracker (MSB)' của file đó. ⚠ Bảng đích hiện là DDL ĐỀ XUẤT, FIS chưa tạo bảng — test case này chỉ chạy được sau khi bảng được tạo trong môi trường SIT. Cập nhật cột 'Test Datas' (câu lệnh MINUS) sau khi có mapping.
A63: I.11 STG_PARTY_TYPE_MASTER — Bảng danh mục OFSAA (IND/ORG) – FIS init insert
A64: 31 | B64: TM_ETL_CU_PTY_001 | C64: Kiểm tra số lượng bản ghi | D64: Batch/job ETL đã chạy xong cho ngày dữ liệu kiểm thử (FIC_MIS_DATE = &TEST_DATE). | E64: - Đếm số bản ghi bảng nguồn (danh mục chuẩn OOB / dữ liệu tham chiếu (KYC nếu có)) theo ngày dữ liệu kiểm thử - Đếm số bản ghi bảng đích STG_PARTY_TYPE_MASTER theo FIC_MIS_DATE - So sánh 2 kết quả | G64: Số bản ghi của bảng nguồn = Số bản ghi của bảng đích STG_PARTY_TYPE_MASTER, đã lọc theo điều kiện FIC_MIS_DATE = &TEST_DATE | H64: SIT | I64: High | J64: N | K64: Untested | L64: Untested | M64: Untested | O64: [Unverified] Đây là bảng danh mục OOB do FIS init insert (không đổ trực tiếp từ core banking MSB). Danh sách giá trị chuẩn cần rà soát với MSB trước khi viết câu lệnh đếm/đối chiếu cụ thể. Cập nhật cột 'Test Datas' sau khi có mapping.
A65: 32 | B65: TM_ETL_CU_PTY_002 | C65: Kiểm tra bản ghi trùng lặp | D65: Batch/job ETL đã chạy xong cho ngày dữ liệu kiểm thử (FIC_MIS_DATE = &TEST_DATE). | E65: Kiểm tra key tất cả các bản ghi trong bảng đích STG_PARTY_TYPE_MASTER theo tổ hợp khóa chính (V_PARTY_TYPE_CODE, FIC_MIS_DATE), lọc theo FIC_MIS_DATE | F65: SELECT V_PARTY_TYPE_CODE, FIC_MIS_DATE, COUNT(*) AS SL FROM STG_PARTY_TYPE_MASTER WHERE FIC_MIS_DATE = DATE '&TEST_DATE' GROUP BY V_PARTY_TYPE_CODE, FIC_MIS_DATE HAVING COUNT(*) > 1; | G65: Không có bản ghi nào trùng key (câu SQL trả về 0 dòng) | H65: SIT | I65: High | J65: N | K65: Untested | L65: Untested | M65: Untested | O65: PK theo mapping v1.0.
A66: 33 | B66: TM_ETL_CU_PTY_003 | C66: Kiểm tra tính đồng nhất của các trường dữ liệu | D66: Batch/job ETL đã chạy xong cho ngày dữ liệu kiểm thử (FIC_MIS_DATE = &TEST_DATE). | E66: Check toàn bộ dữ liệu các trường trong bảng đích STG_PARTY_TYPE_MASTER so với các trường trong bảng nguồn theo logic mapping (nguồn: danh mục chuẩn OOB / dữ liệu tham chiếu (KYC nếu có)) | G66: Tất cả các trường có dữ liệu trong bảng nguồn theo logic mapping và bảng đích STG_PARTY_TYPE_MASTER giống nhau (câu lệnh MINUS trả về 0 dòng). Các cột đích cần đối chiếu (5): V_PARTY_TYPE_CODE, FIC_MIS_DATE, V_PARTY_TYPE_DESC, V_PARTY_CATEGORY, V_DATA_ORIGIN | H66: SIT | I66: High | J66: N | K66: Untested | L66: Untested | M66: Untested | O66: [Unverified] Đây là bảng danh mục OOB do FIS init insert (không đổ trực tiếp từ core banking MSB). Danh sách giá trị chuẩn cần rà soát với MSB trước khi viết câu lệnh đếm/đối chiếu cụ thể. Cập nhật cột 'Test Datas' (câu lệnh MINUS) sau khi có mapping.
A67: II. AC — Nhóm bảng chứa thông tin Tài khoản thanh toán (TKTT) (2 bảng / 6 testcase)
A68: II.1 STG_CASA — Tài khoản thanh toán (CASA)
A69: 34 | B69: TM_ETL_AC_CSA_001 | C69: Kiểm tra số lượng bản ghi | D69: Batch/job ETL đã chạy xong cho ngày dữ liệu kiểm thử (FIC_MIS_DATE = &TEST_DATE). | E69: - Đếm số bản ghi bảng nguồn (hệ thống nguồn/bảng nguồn MSB (CHƯA xác định)) theo ngày dữ liệu kiểm thử - Đếm số bản ghi bảng đích STG_CASA theo FIC_MIS_DATE - So sánh 2 kết quả | G69: Số bản ghi của bảng nguồn = Số bản ghi của bảng đích STG_CASA, đã lọc theo điều kiện FIC_MIS_DATE = &TEST_DATE | H69: SIT | I69: High | J69: N | K69: Untested | L69: Untested | M69: Untested | O69: [Unverified] MSB chưa cung cấp bảng/trường nguồn (cột 'Bảng nguồn'/'Trường nguồn' trong file MSB_TM_DataMapping_STG_Batch_V1_0.xlsx còn trống cho bảng này) — xem AT-03 (nguồn + codeset V_MANTAS_ACCT_HOLDR_TYPE, V_OWNERSHIP_TYPE) trong sheet '★ Action Tracker (MSB)' của file đó. Cập nhật cột 'Test Datas' sau khi có mapping.
A70: 35 | B70: TM_ETL_AC_CSA_002 | C70: Kiểm tra bản ghi trùng lặp | D70: Batch/job ETL đã chạy xong cho ngày dữ liệu kiểm thử (FIC_MIS_DATE = &TEST_DATE). | E70: Kiểm tra key tất cả các bản ghi trong bảng đích STG_CASA theo tổ hợp khóa chính (V_ACCOUNT_NUMBER, FIC_MIS_DATE, N_LOAD_RUN_ID, V_GAAP_CODE), lọc theo FIC_MIS_DATE | F70: SELECT V_ACCOUNT_NUMBER, FIC_MIS_DATE, N_LOAD_RUN_ID, V_GAAP_CODE, COUNT(*) AS SL FROM STG_CASA WHERE FIC_MIS_DATE = DATE '&TEST_DATE' GROUP BY V_ACCOUNT_NUMBER, FIC_MIS_DATE, N_LOAD_RUN_ID, V_GAAP_CODE HAVING COUNT(*) > 1; | G70: Không có bản ghi nào trùng key (câu SQL trả về 0 dòng) | H70: SIT | I70: High | J70: N | K70: Untested | L70: Untested | M70: Untested | O70: PK theo mapping v1.0.
A71: 36 | B71: TM_ETL_AC_CSA_003 | C71: Kiểm tra tính đồng nhất của các trường dữ liệu | D71: Batch/job ETL đã chạy xong cho ngày dữ liệu kiểm thử (FIC_MIS_DATE = &TEST_DATE). | E71: Check toàn bộ dữ liệu các trường trong bảng đích STG_CASA so với các trường trong bảng nguồn theo logic mapping (nguồn: hệ thống nguồn/bảng nguồn MSB (CHƯA xác định)) | G71: Tất cả các trường có dữ liệu trong bảng nguồn theo logic mapping và bảng đích STG_CASA giống nhau (câu lệnh MINUS trả về 0 dòng). Các cột đích cần đối chiếu (21): FIC_MIS_DATE, N_LOAD_RUN_ID, V_GAAP_CODE, V_MANTAS_ACCT_HOLDR_TYPE, V_DATA_JURISDICTION, V_BUSINESS_DOMAIN, V_ACCOUNT_NUMBER, V_CUST_REF_CODE, V_ACCOUNT_TYPE_CODE, V_ACCT_DISPLAY_NAME, V_CCY_CODE, D_ACCT_OPEN_DATE, V_ACCT_STATUS_CODE, D_ACCT_STATUS_DATE, D_LAST_ACTIVITY_DATE, V_ACCOUNT_PURPOSE, V_OWNERSHIP_TYPE, V_BRANCH_CODE, N_EOP_BAL, V_DATA_ORIGIN, F_ESCROW_ACCOUNT_FLAG Các trường gán mặc định đã xác nhận (sheet '1. Cơ chế Load' / mapping): N_LOAD_RUN_ID=Gán mặc định = 1; V_GAAP_CODE=Gán mặc định = 'VNGAAP'; V_DATA_ORIGIN=Gán mặc định = 'MSB'. | H71: SIT | I71: High | J71: N | K71: Untested | L71: Untested | M71: Untested | O71: [Unverified] MSB chưa cung cấp bảng/trường nguồn (cột 'Bảng nguồn'/'Trường nguồn' trong file MSB_TM_DataMapping_STG_Batch_V1_0.xlsx còn trống cho bảng này) — xem AT-03 (nguồn + codeset V_MANTAS_ACCT_HOLDR_TYPE, V_OWNERSHIP_TYPE) trong sheet '★ Action Tracker (MSB)' của file đó. Cập nhật cột 'Test Datas' (câu lệnh MINUS) sau khi có mapping.
A72: II.2 STG_PARTY_ACCOUNT_ROLE_MAP — Vai trò chủ thể trên TK
A73: 37 | B73: TM_ETL_AC_PAR_001 | C73: Kiểm tra số lượng bản ghi | D73: Batch/job ETL đã chạy xong cho ngày dữ liệu kiểm thử (FIC_MIS_DATE = &TEST_DATE). | E73: - Đếm số bản ghi bảng nguồn (hệ thống nguồn/bảng nguồn MSB (CHƯA xác định)) theo ngày dữ liệu kiểm thử - Đếm số bản ghi bảng đích STG_PARTY_ACCOUNT_ROLE_MAP theo FIC_MIS_DATE - So sánh 2 kết quả | G73: Số bản ghi của bảng nguồn = Số bản ghi của bảng đích STG_PARTY_ACCOUNT_ROLE_MAP, đã lọc theo điều kiện FIC_MIS_DATE = &TEST_DATE | H73: SIT | I73: High | J73: N | K73: Untested | L73: Untested | M73: Untested | O73: [Unverified] MSB chưa cung cấp bảng/trường nguồn (cột 'Bảng nguồn'/'Trường nguồn' trong file MSB_TM_DataMapping_STG_Batch_V1_0.xlsx còn trống cho bảng này) — xem AT-02 (nguồn FIC_MIS_DATE + dấu hiệu bản ghi mới/cập nhật, đăng ký V_DATA_ORIGIN) trong sheet '★ Action Tracker (MSB)' của file đó. Cập nhật cột 'Test Datas' sau khi có mapping.
A74: 38 | B74: TM_ETL_AC_PAR_002 | C74: Kiểm tra bản ghi trùng lặp | D74: Batch/job ETL đã chạy xong cho ngày dữ liệu kiểm thử (FIC_MIS_DATE = &TEST_DATE). | E74: Kiểm tra key tất cả các bản ghi trong bảng đích STG_PARTY_ACCOUNT_ROLE_MAP theo tổ hợp khóa chính (V_ACCOUNT_NUMBER, V_PARTY_ID, V_ACCT_PARTY_ROLE, FIC_MIS_DATE, D_ROLE_EFFECTIVE_DATE), lọc theo FIC_MIS_DATE | F74: SELECT V_ACCOUNT_NUMBER, V_PARTY_ID, V_ACCT_PARTY_ROLE, FIC_MIS_DATE, D_ROLE_EFFECTIVE_DATE, COUNT(*) AS SL FROM STG_PARTY_ACCOUNT_ROLE_MAP WHERE FIC_MIS_DATE = DATE '&TEST_DATE' GROUP BY V_ACCOUNT_NUMBER, V_PARTY_ID, V_ACCT_PARTY_ROLE, FIC_MIS_DATE, D_ROLE_EFFECTIVE_DATE HAVING COUNT(*) > 1; | G74: Không có bản ghi nào trùng key (câu SQL trả về 0 dòng) | H74: SIT | I74: High | J74: N | K74: Untested | L74: Untested | M74: Untested | O74: PK theo mapping v1.0.
A75: 39 | B75: TM_ETL_AC_PAR_003 | C75: Kiểm tra tính đồng nhất của các trường dữ liệu | D75: Batch/job ETL đã chạy xong cho ngày dữ liệu kiểm thử (FIC_MIS_DATE = &TEST_DATE). | E75: Check toàn bộ dữ liệu các trường trong bảng đích STG_PARTY_ACCOUNT_ROLE_MAP so với các trường trong bảng nguồn theo logic mapping (nguồn: hệ thống nguồn/bảng nguồn MSB (CHƯA xác định)) | G75: Tất cả các trường có dữ liệu trong bảng nguồn theo logic mapping và bảng đích STG_PARTY_ACCOUNT_ROLE_MAP giống nhau (câu lệnh MINUS trả về 0 dòng). Các cột đích cần đối chiếu (7): FIC_MIS_DATE, V_ACCOUNT_NUMBER, V_PARTY_ID, V_ACCT_PARTY_ROLE, D_ROLE_EFFECTIVE_DATE, V_ACCT_PARTY_OPERATN_ROLE_CD, V_DATA_ORIGIN Các trường gán mặc định đã xác nhận (sheet '1. Cơ chế Load' / mapping): V_DATA_ORIGIN=Gán mặc định = 'MSB'. | H75: SIT | I75: High | J75: N | K75: Untested | L75: Untested | M75: Untested | O75: [Unverified] MSB chưa cung cấp bảng/trường nguồn (cột 'Bảng nguồn'/'Trường nguồn' trong file MSB_TM_DataMapping_STG_Batch_V1_0.xlsx còn trống cho bảng này) — xem AT-02 (nguồn FIC_MIS_DATE + dấu hiệu bản ghi mới/cập nhật, đăng ký V_DATA_ORIGIN) trong sheet '★ Action Tracker (MSB)' của file đó. Cập nhật cột 'Test Datas' (câu lệnh MINUS) sau khi có mapping.
A76: III. TXN — Nhóm bảng chứa thông tin Giao dịch (GD) (5 bảng / 15 testcase)
A77: III.1 STG_CASA_TXNS — Giao dịch trên TKTT
A78: 40 | B78: TM_ETL_TXN_CTX_001 | C78: Kiểm tra số lượng bản ghi | D78: Batch/job ETL đã chạy xong cho ngày dữ liệu kiểm thử (FIC_MIS_DATE = &TEST_DATE). | E78: - Đếm số bản ghi bảng nguồn (hệ thống nguồn/bảng nguồn MSB (CHƯA xác định)) theo ngày dữ liệu kiểm thử - Đếm số bản ghi bảng đích STG_CASA_TXNS theo FIC_MIS_DATE - So sánh 2 kết quả | G78: Số bản ghi của bảng nguồn = Số bản ghi của bảng đích STG_CASA_TXNS, đã lọc theo điều kiện FIC_MIS_DATE = &TEST_DATE | H78: SIT | I78: High | J78: N | K78: Untested | L78: Untested | M78: Untested | O78: [Unverified] MSB chưa cung cấp bảng/trường nguồn (cột 'Bảng nguồn'/'Trường nguồn' trong file MSB_TM_DataMapping_STG_Batch_V1_0.xlsx còn trống cho bảng này) — xem AT-04 (nguồn V_MANTAS_TXN_ASSET_CLASS_CD); AT-12 (nguồn cờ GD ví điện tử & cross-border) trong sheet '★ Action Tracker (MSB)' của file đó. Cập nhật cột 'Test Datas' sau khi có mapping.
A79: 41 | B79: TM_ETL_TXN_CTX_002 | C79: Kiểm tra bản ghi trùng lặp | D79: Batch/job ETL đã chạy xong cho ngày dữ liệu kiểm thử (FIC_MIS_DATE = &TEST_DATE). | E79: Kiểm tra key tất cả các bản ghi trong bảng đích STG_CASA_TXNS theo tổ hợp khóa chính (V_TXN_REF_NO, FIC_MIS_DATE), lọc theo FIC_MIS_DATE | F79: SELECT V_TXN_REF_NO, FIC_MIS_DATE, COUNT(*) AS SL FROM STG_CASA_TXNS WHERE FIC_MIS_DATE = DATE '&TEST_DATE' GROUP BY V_TXN_REF_NO, FIC_MIS_DATE HAVING COUNT(*) > 1; | G79: Không có bản ghi nào trùng key (câu SQL trả về 0 dòng) | H79: SIT | I79: High | J79: N | K79: Untested | L79: Untested | M79: Untested | O79: PK theo mapping v1.0.
A80: 42 | B80: TM_ETL_TXN_CTX_003 | C80: Kiểm tra tính đồng nhất của các trường dữ liệu | D80: Batch/job ETL đã chạy xong cho ngày dữ liệu kiểm thử (FIC_MIS_DATE = &TEST_DATE). | E80: Check toàn bộ dữ liệu các trường trong bảng đích STG_CASA_TXNS so với các trường trong bảng nguồn theo logic mapping (nguồn: hệ thống nguồn/bảng nguồn MSB (CHƯA xác định)) | G80: Tất cả các trường có dữ liệu trong bảng nguồn theo logic mapping và bảng đích STG_CASA_TXNS giống nhau (câu lệnh MINUS trả về 0 dòng). Các cột đích cần đối chiếu (24): FIC_MIS_DATE, V_MANTAS_TXN_ASSET_CLASS_CD, V_TXN_REF_NO, V_ACCOUNT_NUMBER, F_DRCR_INDICATOR, N_TXN_AMT, V_TXN_CCY_CODE, D_TXN_VALUE_DATE, D_EXECUTION_TIME, V_MANTAS_TXN_PROD_TYPE_CD, V_MANTAS_TXN_PURPOSE_CD, V_MANTAS_TXN_CHANNEL_CD, V_DATA_ORIGIN, F_CROSS_BORDER_TXN_FLAG, V_ORIGNTR_TO_BENFCRY_INSTRCTNS, V_TXN_TELLER_ID, V_BRANCH_CODE, D_TXN_POSTING_DATE, V_ON_US_OFF_US_IND, V_PAYMENT_SETTL_SYSTEM_CODE, V_TXN_ORIGIN_COUNTRY_ID, F_PASS_THROUGH_FLAG, V_ORIGINAL_TXN_REF_NO, F_CANCELING_INDICATOR Các trường gán mặc định đã xác nhận (sheet '1. Cơ chế Load' / mapping): V_DATA_ORIGIN=Gán mặc định = 'MSB'. | H80: SIT | I80: High | J80: N | K80: Untested | L80: Untested | M80: Untested | O80: [Unverified] MSB chưa cung cấp bảng/trường nguồn (cột 'Bảng nguồn'/'Trường nguồn' trong file MSB_TM_DataMapping_STG_Batch_V1_0.xlsx còn trống cho bảng này) — xem AT-04 (nguồn V_MANTAS_TXN_ASSET_CLASS_CD); AT-12 (nguồn cờ GD ví điện tử & cross-border) trong sheet '★ Action Tracker (MSB)' của file đó. Cập nhật cột 'Test Datas' (câu lệnh MINUS) sau khi có mapping.
A81: III.2 STG_TXN_ALT_CCY_VALUES — Giá trị GD theo tiền tệ khác
A82: 43 | B82: TM_ETL_TXN_ACV_001 | C82: Kiểm tra số lượng bản ghi | D82: Batch/job ETL đã chạy xong cho ngày dữ liệu kiểm thử (FIC_MIS_DATE = &TEST_DATE). | E82: - Đếm số bản ghi bảng nguồn (hệ thống nguồn/bảng nguồn MSB (CHƯA xác định)) theo ngày dữ liệu kiểm thử - Đếm số bản ghi bảng đích STG_TXN_ALT_CCY_VALUES theo FIC_MIS_DATE - So sánh 2 kết quả | G82: Số bản ghi của bảng nguồn = Số bản ghi của bảng đích STG_TXN_ALT_CCY_VALUES, đã lọc theo điều kiện FIC_MIS_DATE = &TEST_DATE | H82: SIT | I82: High | J82: N | K82: Untested | L82: Untested | M82: Untested | O82: [Unverified] MSB chưa cung cấp bảng/trường nguồn (cột 'Bảng nguồn'/'Trường nguồn' trong file MSB_TM_DataMapping_STG_Batch_V1_0.xlsx còn trống cho bảng này) — xem AT-02 (nguồn FIC_MIS_DATE + dấu hiệu bản ghi mới/cập nhật, đăng ký V_DATA_ORIGIN) trong sheet '★ Action Tracker (MSB)' của file đó. Cập nhật cột 'Test Datas' sau khi có mapping.
A83: 44 | B83: TM_ETL_TXN_ACV_002 | C83: Kiểm tra bản ghi trùng lặp | D83: Batch/job ETL đã chạy xong cho ngày dữ liệu kiểm thử (FIC_MIS_DATE = &TEST_DATE). | E83: Kiểm tra key tất cả các bản ghi trong bảng đích STG_TXN_ALT_CCY_VALUES theo tổ hợp khóa chính (FIC_MIS_DATE, V_TXN_REF_NO), lọc theo FIC_MIS_DATE | F83: SELECT FIC_MIS_DATE, V_TXN_REF_NO, COUNT(*) AS SL FROM STG_TXN_ALT_CCY_VALUES WHERE FIC_MIS_DATE = DATE '&TEST_DATE' GROUP BY FIC_MIS_DATE, V_TXN_REF_NO HAVING COUNT(*) > 1; | G83: Không có bản ghi nào trùng key (câu SQL trả về 0 dòng) | H83: SIT | I83: High | J83: N | K83: Untested | L83: Untested | M83: Untested | O83: PK theo mapping v1.0.
A84: 45 | B84: TM_ETL_TXN_ACV_003 | C84: Kiểm tra tính đồng nhất của các trường dữ liệu | D84: Batch/job ETL đã chạy xong cho ngày dữ liệu kiểm thử (FIC_MIS_DATE = &TEST_DATE). | E84: Check toàn bộ dữ liệu các trường trong bảng đích STG_TXN_ALT_CCY_VALUES so với các trường trong bảng nguồn theo logic mapping (nguồn: hệ thống nguồn/bảng nguồn MSB (CHƯA xác định)) | G84: Tất cả các trường có dữ liệu trong bảng nguồn theo logic mapping và bảng đích STG_TXN_ALT_CCY_VALUES giống nhau (câu lệnh MINUS trả về 0 dòng). Các cột đích cần đối chiếu (4): FIC_MIS_DATE, V_TXN_REF_NO, N_TXN_AMOUNT_RCY, N_TXN_AMOUNT_FCY | H84: SIT | I84: High | J84: N | K84: Untested | L84: Untested | M84: Untested | O84: [Unverified] MSB chưa cung cấp bảng/trường nguồn (cột 'Bảng nguồn'/'Trường nguồn' trong file MSB_TM_DataMapping_STG_Batch_V1_0.xlsx còn trống cho bảng này) — xem AT-02 (nguồn FIC_MIS_DATE + dấu hiệu bản ghi mới/cập nhật, đăng ký V_DATA_ORIGIN) trong sheet '★ Action Tracker (MSB)' của file đó. Cập nhật cột 'Test Datas' (câu lệnh MINUS) sau khi có mapping.
A85: III.3 STG_FRONT_OFFICE_TXN_PARTY — Bên đối ứng của giao dịch
A86: 46 | B86: TM_ETL_TXN_FOP_001 | C86: Kiểm tra số lượng bản ghi | D86: Batch/job ETL đã chạy xong cho ngày dữ liệu kiểm thử (FIC_MIS_DATE = &TEST_DATE). | E86: - Đếm số bản ghi bảng nguồn (hệ thống nguồn/bảng nguồn MSB (CHƯA xác định)) theo ngày dữ liệu kiểm thử - Đếm số bản ghi bảng đích STG_FRONT_OFFICE_TXN_PARTY theo FIC_MIS_DATE - So sánh 2 kết quả | G86: Số bản ghi của bảng nguồn = Số bản ghi của bảng đích STG_FRONT_OFFICE_TXN_PARTY, đã lọc theo điều kiện FIC_MIS_DATE = &TEST_DATE | H86: SIT | I86: High | J86: N | K86: Untested | L86: Untested | M86: Untested | O86: [Unverified] MSB chưa cung cấp bảng/trường nguồn (cột 'Bảng nguồn'/'Trường nguồn' trong file MSB_TM_DataMapping_STG_Batch_V1_0.xlsx còn trống cho bảng này) — xem AT-02 (nguồn FIC_MIS_DATE + dấu hiệu bản ghi mới/cập nhật, đăng ký V_DATA_ORIGIN) trong sheet '★ Action Tracker (MSB)' của file đó. Cập nhật cột 'Test Datas' sau khi có mapping.
A87: 47 | B87: TM_ETL_TXN_FOP_002 | C87: Kiểm tra bản ghi trùng lặp | D87: Batch/job ETL đã chạy xong cho ngày dữ liệu kiểm thử (FIC_MIS_DATE = &TEST_DATE). | E87: Kiểm tra key tất cả các bản ghi trong bảng đích STG_FRONT_OFFICE_TXN_PARTY theo tổ hợp khóa chính (V_PARTY_ROLE, V_TXN_REF_NO, FIC_MIS_DATE), lọc theo FIC_MIS_DATE | F87: SELECT V_PARTY_ROLE, V_TXN_REF_NO, FIC_MIS_DATE, COUNT(*) AS SL FROM STG_FRONT_OFFICE_TXN_PARTY WHERE FIC_MIS_DATE = DATE '&TEST_DATE' GROUP BY V_PARTY_ROLE, V_TXN_REF_NO, FIC_MIS_DATE HAVING COUNT(*) > 1; | G87: Không có bản ghi nào trùng key (câu SQL trả về 0 dòng) | H87: SIT | I87: High | J87: N | K87: Untested | L87: Untested | M87: Untested | O87: PK theo mapping v1.0.
A88: 48 | B88: TM_ETL_TXN_FOP_003 | C88: Kiểm tra tính đồng nhất của các trường dữ liệu | D88: Batch/job ETL đã chạy xong cho ngày dữ liệu kiểm thử (FIC_MIS_DATE = &TEST_DATE). | E88: Check toàn bộ dữ liệu các trường trong bảng đích STG_FRONT_OFFICE_TXN_PARTY so với các trường trong bảng nguồn theo logic mapping (nguồn: hệ thống nguồn/bảng nguồn MSB (CHƯA xác định)) | G88: Tất cả các trường có dữ liệu trong bảng nguồn theo logic mapping và bảng đích STG_FRONT_OFFICE_TXN_PARTY giống nhau (câu lệnh MINUS trả về 0 dòng). Các cột đích cần đối chiếu (11): V_TXN_REF_NO, FIC_MIS_DATE, V_PARTY_ROLE, V_PARTY_NAME, V_PARTY_ID, V_PARTY_ID_TYPE, V_PARTY_ID_ISSUER, V_ISO_COUNTRY_CODE, V_ADDRESS_LINE_1, F_INTERNAL_ACCOUNT_FLAG, V_DATA_ORIGIN Các trường gán mặc định đã xác nhận (sheet '1. Cơ chế Load' / mapping): V_DATA_ORIGIN=Gán mặc định = 'MSB'. | H88: SIT | I88: High | J88: N | K88: Untested | L88: Untested | M88: Untested | O88: [Unverified] MSB chưa cung cấp bảng/trường nguồn (cột 'Bảng nguồn'/'Trường nguồn' trong file MSB_TM_DataMapping_STG_Batch_V1_0.xlsx còn trống cho bảng này) — xem AT-02 (nguồn FIC_MIS_DATE + dấu hiệu bản ghi mới/cập nhật, đăng ký V_DATA_ORIGIN) trong sheet '★ Action Tracker (MSB)' của file đó. Cập nhật cột 'Test Datas' (câu lệnh MINUS) sau khi có mapping.
A89: III.4 STG_PARTY_MSB_LOGIN — ★ Bảng custom MSB (mới) – phiên đăng nhập IB/MB
A90: 49 | B90: TM_ETL_TXN_LOG_001 | C90: Kiểm tra số lượng bản ghi | D90: Batch/job ETL đã chạy xong cho ngày dữ liệu kiểm thử (FIC_MIS_DATE = &TEST_DATE). | E90: - Đếm số bản ghi bảng nguồn (hệ thống nguồn/bảng nguồn MSB (CHƯA xác định)) theo ngày dữ liệu kiểm thử - Đếm số bản ghi bảng đích STG_PARTY_MSB_LOGIN theo FIC_MIS_DATE - So sánh 2 kết quả | G90: Số bản ghi của bảng nguồn = Số bản ghi của bảng đích STG_PARTY_MSB_LOGIN, đã lọc theo điều kiện FIC_MIS_DATE = &TEST_DATE | H90: SIT | I90: High | J90: N | K90: Untested | L90: Untested | M90: Untested | O90: [Unverified] MSB chưa cung cấp bảng/trường nguồn (cột 'Bảng nguồn'/'Trường nguồn' trong file MSB_TM_DataMapping_STG_Batch_V1_0.xlsx còn trống cho bảng này) — xem AT-06 (nguồn phiên đăng nhập IB/MB: mã phiên, CIF, kênh, IP, GeoIP...) trong sheet '★ Action Tracker (MSB)' của file đó. ⚠ Bảng đích hiện là DDL ĐỀ XUẤT, FIS chưa tạo bảng — test case này chỉ chạy được sau khi bảng được tạo trong môi trường SIT. Cập nhật cột 'Test Datas' sau khi có mapping.
A91: 50 | B91: TM_ETL_TXN_LOG_002 | C91: Kiểm tra bản ghi trùng lặp | D91: Batch/job ETL đã chạy xong cho ngày dữ liệu kiểm thử (FIC_MIS_DATE = &TEST_DATE). | E91: Kiểm tra key tất cả các bản ghi trong bảng đích STG_PARTY_MSB_LOGIN theo tổ hợp khóa chính (V_SESSION_ID, FIC_MIS_DATE), lọc theo FIC_MIS_DATE | F91: SELECT V_SESSION_ID, FIC_MIS_DATE, COUNT(*) AS SL FROM STG_PARTY_MSB_LOGIN WHERE FIC_MIS_DATE = DATE '&TEST_DATE' GROUP BY V_SESSION_ID, FIC_MIS_DATE HAVING COUNT(*) > 1; | G91: Không có bản ghi nào trùng key (câu SQL trả về 0 dòng) | H91: SIT | I91: High | J91: N | K91: Untested | L91: Untested | M91: Untested | O91: ⚠ PK hiện là ĐỀ XUẤT (V_SESSION_ID, FIC_MIS_DATE) — xác nhận lại khi FIS chốt DDL bảng. ⚠ Bảng đích hiện là DDL ĐỀ XUẤT, FIS chưa tạo bảng — test case này chỉ chạy được sau khi bảng được tạo trong môi trường SIT.
A92: 51 | B92: TM_ETL_TXN_LOG_003 | C92: Kiểm tra tính đồng nhất của các trường dữ liệu | D92: Batch/job ETL đã chạy xong cho ngày dữ liệu kiểm thử (FIC_MIS_DATE = &TEST_DATE). | E92: Check toàn bộ dữ liệu các trường trong bảng đích STG_PARTY_MSB_LOGIN so với các trường trong bảng nguồn theo logic mapping (nguồn: hệ thống nguồn/bảng nguồn MSB (CHƯA xác định)) | G92: Tất cả các trường có dữ liệu trong bảng nguồn theo logic mapping và bảng đích STG_PARTY_MSB_LOGIN giống nhau (câu lệnh MINUS trả về 0 dòng). Các cột đích cần đối chiếu (11): V_SESSION_ID, FIC_MIS_DATE, V_PARTY_ID, D_SESSION_START_TIME, D_SESSION_END_TIME, N_SESSION_DURATION, V_LOGIN_CHANNEL_CD, V_IP_ADDRESS, V_IP_COUNTRY_CD, V_LOGIN_STATUS, V_DATA_ORIGIN | H92: SIT | I92: High | J92: N | K92: Untested | L92: Untested | M92: Untested | O92: [Unverified] MSB chưa cung cấp bảng/trường nguồn (cột 'Bảng nguồn'/'Trường nguồn' trong file MSB_TM_DataMapping_STG_Batch_V1_0.xlsx còn trống cho bảng này) — xem AT-06 (nguồn phiên đăng nhập IB/MB: mã phiên, CIF, kênh, IP, GeoIP...) trong sheet '★ Action Tracker (MSB)' của file đó. ⚠ Bảng đích hiện là DDL ĐỀ XUẤT, FIS chưa tạo bảng — test case này chỉ chạy được sau khi bảng được tạo trong môi trường SIT. Cập nhật cột 'Test Datas' (câu lệnh MINUS) sau khi có mapping.
A93: III.5 STG_COUNTRY_MASTER — Bảng danh mục quốc gia OFSAA + điểm rủi ro (KYC)
A94: 52 | B94: TM_ETL_TXN_CTR_001 | C94: Kiểm tra số lượng bản ghi | D94: Batch/job ETL đã chạy xong cho ngày dữ liệu kiểm thử (FIC_MIS_DATE = &TEST_DATE). | E94: - Đếm số bản ghi bảng nguồn (danh mục chuẩn OOB / dữ liệu tham chiếu (KYC nếu có)) theo ngày dữ liệu kiểm thử - Đếm số bản ghi bảng đích STG_COUNTRY_MASTER theo FIC_MIS_DATE - So sánh 2 kết quả | G94: Số bản ghi của bảng nguồn = Số bản ghi của bảng đích STG_COUNTRY_MASTER, đã lọc theo điều kiện FIC_MIS_DATE = &TEST_DATE | H94: SIT | I94: High | J94: N | K94: Untested | L94: Untested | M94: Untested | O94: [Unverified] Đây là bảng danh mục OOB do FIS init insert, không đổ trực tiếp từ core banking MSB. Cần xác nhận danh sách giá trị chuẩn/nguồn tham chiếu — AT-08 (bảng điểm rủi ro quốc gia từ KYC). Cập nhật cột 'Test Datas' sau khi có mapping.
A95: 53 | B95: TM_ETL_TXN_CTR_002 | C95: Kiểm tra bản ghi trùng lặp | D95: Batch/job ETL đã chạy xong cho ngày dữ liệu kiểm thử (FIC_MIS_DATE = &TEST_DATE). | E95: Kiểm tra key tất cả các bản ghi trong bảng đích STG_COUNTRY_MASTER theo tổ hợp khóa chính (V_COUNTRY_ID, FIC_MIS_DATE), lọc theo FIC_MIS_DATE | F95: SELECT V_COUNTRY_ID, FIC_MIS_DATE, COUNT(*) AS SL FROM STG_COUNTRY_MASTER WHERE FIC_MIS_DATE = DATE '&TEST_DATE' GROUP BY V_COUNTRY_ID, FIC_MIS_DATE HAVING COUNT(*) > 1; | G95: Không có bản ghi nào trùng key (câu SQL trả về 0 dòng) | H95: SIT | I95: High | J95: N | K95: Untested | L95: Untested | M95: Untested | O95: PK theo mapping v1.0.
A96: 54 | B96: TM_ETL_TXN_CTR_003 | C96: Kiểm tra tính đồng nhất của các trường dữ liệu | D96: Batch/job ETL đã chạy xong cho ngày dữ liệu kiểm thử (FIC_MIS_DATE = &TEST_DATE). | E96: Check toàn bộ dữ liệu các trường trong bảng đích STG_COUNTRY_MASTER so với các trường trong bảng nguồn theo logic mapping (nguồn: danh mục chuẩn OOB / dữ liệu tham chiếu (KYC nếu có)) | G96: Tất cả các trường có dữ liệu trong bảng nguồn theo logic mapping và bảng đích STG_COUNTRY_MASTER giống nhau (câu lệnh MINUS trả về 0 dòng). Các cột đích cần đối chiếu (5): V_COUNTRY_ID, FIC_MIS_DATE, V_ISO_COUNTRY_CD, V_COUNTRY_NAME, N_COUNTRY_RISK_FACTOR | H96: SIT | I96: High | J96: N | K96: Untested | L96: Untested | M96: Untested | O96: [Unverified] Đây là bảng danh mục OOB do FIS init insert, không đổ trực tiếp từ core banking MSB. Cần xác nhận danh sách giá trị chuẩn/nguồn tham chiếu — AT-08 (bảng điểm rủi ro quốc gia từ KYC). Cập nhật cột 'Test Datas' (câu lệnh MINUS) sau khi có mapping.

Sheet Legend
A1: Giai đoạn kiểm thử
A2: Test Level
A3: Giá trị | B3: Giải thích
A4: Value | B4: Description
A5: UT | B5: Kiểm thử kỹ thuật (Unit Test) (IT thực hiện)
A6: SIT | B6: Kiểm thử tích hợp hệ thống (System Integration Test) (IT thực hiện)
A7: OAT | B7: Kiểm thử vận hành (Operation Acceptance Test) (IT thực hiện)
A8: ST | B8: Kiểm thử an ninh thông tin (Security Test) (IT thực hiện)
A9: UAT | B9: Kiểm thử người dùng cuối (User Acceptance Test) (ĐVNV thực hiện)
A12: Độ ưu tiên
A13: Priority
A14: Giá trị | B14: Giải thích
A15: Value | B15: Description
A16: High | B16: Ưu tiên cao
A17: Medium | B17: Ưu tiên trung bình
A18: Low | B18: Ưu tiên thấp/không ưu tiên
A20: Cách thực hiện test | F20: Passed
A21: Automation Status | F21: Failed
A22: Giá trị | B22: Giải thích | F22: Untested
A23: Value | B23: Description | F23: Accepted
A24: Y | B24: Thực hiện Auto test | F24: Pending
A25: N | B25: Thực hiện Manual test | F25: Cancel
A27: Trạng thái
A28: Status
A29: Giá trị | B29: Giải thích
A30: Value | B30: Description
A31: Untested | B31: Chưa thực hiện
A32: Passed | B32: Đạt yêu cầu
A33: Failed | B33: Không đạt yêu cầu
A34: Pending | B34: Pending
B35: Một testcase tạm dừng thực hiện do ảnh hưởng bởi testcase khác fail hoặc cần xác nhận từ các bên liên quan.
A36: Cancel | B36: Không thực hiện
A37: Total | B37: Total = 'Untested' + 'Passed' + 'Failed' + 'Pending' + 'Cancel
A38: % Executed | B38: % Executed = ('Total' - 'Todo' - 'Un-executed')/'Total'
A39: % Pass | B39: % Pass = 'Pass'/'Total'
