Workbook
Name AUTO: #REF!
Name nj: #REF!
Name PRIORITY: #REF!
Name STATUS: #REF!

Sheet Report
B2: Pass | C2: Fail | D2: Pending | E2: Cancel | F2: Untested | G2: Next
A3: API Sàng Lọc | B3: =COUNTIF('API Sàng Lọc'!$K:$K,Report!B2) -> 208 | C3: =COUNTIF('API Sàng Lọc'!$K:$K,Report!C2) -> 0 | D3: =COUNTIF('API Sàng Lọc'!$K:$K,Report!D2) -> 95 | E3: =COUNTIF('API Sàng Lọc'!$K:$K,Report!E2) -> 0 | F3: =COUNTIF('API Sàng Lọc'!$K:$K,Report!F2) -> 0 | G3: =COUNTIF('API Sàng Lọc'!$K:$K,Report!G2) -> 0 | H3: =SUM(B3:G3) -> 303
A4: API Search | B4: =COUNTIF('API Search'!$K:$K,Report!B2) -> 0 | C4: =COUNTIF('API Search'!$K:$K,Report!C2) -> 0 | D4: =COUNTIF('API Search'!$K:$K,Report!D2) -> 0 | E4: =COUNTIF('API Search'!$K:$K,Report!E2) -> 0 | F4: =COUNTIF('API Search'!$K:$K,Report!F2) -> 1 | G4: =COUNTIF('API Search'!$K:$K,Report!G2) -> 0 | H4: =SUM(B4:G4) -> 1
A5: API Callback | B5: =COUNTIF('API Callback'!$K:$K,Report!B2) -> 1 | C5: =COUNTIF('API Callback'!$K:$K,Report!C2) -> 0 | D5: =COUNTIF('API Callback'!$K:$K,Report!D2) -> 0 | E5: =COUNTIF('API Callback'!$K:$K,Report!E2) -> 0 | F5: =COUNTIF('API Callback'!$K:$K,Report!F2) -> 18 | G5: =COUNTIF('API Callback'!$K:$K,Report!G2) -> 0 | H5: =SUM(B5:G5) -> 19
A6: Tổng | B6: =SUM(B3:B5) -> 209 | C6: =SUM(C3:C5) -> 0 | D6: =SUM(D3:D5) -> 95 | E6: =SUM(E3:E5) -> 0 | F6: =SUM(F3:F5) -> 19 | G6: =SUM(G3:G5) -> 0 | H6: =SUM(B6:G6) -> 323
B7: =B6/$H$6 -> 0.64705882 | C7: =C6/$H$6 -> 0 | D7: =D6/$H$6 -> 0.29411765 | E7: =E6/$H$6 -> 0 | F7: =F6/$H$6 -> 0.058823529 | G7: =G6/$H$6 -> 0 | H7: =H6/$H$6 -> 1

Sheet API Sàng Lọc
A1: DỰ ÁN TRIỂN KHAI BẢN QUYỀN PHẦN MỀM HỆ THỐNG AML MỚI
B2: High | C2: Medium | D2: Low | E2: Total R1
A3: Pass | B3: =COUNTIFS($K$12:$K$389,A3,$H$12:$H$389,$B$2) -> 44 | C3: =COUNTIFS($K$12:$K$389,A3,$H$12:$H$389,$C$2) -> 162 | D3: =COUNTIFS($K$12:$K$389,A3,$H$12:$H$389,$D$2) -> 2 | E3: =SUM(B3:D3) -> 208
A4: Fail | B4: =COUNTIFS($K$12:$K$389,A4,$H$12:$H$389,$B$2) -> 0 | C4: =COUNTIFS($K$12:$K$389,A4,$H$12:$H$389,$C$2) -> 0 | D4: =COUNTIFS($K$12:$K$389,A4,$H$12:$H$389,$D$2) -> 0 | E4: =SUM(B4:D4) -> 0 | F4: đang retest
A5: Pending | B5: =COUNTIFS($K$12:$K$389,A5,$H$12:$H$389,$B$2) -> 9 | C5: =COUNTIFS($K$12:$K$389,A5,$H$12:$H$389,$C$2) -> 86 | D5: =COUNTIFS($K$12:$K$389,A5,$H$12:$H$389,$D$2) -> 0 | E5: =SUM(B5:D5) -> 95 | F5: Liên quan đến điện customize
A6: Cancel | B6: =COUNTIFS($K$12:$K$389,A6,$H$12:$H$389,$B$2) -> 0 | C6: =COUNTIFS($K$12:$K$389,A6,$H$12:$H$389,$C$2) -> 0 | D6: =COUNTIFS($K$12:$K$389,A6,$H$12:$H$389,$D$2) -> 0 | E6: =SUM(B6:D6) -> 0
A7: Untested | B7: =COUNTIFS($K$12:$K$389,A7,$H$12:$H$389,$B$2) -> 0 | C7: =COUNTIFS($K$12:$K$389,A7,$H$12:$H$389,$C$2) -> 0 | D7: =COUNTIFS($K$12:$K$389,A7,$H$12:$H$389,$D$2) -> 0 | E7: =SUM(B7:D7) -> 0
A8: Next | B8: =COUNTIFS($K$12:$K$389,A8,$H$12:$H$389,$B$2) -> 0 | C8: =COUNTIFS($K$12:$K$389,A8,$H$12:$H$389,$C$2) -> 0 | D8: =COUNTIFS($K$12:$K$389,A8,$H$12:$H$389,$D$2) -> 0 | E8: =SUM(B8:D8) -> 0
E9: =SUM(E3:E7) -> 303
A11: ID Testcase | B11: Test case Title | C11: Pre-conditions | D11: Test Steps | E11: Test Datas | F11: Expected result | G11: Test Environment | H11: Priority | I11: Automation Status | J11: 1st Test Results | K11: 2st Test Results
A12: II. Endpoint & HTTP Method
A13: AML_API_EP Kiểm tra endpoint và phương thức HTTP
A14: AML_API_EP_01 | B14: Kiểm tra thông tin API khi gọi đúng endpoint với method POST | C14: Server đang chạy; Auth hợp lệ | D14: 1. Gửi POST request đến: https://10.0.137.75:7001/transaction-screening/v1/transaction-screening 2. Body là điện MT hợp lệ 3. Kiểm tra HTTP 200 và response body | E14: Headers: Authorization: Basic a3ljYWRtbjphYmMxMjM= (Username and password to login) Content-Type: application/json transactionId: TF_EP_001 requestId: REQ_TF_EP_001 transactionType: MT branchCd: HN channel: T24 isCallBack: N Body: {1:F01BFICCUHHAXXX0000000000} {2:I195BFICCUHHXXXXN} {3:{108:MT195TEST0001}} {4: :20:QRY2607240001 :21:NONREF :75:PLEASE CONFIRM -}{5:{MAC:00000000}{CHK:1A2B3C4D5E6F}} | F14: Kiểm tra thông tin HTTP Status trả về : 200 OK "result": No-HIT hoặc HIT "transactionType": "transactionType", "score": score, "groupMessageId": "groupMessageId", "requestId": "requestId", "processDate": "processDate", "channel": "channel", "errorCode": null, "errorDetail": null, "alertId": "alertId", "transactionId": "transactionId", "branchCd": "branchCd" | G14: SIT | H14: High | I14: Manual | J14: Untested | K14: Pass
A15: AML_API_EP_02 | B15: Kiểm tra thông tin API khi gọi sai endpoint URL | C15: Server đang chạy; Auth hợp lệ | D15: 1. Gửi POST request đến URL sai: /wrong-path/v1/transaction-screening 2. Kiểm tra HTTP status trả về | E15: POST https://10.0.137.75:7001/transaction-screening/v1/transaction-screening Authorization: Basic a3ljYWRtbjphYmMxMjM= (Username and password to login) Content-Type: application/json | F15: Kiểm tra thông tin HTTP Status trả về : 404 Not Found | G15: SIT | H15: High | I15: Manual | J15: Untested | K15: Pass
A16: AML_API_EP_03 | B16: Kiểm tra thông tin API khi gọi đúng endpoint nhưng dùng method GET | C16: Server đang chạy; Auth hợp lệ | D16: 1. Gửi GET request đến đúng endpoint 2. Không có body 3. Kiểm tra HTTP status trả về | E16: GET https://10.0.137.75:7001/transaction-screening/v1/transaction-screening Authorization: Basic a3ljYWRtbjphYmMxMjM= (Username and password to login) Content-Type: application/json | F16: Kiểm tra thông tin HTTP Status trả về : 405 Method Not Allowed (Không có body nghiệp vụ) | G16: SIT | H16: Medium | I16: Manual | J16: Untested | K16: Pass
A17: III. Validation - Header Parameters
A18: AML_API_HDR Kiểm tra các trường bắt buộc / optional trong request params
A19: AML_API_HDR_01 | B19: Request đầy đủ tất cả field bắt buộc | C19: Auth hợp lệ; MT body đúng format | D19: 1. Gửi POST với đủ 7 fields: transactionId, requestId, transactionType=MT, branchCd, channel, isCallBack, requestUserId 2. Kiểm tra xử lý thành công | E19: Headers: Authorization: Basic a3ljYWRtbjphYmMxMjM= (Username and password to login) Content-Type: application/json transactionId: TF_HDR_001 requestId: REQ_TF_HDR_001 transactionType: MT branchCd: HN channel: T24 isCallBack: N Body: {1:F01BFICCUHHAXXX0000000000} {2:I195BFICCUHHXXXXN} {3:{108:MT195TEST0001}} {4: :20:QRY2607240001 :21:NONREF :75:PLEASE CONFIRM -}{5:{MAC:00000000}{CHK:1A2B3C4D5E6F}} | F19: Kiểm tra thông tin HTTP Status trả về : 200 OK "result": No-HIT hoặc HIT "transactionType": "transactionType", "score": score, "groupMessageId": "groupMessageId", "requestId": "requestId", "processDate": "processDate", "channel": "channel", "errorCode": null, "errorDetail": null, "alertId": "alertId", "transactionId": "transactionId", "branchCd": "branchCd" | G19: SIT | H19: High | I19: Manual | J19: Untested | K19: Pass
A20: AML_API_HDR_02 | B20: Thiếu transactionId (Mandatory) | C20: Auth hợp lệ | D20: 1. Gửi POST KHÔNG có transactionId 2. Các field khác đầy đủ 3. Kiểm tra errorCode trong response | E20: Headers: Authorization: Basic a3ljYWRtbjphYmMxMjM= (Username and password to login) Content-Type: application/json requestId: REQ_HDR_002 transactionType: MT branchCd: HN channel: T24 isCallBack: N Body: {1:F01BFICCUHHAXXX0000000000} {2:I195BFICCUHHXXXXN} {3:{108:MT195TEST0001}} {4: :20:QRY2607240001 :21:NONREF :75:PLEASE CONFIRM -}{5:{MAC:00000000}{CHK:1A2B3C4D5E6F}} | F20: Kiểm tra thông tin HTTP Status trả về : 200 OK "transactionType": "transactionType", "result": null, "score": null, "groupMessageId": null, "requestId": "requestId", "processDate": null, "channel": "channel", "errorCode": "01", "errorDetail": "Missing Parameter", "alertId": null, "transactionId": "", "branchCd": "branchCd" | G20: SIT | H20: High | I20: Manual | J20: Untested | K20: Pass
A21: AML_API_HDR_03 | B21: Thiếu requestId (Mandatory) | C21: Auth hợp lệ | D21: 1. Gửi POST KHÔNG có requestId 2. Các field khác đầy đủ 3. Kiểm tra errorCode | E21: Headers: Authorization: Basic a3ljYWRtbjphYmMxMjM= (Username and password to login) Content-Type: application/json transactionId: TF_HDR_003 transactionType: MT branchCd: HN channel: T24 isCallBack: N Body: {1:F01BFICCUHHAXXX0000000000} {2:I195BFICCUHHXXXXN} {3:{108:MT195TEST0001}} {4: :20:QRY2607240001 :21:NONREF :75:PLEASE CONFIRM -}{5:{MAC:00000000}{CHK:1A2B3C4D5E6F}} | F21: Kiểm tra thông tin HTTP Status trả về : 200 OK "transactionType": "transactionType", "result": null, "score": null, "groupMessageId": null, "requestId": "", "processDate": null, "channel": "channel", "errorCode": "01", "errorDetail": "Missing Parameter", "alertId": null, "transactionId": "transactionId", "branchCd": "branchCd" | G21: SIT | H21: High | I21: Manual | J21: Untested | K21: Pass
A22: AML_API_HDR_04 | B22: Thiếu transactionType (Mandatory) | C22: Auth hợp lệ | D22: 1. Gửi POST KHÔNG có transactionType 2. Các field khác đầy đủ 3. Kiểm tra errorCode | E22: Headers: Authorization: Basic a3ljYWRtbjphYmMxMjM= (Username and password to login) Content-Type: application/json transactionId: TF_HDR_004 requestId: REQ_HDR_004 branchCd: HN channel: T24 isCallBack: N Body: {1:F01BFICCUHHAXXX0000000000} {2:I195BFICCUHHXXXXN} {3:{108:MT195TEST0001}} {4: :20:QRY2607240001 :21:NONREF :75:PLEASE CONFIRM -}{5:{MAC:00000000}{CHK:1A2B3C4D5E6F}} | F22: Kiểm tra thông tin HTTP Status trả về : 200 OK "transactionType": "", "result": null, "score": null, "groupMessageId": null, "requestId": "requestId", "processDate": null, "channel": "channel", "errorCode": "01", "errorDetail": "Missing Parameter", "alertId": null, "transactionId": "transactionId", "branchCd": "branchCd" | G22: SIT | H22: High | I22: Manual | J22: Untested | K22: Pass
A23: AML_API_HDR_05 | B23: Thiếu branchCd (Mandatory) | C23: Auth hợp lệ | D23: 1. Gửi POST KHÔNG có branchCd 2. Các field khác đầy đủ 3. Kiểm tra errorCode | E23: Headers: Authorization: Basic a3ljYWRtbjphYmMxMjM= (Username and password to login) Content-Type: application/json transactionId: TF_HDR_005 requestId: REQ_HDR_005 transactionType: MT channel: T24 isCallBack: N Body: {1:F01BFICCUHHAXXX0000000000} {2:I195BFICCUHHXXXXN} {3:{108:MT195TEST0001}} {4: :20:QRY2607240001 :21:NONREF :75:PLEASE CONFIRM -}{5:{MAC:00000000}{CHK:1A2B3C4D5E6F}} | F23: Kiểm tra thông tin HTTP Status trả về : 200 OK "transactionType": "transactionType", "result": null, "score": null, "groupMessageId": null, "requestId": "requestId", "processDate": null, "channel": "channel", "errorCode": "01", "errorDetail": "Missing Parameter", "alertId": null, "transactionId": "transactionId", "branchCd": "" | G23: SIT | H23: High | I23: Manual | J23: Untested | K23: Pass
A24: AML_API_HDR_06 | B24: Thiếu channel (Mandatory) | C24: Auth hợp lệ | D24: 1. Gửi POST KHÔNG có channel 2. Các field khác đầy đủ 3. Kiểm tra errorCode | E24: Headers: Authorization: Basic a3ljYWRtbjphYmMxMjM= (Username and password to login) Content-Type: application/json transactionId: TF_HDR_006 requestId: REQ_HDR_006 transactionType: MT branchCd: HN isCallBack: N Body: {1:F01BFICCUHHAXXX0000000000} {2:I195BFICCUHHXXXXN} {3:{108:MT195TEST0001}} {4: :20:QRY2607240001 :21:NONREF :75:PLEASE CONFIRM -}{5:{MAC:00000000}{CHK:1A2B3C4D5E6F}} | F24: Kiểm tra thông tin HTTP Status trả về : 200 OK "transactionType": "transactionType", "result": null, "score": null, "groupMessageId": null, "requestId": "requestId", "processDate": null, "channel": "", "errorCode": "01", "errorDetail": "Missing Parameter", "alertId": null, "transactionId": "transactionId", "branchCd": "branchCd" | G24: SIT | H24: High | I24: Manual | J24: Untested | K24: Pass
A25: AML_API_HDR_07 | B25: Thiếu isCallBack (Mandatory) | C25: Auth hợp lệ | D25: 1. Gửi POST KHÔNG có isCallBack 2. Các field khác đầy đủ 3. Kiểm tra errorCode | E25: Headers: Authorization: Basic a3ljYWRtbjphYmMxMjM= (Username and password to login) Content-Type: application/json transactionId: TF_HDR_007 requestId: REQ_HDR_007 transactionType: MT branchCd: HN channel: T24 Body: {1:F01BFICCUHHAXXX0000000000} {2:I195BFICCUHHXXXXN} {3:{108:MT195TEST0001}} {4: :20:QRY2607240001 :21:NONREF :75:PLEASE CONFIRM -}{5:{MAC:00000000}{CHK:1A2B3C4D5E6F}} | F25: Kiểm tra thông tin HTTP Status trả về : 200 OK result: ERROR errorCode: 01 errorDetail: Missing parameter score: (rỗng) alertId: (rỗng) processDate: null | G25: SIT | H25: High | I25: Manual | J25: Untested | K25: Pass
A26: AML_API_HDR_08 | B26: requestUserId là Optional – không truyền vẫn hợp lệ | C26: Auth hợp lệ; Không truyền requestUserId | D26: 1. Gửi POST đầy đủ 6 fields bắt buộc 2. Không có requestUserId (Optional) 3. Kiểm tra xử lý thành công | E26: Headers: Authorization: Basic a3ljYWRtbjphYmMxMjM= (Username and password to login) Content-Type: application/json transactionId: TF_HDR_008 requestId: REQ_TF_HDR_008 transactionType: MT branchCd: HN channel: T24 isCallBack: N Body: {1:F01BFICCUHHAXXX0000000000} {2:I195BFICCUHHXXXXN} {3:{108:MT195TEST0001}} {4: :20:QRY2607240001 :21:NONREF :75:PLEASE CONFIRM -}{5:{MAC:00000000}{CHK:1A2B3C4D5E6F}} | F26: Kiểm tra thông tin HTTP Status trả về : 200 OK "result": No-HIT hoặc HIT "transactionType": "transactionType", "score": score, "groupMessageId": "groupMessageId", "requestId": "requestId", "processDate": "processDate", "channel": "channel", "errorCode": null, "errorDetail": null, "alertId": "alertId", "transactionId": "transactionId", "branchCd": "branchCd" | G26: SIT | H26: Medium | I26: Manual | J26: Untested | K26: Pass
A27: AML_API_HDR_09 | B27: isCallBack = Y – AML cần callback sau khi Alert hoàn thành | C27: Auth hợp lệ; Hệ thống có endpoint nhận callback | D27: 1. Gửi POST với isCallBack=Y 2. Body là điện MT có HIT 3. Kiểm tra: a. Response trả ngay (HTTP 200) b. Sau khi Alert xử lý xong: AML callback về hệ thống | E27: Headers: Authorization: Basic a3ljYWRtbjphYmMxMjM= (Username and password to login) Content-Type: application/json transactionId: TF_HDR_009 requestId: REQ_TF_HDR_009 transactionType: MT branchCd: HN channel: T24 isCallBack: Y Body: {1:F01BFICCUHHAXXX0000000000} {2:I195BFICCUHHXXXXN} {3:{108:MT195TEST0001}} {4: :20:QRY2607240001 :21:NONREF :75:PLEASE CONFIRM -}{5:{MAC:00000000}{CHK:1A2B3C4D5E6F}} | F27: Kiểm tra thông tin HTTP Status trả về : 200 OK result: HIT hoặc No-HIT errorCode: 00 Verify callback: - AML gọi callback URL với alertId và kết quả - Hệ thống nguồn nhận được callback | G27: SIT | H27: High | I27: Manual | J27: Untested | K27: Pass
A28: AML_API_HDR_10 | B28: isCallBack = N – AML không callback | C28: Auth hợp lệ | D28: 1. Gửi POST với isCallBack=N 2. Body là điện MT 3. Kiểm tra không có callback | E28: Headers: Authorization: Basic a3ljYWRtbjphYmMxMjM= (Username and password to login) Content-Type: application/json transactionId: TF_HDR_010 requestId: REQ_TF_HDR_010 transactionType: MT branchCd: HN channel: T24 isCallBack: N Body: {1:F01BFICCUHHAXXX0000000000} {2:I195BFICCUHHXXXXN} {3:{108:MT195TEST0001}} {4: :20:QRY2607240001 :21:NONREF :75:PLEASE CONFIRM -}{5:{MAC:00000000}{CHK:1A2B3C4D5E6F}} | F28: Kiểm tra thông tin HTTP Status trả về : 200 OK "result": No-HIT hoặc HIT "transactionType": "transactionType", "score": score, "groupMessageId": "groupMessageId", "requestId": "requestId", "processDate": "processDate", "channel": "channel", "errorCode": null, "errorDetail": null, "alertId": "alertId", "transactionId": "transactionId", "branchCd": "branchCd" | G28: SIT | H28: Medium | I28: Manual | J28: Untested | K28: Pass
A29: AML_API_HDR_11 | B29: isCallBack giá trị không hợp lệ (khác Y/N) | C29: Auth hợp lệ | D29: 1. Gửi POST với isCallBack='X' 2. Kiểm tra response lỗi | E29: Headers: Authorization: Basic a3ljYWRtbjphYmMxMjM= (Username and password to login) Content-Type: application/json transactionId: TF_HDR_011 requestId: REQ_TF_HDR_011 transactionType: MT branchCd: HN channel: T24 isCallBack: X Body: {1:F01BFICCUHHAXXX0000000000} {2:I195BFICCUHHXXXXN} {3:{108:MT195TEST0001}} {4: :20:QRY2607240001 :21:NONREF :75:PLEASE CONFIRM -}{5:{MAC:00000000}{CHK:1A2B3C4D5E6F}} | F29: Kiểm tra thông tin HTTP Status trả về : 200 OK "transactionType": "transactionType", "result": null, "score": null, "groupMessageId": null, "requestId": "requestId", "processDate": null, "channel": "channel", "errorCode": "01", "errorDetail": "Missing Parameter", "alertId": null, "transactionId": "transactionId", "branchCd": "branchCd" | G29: SIT | H29: Medium | I29: Manual | J29: Untested | K29: Pass
A30: AML_API_HDR_12 | B30: transactionId vượt độ dài tối đa (>100 ký tự) | C30: Auth hợp lệ | D30: 1. Gửi POST với transactionId dài 101 ký tự 2. Kiểm tra response lỗi | E30: transactionId: TF_AAAAAAAAAAAAAAAAAAAAAAAAAAAAAAAAAAAAAAAAAAAAAAAAAAAAAAAAAAAAAAAAAAAAAAAAAAAAAAAAAAAAAAAAAAAAAAAAA (độ dài=101, vượt varchar2(100)) | F30: Kiểm tra thông tin HTTP Status trả về : 200 OK "transactionType": "transactionType", "result": null, "score": null, "groupMessageId": null, "requestId": "requestId", "processDate": null, "channel": "channel", "errorCode": "01", "errorDetail": "Missing Parameter", "alertId": null, "transactionId": "transactionId", "branchCd": "branchCd" | G30: SIT | H30: Medium | I30: Manual | J30: Untested | K30: Pass
A31: AML_API_HDR_13 | B31: transactionType không hợp lệ (giá trị không được hỗ trợ) | C31: Auth hợp lệ | D31: 1. Gửi POST với transactionType='UNKNOWN_TYPE' 2. Kiểm tra response lỗi | E31: Headers: Authorization: Basic a3ljYWRtbjphYmMxMjM= (Username and password to login) Content-Type: application/json transactionId: TF_HDR_013 requestId: REQ_TF_HDR_013 transactionType: UNKNOWN_TYPE branchCd: HN channel: T24 isCallBack: N Body: {1:F01BFICCUHHAXXX0000000000} {2:I195BFICCUHHXXXXN} {3:{108:MT195TEST0001}} {4: :20:QRY2607240001 :21:NONREF :75:PLEASE CONFIRM -}{5:{MAC:00000000}{CHK:1A2B3C4D5E6F}} | F31: Kiểm tra thông tin HTTP Status trả về : 200 OK "transactionType": "transactionType", "result": null, "score": null, "groupMessageId": null, "requestId": "requestId", "processDate": null, "channel": "channel", "errorCode": "01", "errorDetail": "Missing Parameter", "alertId": null, "transactionId": "transactionId", "branchCd": "branchCd" | G31: SIT | H31: Medium | I31: Manual | J31: Untested | K31: Pass
A32: IV. Sàng lọc điện MT Standard
A33: AML_API_MT Kiểm tra sàng lọc với điện SWIFT MT Standard
A34: AML_API_MT_01 | B34: MT hợp lệ – kết quả No-HIT | C34: Auth hợp lệ; Body MT đúng format SWIFT; Thông tin điện không có match cấm vận | D34: 1. Gửi POST với transactionType=MT 2. Body là điện SWIFT MT chuẩn 3. Kiểm tra result=No-HIT 4. Verify các fields response | E34: Headers: Authorization: Basic a3ljYWRtbjphYmMxMjM= (Username and password to login) Content-Type: application/json transactionId: TF_MT_001 requestId: REQ_TF_MT_001 transactionType: MT branchCd: HN channel: T24 isCallBack: N Body: {1:F01SCBLSGSGAXXX0000000000} {2:I196MCOBVNVXXXXXN} {3:{108:MT196TEST0002}} {4: :20:ANS2607240002 :21:NONREF :76:00998877663 :77A:00998877663 :79:00998877663 -}{5:{MAC:00000000}{CHK:1A2B3C4D5E6F}} | F34: { "transactionType": "transactionType", "result": "NO HIT", "score": 0, "groupMessageId": "groupMessageId", "requestId": "requestId", "processDate": dd-mm-yyyy hh:mi:ss, "channel": "channel", "errorCode": null, "errorDetail": null, "alertId": "alertId", "transactionId": "transactionId", "branchCd": "branchCd" | G34: SIT | H34: High | I34: Manual | J34: Untested | K34: Pass
A35: AML_API_MT_02 | B35: MT hợp lệ – kết quả HIT (có match cấm vận) | C35: Auth hợp lệ; Body MT có tên/thông tin nằm trong danh sách cấm vận; (Không phải Knock-out country) | D35: 1. Gửi POST với transactionType=MT 2. Body điện MT có tên match danh sách cấm vận 3. Kiểm tra result=HIT 4. Verify alertId được sinh | E35: Headers: Authorization: Basic a3ljYWRtbjphYmMxMjM= (Username and password to login) Content-Type: application/json transactionId: TF_MT_002 requestId: REQ_TF_MT_002 transactionType: MT branchCd: HN channel: T24 isCallBack: N Body: {1:F01SCBLSGSGAXXX0000000000} {2:I196MCOBIRVXXXXXN} {3:{108:MT196TEST0002}} {4: :20:ANS2607240002 :21:NONREF :76:00998877663 :77A:00998877663 :79:00998877663 -}{5:{MAC:00000000}{CHK:1A2B3C4D5E6F}} | F35: { "transactionType": "transactionType", "result": "HIT", "score": score, "groupMessageId": "groupMessageId", "requestId": "requestId", "processDate": dd-mm-yyyy hh:mi:ss, "channel": "channel", "errorCode": null, "errorDetail": null, "alertId": "alertId", "transactionId": "transactionId", "branchCd": "branchCd" | G35: SIT | H35: High | I35: Manual | J35: Untested | K35: Pass
A36: AML_API_MT_03 | B36: MT hợp lệ – kết quả KNOCKED-OUT (quốc gia Knock-out) | C36: Auth hợp lệ; Body MT có quốc gia nằm trong danh sách Knock-out; (Ví dụ: CUBA trong :58D) | D36: 1. Gửi POST với transactionType=MT 2. Body điện MT có quốc gia Knock-out (vd: CUBA) 3. Kiểm tra result=KNOCKED-OUT | E36: Headers: Authorization: Basic a3ljYWRtbjphYmMxMjM= (Username and password to login) Content-Type: application/json transactionId: TF_MT_003 requestId: REQ_TF_MT_003 transactionType: MT branchCd: HN channel: T24 isCallBack: N Body: {1:F01SIIBSYDAXXXX0000000000} {2:I202ESSESESSXXXXN} {4: :20:MT202 :21:SENDEREFERENC001 :32A:170623CNY5000 :58D:/B/BENEFICIARYINST MAJESTUALIDAQ CUBA :72:PHONBEN -} {5:{MAC:12345678}{CHK:123456789ABC}} | F36: Kiểm tra thông tin HTTP Status trả về : 200 OK "transactionType": "transactionType", "result": "KNOCKED-OUT", "score": score, "groupMessageId": "groupMessageId", "requestId": "requestId", "processDate": "processDate", "channel": "channel", "errorCode": "00", "errorDetail": "No error", "alertId": "alertId", "transactionId": "transactionId", "branchCd": "branchCd" | G36: SIT | H36: High | I36: Manual | J36: Untested | K36: Pass
A37: AML_API_MT_04 | B37: MT – body điện sai format (không phải SWIFT MT) | C37: Auth hợp lệ | D37: 1. Gửi POST với transactionType=MT 2. Body KHÔNG phải SWIFT MT (plain text) 3. Kiểm tra errorCode=03 | E37: Headers: Authorization: Basic a3ljYWRtbjphYmMxMjM= (Username and password to login) Content-Type: application/json transactionId: TF_MT_004 requestId: REQ_TF_MT_004 transactionType: MT branchCd: HN channel: T24 isCallBack: N Body: INVALID_MT_BODY_NOT_SWIFT | F37: "result": null, "score": null, "groupMessageId": null, "requestId": "requestId", "processDate": null, "channel": "T24", "errorCode": "03", "errorDetail": "Invalid message format", "alertId": null, "transactionId": "transactionId" | G37: SIT | H37: High | I37: Manual | J37: Untested | K37: Pass
A38: AML_API_MT_05 | B38: MT – body rỗng | C38: Auth hợp lệ | D38: 1. Gửi POST với transactionType=MT 2. Body = empty string 3. Kiểm tra errorCode | E38: Headers: Authorization: Basic a3ljYWRtbjphYmMxMjM= (Username and password to login) Content-Type: application/json transactionId: TF_MT_005 requestId: REQ_TF_MT_005 transactionType: MT branchCd: HN channel: T24 isCallBack: N Body: | F38: Kiểm tra thông tin HTTP Status trả về : 400 { "timestamp": "timestamp UTC", "status": 400, "error": "Bad Request", "path": "/transaction-screening/v1/transaction-screening" } | G38: SIT | H38: High | I38: Manual | J38: Untested | K38: Pass
A39: AML_API_MT_06 | B39: MT – transactionId trùng lặp (duplicate) | C39: Auth hợp lệ; Đã tồn tại giao dịch với transactionId=TF_MT_DUP_001 | D39: 1. Gửi POST lần 1 với transactionId=TF_MT_DUP_001 → ghi nhận kết quả 2. Gửi POST lần 2 với cùng transactionId=TF_MT_DUP_001 3. So sánh kết quả 2 lần | E39: Headers: Authorization: Basic a3ljYWRtbjphYmMxMjM= (Username and password to login) Content-Type: application/json transactionId: TF_MT_DUP_001 requestId: REQ_TF_MT_DUP_001 transactionType: MT branchCd: HN channel: T24 isCallBack: N Body: {1:F01SIIBSYDAXXXX0000000000} {2:I202ESSESESSXXXXN} {4: :20:MT202 :21:SENDEREFERENC001 :32A:170623CNY5000 :58D:/B/BENEFICIARYINST MAJESTUALIDAQ CUBA :72:PHONBEN -} {5:{MAC:12345678}{CHK:123456789ABC}} | F39: Hệ thống không ghi nhận lỗi. Trả kết quả phù hợp cho mỗi lần chạy | G39: SIT | H39: Medium | I39: Manual | J39: Untested | K39: Pass
A40: AML_API_MT_07 | B40: MT – isCallBack=Y, verify callback sau khi Alert hoàn thành | C40: Auth hợp lệ; Body MT có HIT; Hệ thống có endpoint nhận callback | D40: 1. Gửi POST MT với isCallBack=Y 2. Nhận response HTTP 200 (result=HIT) 3. Chờ Alert được xử lý hoàn thành 4. Kiểm tra AML đã gọi callback về hệ thống | E40: Headers: Authorization: Basic a3ljYWRtbjphYmMxMjM= (Username and password to login) Content-Type: application/json transactionId: TF_MT_007 requestId: REQ_TF_MT_007 transactionType: MT branchCd: HN channel: T24 isCallBack: Y Body: {1:F01SIIBSYDAXXXX0000000000} {2:I202ESSESESSXXXXN} {4: :20:MT202 :21:SENDEREFERENC001 :32A:170623CNY5000 :58D:/B/BENEFICIARYINST MAJESTUALIDAQ CUBA :72:PHONBEN -} {5:{MAC:12345678}{CHK:123456789ABC}} | F40: Kiểm tra thông tin HTTP Status trả về : 200 OK result: HIT errorCode: 00 Verify callback: - Hệ thống nguồn nhận callback từ AML - Callback chứa alertId và kết quả xử lý Alert | G40: SIT | H40: High | I40: Manual | J40: Untested | K40: Pending | L40: Hiện tại trên UAT chưa có đầu kênh để check call back
A41: V. Sàng lọc điện MX Standard (ISO 20022)
A42: AML_API_MX Kiểm tra sàng lọc với điện ISO 20022 MX Standard
A43: AML_API_MX_01 | B43: MX_IN hợp lệ – kết quả No-HIT | C43: Auth hợp lệ; XML MX đúng schema ISO 20022; Không có match cấm vận | D43: 1. Gửi POST với transactionType=MX_IN 2. Body là phần <Document> XML MX 3. Kiểm tra result=No-HIT | E43: Headers: Authorization: Basic a3ljYWRtbjphYmMxMjM= (Username and password to login) Content-Type: application/json transactionId: TF_MX_001 requestId: REQ_TF_MX_001 transactionType: MX_IN branchCd: HN channel: T24 isCallBack: N Body: <?xml version="1.0" encoding="UTF-8"?> <Document xmlns="urn:iso:std:iso:20022:tech:xsd:pacs.004.001.09"> <PmtRtr> <GrpHdr> <MsgId>REF2607240001</MsgId> <CreDtTm>2026-07-24T10:00:00</CreDtTm> <NbOfTxs>1</NbOfTxs> <SttlmInf> <SttlmMtd>INDA</SttlmMtd> </SttlmInf> </GrpHdr> <TxInf> <RtrdIntrBkSttlmAmt Ccy="USD">50000.00</RtrdIntrBkSttlmAmt> <RtrChain> <UltmtDbtr> <Pty> <Nm>EMBEREMBER</Nm> </Pty> </UltmtDbtr> <Dbtr> <Pty> <Nm>MEKONG TRADING JOINT STOCK CO</Nm> </Pty> </Dbtr> <Cdtr> <Pty> <Nm>SUNRISE IMPORT EXPORT PTE LTD</Nm> </Pty> </Cdtr> </RtrChain> </TxInf> </PmtRtr> </Document> | F43: "transactionType": "transactionType", "result": "NO HIT", "score": 0, "groupMessageId": null, "requestId": "requestId", "processDate": "processDate", "channel": "channel", "errorCode": null, "errorDetail": null, "alertId": null, "transactionId": "transactionId", "branchCd": "branchCd" | G43: SIT | H43: High | I43: Manual | J43: Untested | K43: Pass
A44: AML_API_MX_02 | B44: MX_OUT hợp lệ – kết quả No-HIT | C44: Auth hợp lệ; XML MX đúng schema ISO 20022; Không có match cấm vận | D44: 1. Gửi POST với transactionType=MX_OUT 2. Body là phần <Document> XML MX 3. Kiểm tra result=No-HIT | E44: Headers: Authorization: Basic a3ljYWRtbjphYmMxMjM= (Username and password to login) Content-Type: application/json transactionId: TF_MX_002 requestId: REQ_TF_MX_002 transactionType: MX_OUT branchCd: HN channel: T24 isCallBack: N Body: <?xml version="1.0" encoding="UTF-8"?> <Document xmlns="urn:iso:std:iso:20022:tech:xsd:pacs.004.001.09"> <PmtRtr> <GrpHdr> <MsgId>REF2607240001</MsgId> <CreDtTm>2026-07-24T10:00:00</CreDtTm> <NbOfTxs>1</NbOfTxs> <SttlmInf> <SttlmMtd>INDA</SttlmMtd> </SttlmInf> </GrpHdr> <TxInf> <RtrdIntrBkSttlmAmt Ccy="USD">50000.00</RtrdIntrBkSttlmAmt> <RtrChain> <UltmtDbtr> <Pty> <Nm>EMBEREMBER</Nm> </Pty> </UltmtDbtr> <Dbtr> <Pty> <Nm>MEKONG TRADING JOINT STOCK CO</Nm> </Pty> </Dbtr> <Cdtr> <Pty> <Nm>SUNRISE IMPORT EXPORT PTE LTD</Nm> </Pty> </Cdtr> </RtrChain> </TxInf> </PmtRtr> </Document> | F44: "transactionType": "transactionType", "result": "NO HIT", "score": 0, "groupMessageId": null, "requestId": "requestId", "processDate": "processDate", "channel": "channel", "errorCode": null, "errorDetail": null, "alertId": null, "transactionId": "transactionId", "branchCd": "branchCd" | G44: SIT | H44: High | I44: Manual | J44: Untested | K44: Pass
A45: AML_API_MX_03 | B45: MX_IN hợp lệ – kết quả HIT | C45: Auth hợp lệ; XML có tên match danh sách cấm vận | D45: 1. Gửi POST với transactionType=MX_IN 2. Body MX có thông tin match cấm vận 3. Kiểm tra result=HIT, alertId được sinh | E45: Headers: Authorization: Basic a3ljYWRtbjphYmMxMjM= (Username and password to login) Content-Type: application/json transactionId: TF_MX_003 requestId: REQ_TF_MX_003 transactionType: MX_IN branchCd: HN channel: T24 isCallBack: N Body: <?xml version="1.0" encoding="UTF-8"?> <Document xmlns="urn:iso:std:iso:20022:tech:xsd:pacs.004.001.09"> <PmtRtr> <GrpHdr> <MsgId>REF2607240001</MsgId> <CreDtTm>2026-07-24T10:00:00</CreDtTm> <NbOfTxs>1</NbOfTxs> <SttlmInf> <SttlmMtd>INDA</SttlmMtd> </SttlmInf> </GrpHdr> <TxInf> <RtrdIntrBkSttlmAmt Ccy="USD">50000.00</RtrdIntrBkSttlmAmt> <RtrChain> <UltmtDbtr> <Pty> <Nm>SUMMIT EMBER</Nm> </Pty> </UltmtDbtr> <Dbtr> <Pty> <Nm>MEKONG TRADING JOINT STOCK CO</Nm> </Pty> </Dbtr> <Cdtr> <Pty> <Nm>SUNRISE IMPORT EXPORT PTE LTD</Nm> </Pty> </Cdtr> </RtrChain> </TxInf> </PmtRtr> </Document> | F45: "transactionType": "transactionType", "result": "HIT", "score": 0, "groupMessageId": null, "requestId": "requestId", "processDate": "processDate", "channel": "channel", "errorCode": null, "errorDetail": null, "alertId": null, "transactionId": "transactionId", "branchCd": "branchCd" | G45: SIT | H45: High | I45: Manual | J45: Untested | K45: Pass
A46: AML_API_MX_04 | B46: MX_IN hợp lệ – kết quả KNOCKED-OUT | C46: Auth hợp lệ; XML có Ctry thuộc Knock-out list | D46: 1. Gửi POST với transactionType=MX_IN 2. Body MX có quốc gia Knock-out trong <Ctry> 3. Kiểm tra result=KNOCKED-OUT | E46: Headers: Authorization: Basic a3ljYWRtbjphYmMxMjM= (Username and password to login) Content-Type: application/json transactionId: TF_MX_004 requestId: REQ_TF_MX_004 transactionType: MX_IN branchCd: HN channel: T24 isCallBack: N Body: <?xml version='1.0' encoding='UTF-8'?> <Document xmlns="urn:iso:std:iso:20022:tech:xsd:pacs.004.001.09"> <PmtRtr> <GrpHdr> <MsgId>SE-MSG-004-PTY</MsgId> <CreDtTm>2026-07-28T13:31:41</CreDtTm> <NbOfTxs>1</NbOfTxs> <SttlmInf> <SttlmMtd>INDA</SttlmMtd> </SttlmInf> </GrpHdr> <TxInf> <RtrdIntrBkSttlmAmt Ccy="USD">1000.00</RtrdIntrBkSttlmAmt> <ChrgsInf> <Amt Ccy="USD">10.00</Amt> <Agt> <FinInstnId> <BICFI>BFICCUHH</BICFI> </FinInstnId> </Agt> </ChrgsInf> <InstgAgt> <FinInstnId> <BICFI>BFICCUHH</BICFI> </FinInstnId> </InstgAgt> <InstdAgt> <FinInstnId> <BICFI>BFICCUHH</BICFI> </FinInstnId> </InstdAgt> <RtrChain> <UltmtDbtr> <Pty> <Id> <OrgId> <AnyBIC>BFICCUHH</AnyBIC> </OrgId> </Id> </Pty> </UltmtDbtr> <Dbtr> <Pty> <Id> <OrgId> <AnyBIC>BFICCUHH</AnyBIC> </OrgId> </Id> </Pty> </Dbtr> <InitgPty> <Pty> <Id> <OrgId> <AnyBIC>BFICCUHH</AnyBIC> </OrgId> </Id> </Pty> </InitgPty> <DbtrAgt> <FinInstnId> <BICFI>BFICCUHH</BICFI> </FinInstnId> </DbtrAgt> <PrvsInstgAgt1> <FinInstnId> <BICFI>BFICCUHH</BICFI> </FinInstnId> </PrvsInstgAgt1> <PrvsInstgAgt2> <FinInstnId> <BICFI>BFICCUHH</BICFI> </FinInstnId> </PrvsInstgAgt2> <PrvsInstgAgt3> <FinInstnId> <BICFI>BFICCUHH</BICFI> </FinInstnId> </PrvsInstgAgt3> <IntrmyAgt1> <FinInstnId> <BICFI>BFICCUHH</BICFI> </FinInstnId> </IntrmyAgt1> <IntrmyAgt2> <FinInstnId> <BICFI>BFICCUHH</BICFI> </FinInstnId> </IntrmyAgt2> <IntrmyAgt3> <FinInstnId> <BICFI>BFICCUHH</BICFI> </FinInstnId> </IntrmyAgt3> <CdtrAgt> <FinInstnId> <BICFI>BFICCUHH</BICFI> </FinInstnId> </CdtrAgt> <Cdtr> <Pty> <Id> <OrgId> <AnyBIC>BFICCUHH</AnyBIC> </OrgId> </Id> </Pty> </Cdtr> <UltmtCdtr> <Pty> <Id> <OrgId> <AnyBIC>BFICCUHH</AnyBIC> </OrgId> </Id> </Pty> </UltmtCdtr> </RtrChain> <RtrRsnInf> <Orgtr> <Id> <OrgId> <AnyBIC>BFICCUHH</AnyBIC> </OrgId> </Id> </Orgtr> </RtrRsnInf> <OrgnlTxRef> <CdtrSchmeId> <Id> <OrgId> <AnyBIC>BFICCUHH</AnyBIC> </OrgId> </Id> </CdtrSchmeId> <SttlmInf> <SttlmMtd>INDA</SttlmMtd> <InstgRmbrsmntAgt> <FinInstnId> <BICFI>BFICCUHH</BICFI> </FinInstnId> </InstgRmbrsmntAgt> <InstdRmbrsmntAgt> <FinInstnId> <BICFI>BFICCUHH</BICFI> </FinInstnId> </InstdRmbrsmntAgt> <ThrdRmbrsmntAgt> <FinInstnId> <BICFI>BFICCUHH</BICFI> </FinInstnId> </ThrdRmbrsmntAgt> </SttlmInf> <RmtInf> <Strd> <Invcr> <Id> <OrgId> <AnyBIC>BFICCUHH</AnyBIC> </OrgId> </Id> </Invcr> <Invcee> <Id> <OrgId> <AnyBIC>BFICCUHH</AnyBIC> </OrgId> </Id> </Invcee> <GrnshmtRmt> <Tp> <CdOrPrtry> <Prtry>GARNISHMENT</Prtry> </CdOrPrtry> </Tp> <Grnshee> <Id> <OrgId> <AnyBIC>BFICCUHH</AnyBIC> </OrgId> </Id> </Grnshee> <GrnshmtAdmstr> <Id> <OrgId> <AnyBIC>BFICCUHH</AnyBIC> </OrgId> </Id> </GrnshmtAdmstr> </GrnshmtRmt> </Strd> </RmtInf> <UltmtDbtr> <Pty> <Id> <OrgId> <AnyBIC>BFICCUHH</AnyBIC> </OrgId> </Id> </Pty> </UltmtDbtr> <Dbtr> <Pty> <Id> <OrgId> <AnyBIC>BFICCUHH</AnyBIC> </OrgId> </Id> </Pty> </Dbtr> <DbtrAgt> <FinInstnId> <BICFI>BFICCUHH</BICFI> </FinInstnId> </DbtrAgt> <CdtrAgt> <FinInstnId> <BICFI>BFICCUHH</BICFI> </FinInstnId> </CdtrAgt> <Cdtr> <Pty> <Id> <OrgId> <AnyBIC>BFICCUHH</AnyBIC> </OrgId> </Id> </Pty> </Cdtr> <UltmtCdtr> <Pty> <Id> <OrgId> <AnyBIC>BFICCUHH</AnyBIC> </OrgId> </Id> </Pty> </UltmtCdtr> </OrgnlTxRef> </TxInf> </PmtRtr> </Document> | F46: Kiểm tra thông tin HTTP Status trả về : 200 OK "transactionType": "transactionType", "result": "KNOCKED-OUT", "score": score, "groupMessageId": "groupMessageId", "requestId": "requestId", "processDate": "processDate", "channel": "channel", "errorCode": "00", "errorDetail": "No error", "alertId": "alertId", "transactionId": "transactionId", "branchCd": "branchCd" | G46: SIT | H46: High | I46: Manual | J46: Untested | K46: Pass
A47: AML_API_MX_05 | B47: MX – body XML sai cấu trúc (không đúng schema ISO 20022) | C47: Auth hợp lệ | D47: 1. Gửi POST với transactionType=MX_IN 2. Body là XML sai cấu trúc 3. Kiểm tra errorCode=03 | E47: Headers: Authorization: Basic a3ljYWRtbjphYmMxMjM= (Username and password to login) Content-Type: application/json transactionId: TF_MX_005 requestId: REQ_TF_MX_005 transactionType: MX_IN branchCd: HN channel: T24 isCallBack: N Body: <Document><INVALID></Document> | F47: Kiểm tra thông tin HTTP Status trả về : 200 OK result: ERROR errorCode: 03 errorDetail: Invalid message format score: (rỗng) alertId: (rỗng) processDate: null XML không đúng schema ISO 20022 pacs.009 | G47: SIT | H47: High | I47: Manual | J47: Untested | K47: Pass
A48: AML_API_MX_06 | B48: MX – mismatch: MT body nhưng transactionType=MX_IN | C48: Auth hợp lệ | D48: 1. Gửi POST với transactionType=MX_IN 2. Body là điện SWIFT MT (không phải XML MX) 3. Kiểm tra errorCode=03 | E48: Headers: Authorization: Basic a3ljYWRtbjphYmMxMjM= (Username and password to login) Content-Type: application/json transactionId: TF_MX_006 requestId: REQ_TF_MX_006 transactionType: MX_IN branchCd: HN channel: T24 isCallBack: N Body: {1:F01SIIBSYDAXXXX0000000000} {2:I202ESSESESSXXXXN} {4: :20:MT202 :21:SENDEREFERENC001 :32A:170623CNY5000 :58D:/B/BENEFICIARYINST MAJESTUALIDAQ CUBA :72:PHONBEN -} {5:{MAC:12345678}{CHK:123456789ABC}} | F48: Kiểm tra thông tin HTTP Status trả về : 200 OK result: ERROR errorCode: 03 errorDetail: Invalid message format score: (rỗng) alertId: (rỗng) processDate: null Mismatch: transactionType=MX_IN nhưng body là MT format | G48: SIT | H48: Medium | I48: Manual | J48: Untested | K48: Pass
A49: AML_API_MX_06 | B49: MX – body rỗng | C49: Auth hợp lệ | D49: 1. Gửi POST với transactionType=MX 2. Body = empty string 3. Kiểm tra errorCode | E49: Headers: Authorization: Basic a3ljYWRtbjphYmMxMjM= (Username and password to login) Content-Type: application/json transactionId: TF_MX_006 requestId: REQ_TF_MX_006 transactionType: MX_IN branchCd: HN channel: T24 isCallBack: N Body: | F49: Kiểm tra thông tin HTTP Status trả về : 400 { "timestamp": "timestamp UTC", "status": 400, "error": "Bad Request", "path": "/transaction-screening/v1/transaction-screening" } | G49: SIT | H49: Medium | I49: Manual | J49: Untested | K49: Pass
A50: VI. Sàng lọc Custom Message Non-Swift 1 (MSB001)
A51: AML_API_MSB001 Kiểm tra sàng lọc với Custom Message MSB001
A52: AML_API_MSB001_01 | B52: MSB001 hợp lệ – kết quả No-HIT | C52: Auth hợp lệ; JSON MSB001 đúng cấu trúc Bank01.MSB001; Không có match cấm vận | D52: 1. Gửi POST với transactionType=MSB001 2. Body JSON theo cấu trúc Bank01.MSB001 3. Kiểm tra result=No-HIT | E52: Headers: Authorization: Basic a3ljYWRtbjphYmMxMjM= (Username and password to login) Content-Type: application/json transactionId: TF_MSB001_001 requestId: REQ_TF_MSB001_001 transactionType: MSB001 branchCd: HN channel: T24 isCallBack: N Body: { "Bank01": { "MSB001": { "Sender": {"FullName":"TRAN VAN SENDER","DOB":"1985-05-20", "Nationalities":[{"SenderCitizenship":"VN"}], "Id":[{"IdNumber":"037085001234"}], "ResidenceAddress":[{"Address":"123 Nguyen Trai, Ha Noi","Country":"VN"}]}, "Receiver": {"FullName":"JOHN RECEIVER SMITH","DOB":"1990-11-12", "Nationalities":[{"Citizenship":"US"}], "Id":[{"IdNumber":"A12345678"}], "ResidenceAddress":[{"Address":"456 Broadway, New York","Country":"US"}]}, "BeneficiaryBankName":"VIETCOMBANK HO CHI MINH", "BeneficiaryBankBicCode":"BFTVBNVX002","BeneficiaryBankCountry":"VN", "RemittingBankName":"CITIBANK NEW YORK", "RemittingBankBicCode":"CITIUS33XXX","RemittingBankCountry":"US" } } } | F52: Kiểm tra thông tin HTTP Status trả về : 200 OK "transactionType": "transactionType", "result": "NO HIT", "score": 0, "groupMessageId": "groupMessageId", "requestId": "requestId", "processDate": "processDate", "channel": "channel, "errorCode": "00", "errorDetail": "No error", "alertId": null, "transactionId": "transactionId", "branchCd": "branchCd" | G52: SIT | H52: High | I52: Manual | J52: Untested | K52: Pass
A53: AML_API_MSB001_02 | B53: MSB001 hợp lệ – kết quả HIT | C53: Auth hợp lệ; Sender/Receiver có tên match danh sách cấm vận | D53: 1. Gửi POST với transactionType=MSB001 2. Body có FullName match danh sách cấm vận 3. Kiểm tra result=HIT, alertId được sinh | E53: Headers: Authorization: Basic a3ljYWRtbjphYmMxMjM= (Username and password to login) Content-Type: application/json transactionId: TF_MSB001_002 requestId: REQ_TF_MSB001_002 transactionType: MSB001 branchCd: HN channel: T24 isCallBack: N Body: { "Bank01": { "MSB001": { "Sender": {"FullName":"TRAN VAN SENDER","DOB":"1985-05-20", "Nationalities":[{"SenderCitizenship":"VN"}], "Id":[{"IdNumber":"037085001234"}], "ResidenceAddress":[{"Address":"123 Nguyen Trai, Ha Noi","Country":"VN"}]}, "Receiver": {"FullName":"JOHN RECEIVER SMITH","DOB":"1990-11-12", "Nationalities":[{"Citizenship":"US"}], "Id":[{"IdNumber":"A12345678"}], "ResidenceAddress":[{"Address":"456 Broadway, New York","Country":"US"}]}, "BeneficiaryBankName":"VIETCOMBANK HO CHI MINH", "BeneficiaryBankBicCode":"BFTVBNVX002","BeneficiaryBankCountry":"VN", "RemittingBankName":"CITIBANK NEW YORK", "RemittingBankBicCode":"CITIUS33XXX","RemittingBankCountry":"US" } } } | F53: Kiểm tra thông tin HTTP Status trả về : 200 OK result: HIT errorCode: 00 errorDetail: No Error score: > 0 alertId: (not null) | G53: SIT | H53: High | I53: Manual | J53: Untested | K53: Pending
A54: AML_API_MSB001_03 | B54: MSB001 hợp lệ – kết quả KNOCKED-OUT | C54: Auth hợp lệ; Sender/Receiver có Country thuộc Knock-out list | D54: 1. Gửi POST với transactionType=MSB001 2. Body có Country thuộc Knock-out 3. Kiểm tra result=KNOCKED-OUT, score=100 | E54: Headers: Authorization: Basic a3ljYWRtbjphYmMxMjM= (Username and password to login) Content-Type: application/json transactionId: TF_MSB001_003 requestId: REQ_TF_MSB001_003 transactionType: MSB001 branchCd: HN channel: T24 isCallBack: N Body: { "MSB001": { "Sender": { "FullName": "TRAN VAN SENDER", "DOB": "1985-05-20", "Nationalities": [ { "Citizenship": "IR" } ], "Id": [ { "IdNumber": "037085001234" } ], "ResidenceAddress": [ { "Address": "123 Nguyen Trai, Thanh Xuan, Ha Noi", "Country": "IR" } ] }, "Receiver": { "FullName": "JOHN RECEIVER SMITH", "DOB": "1990-11-12", "Nationalities": [ { "Citizenship": "US" } ], "Id": [ { "IdNumber": "A12345678" } ], "ResidenceAddress": [ { "Address": "456 Broadway, New York, NY 10013", "Country": "US" } ] }, "SenderOrg": { "VnName": "Cong ty Co phan Xuat nhap khau ABC", "EngName": "ABC Import Export Joint Stock Company", "ShortName": "ABC IMPEX", "HeadquartersAddress": "789 Le Lai, District 1, Ho Chi Minh City", "HeadquartersCountry": "IR", "IncorporationDate": "2010-03-15", "Documents": [ { "DocumentNumber": "0102030405" } ] }, "ReceiverOrg": { "VnName": "Cong ty TNHH Giao nhan Toan Cau XYZ", "EngName": "XYZ Global Logistics Company Limited", "ShortName": "XYZ LOGISTICS", "HeadquartersAddress": "101 Marina Boulevard, Singapore 018989", "HeadquartersCountry": "SG", "IncorporationDate": "2015-08-22", "Documents": [ { "DocumentNumber": "REG987654" } ] }, "BeneficiaryBankName": "VIETCOMBANK HO CHI MINH", "BeneficiaryBankBicCode": "BFTVBNVX002", "BeneficiaryBankAddress": "29 Ben Chuong Duong, District 1, Ho Chi Minh City", "BeneficiaryBankCountry": "IR", "RemittingBankName": "CITIBANK NEW YORK", "RemittingBankBicCode": "CITIUS33XXX", "RemittingBankAddress": "399 Park Avenue, New York, NY 10022", "RemittingBankCountry": "US" } } | F54: Kiểm tra thông tin HTTP Status trả về : 200 OK "transactionType": "transactionType", "result": "KNOCKED-OUT", "score": 0, "groupMessageId": "groupMessageId", "requestId": "requestId", "processDate": "processDate", "channel": "channel, "errorCode": "00", "errorDetail": "No error", "alertId": null, "transactionId": "transactionId", "branchCd": "branchCd" | G54: SIT | H54: High | I54: Manual | J54: Untested | K54: Pass
A55: AML_API_MSB001_04 | B55: MSB001 – body JSON sai cấu trúc | C55: Auth hợp lệ | D55: 1. Gửi POST với transactionType=MSB001 2. Body JSON không đúng cấu trúc Bank01.MSB001 3. Kiểm tra errorCode=03 | E55: Headers: Authorization: Basic a3ljYWRtbjphYmMxMjM= (Username and password to login) Content-Type: application/json transactionId: TF_MSB001_004 requestId: REQ_TF_MSB001_004 transactionType: MSB001 branchCd: HN channel: T24 isCallBack: N Body: {"invalid_key": "wrong_structure"} | F55: Kiểm tra thông tin HTTP Status trả về : 200 OK result: ERROR errorCode: 03 errorDetail: Invalid message format score: (rỗng) alertId: (rỗng) processDate: null JSON không khớp cấu trúc Bank01.MSB001 | G55: SIT | H55: High | I55: Manual | J55: Untested | K55: Pass
A56: AML_API_MSB001_05 | B56: MSB001 – mismatch: MT body nhưng transactionType=MSB001 | C56: Auth hợp lệ | D56: 1. Gửi POST với transactionType=MSB001 2. Body là điện SWIFT MT 3. Kiểm tra errorCode=03 | E56: Headers: Authorization: Basic a3ljYWRtbjphYmMxMjM= (Username and password to login) Content-Type: application/json transactionId: TF_MSB001_005 requestId: REQ_TF_MSB001_005 transactionType: MSB001 branchCd: HN channel: T24 isCallBack: N Body: | F56: Kiểm tra thông tin HTTP Status trả về : 200 OK result: ERROR errorCode: 03 errorDetail: Invalid message format score: (rỗng) alertId: (rỗng) processDate: null Mismatch: transactionType=MSB001 nhưng body là MT format | G56: SIT | H56: Medium | I56: Manual | J56: Untested | K56: Pass
A57: VII. Sàng lọc Custom Message Non-Swift 2 (MSB002)
A58: AML_API_MSB002 Kiểm tra sàng lọc với Custom Message MSB002
A59: AML_API_MSB002_01 | B59: MSB002 hợp lệ – kết quả No-HIT | C59: Auth hợp lệ; JSON MSB002 đúng cấu trúc; Không có match cấm vận | D59: 1. Gửi POST với transactionType=MSB002 2. Body JSON theo cấu trúc Bank01.MSB002 3. Kiểm tra result=No-HIT | E59: Headers: Authorization: Basic a3ljYWRtbjphYmMxMjM= (Username and password to login) Content-Type: application/json transactionId: TF_MSB002_001 requestId: REQ_TF_MSB002_001 transactionType: MSB002 branchCd: HN channel: T24 isCallBack: N Body: { "MSB002": { "Sender": { "FullName": "TRAN VAN SENDER", "DOB": "1985-05-20", "Nationalities": [ { "Citizenship": "VN" } ], "Id": [ { "IdNumber": "037085001234" } ], "ResidenceAddress": [ { "Address": "123 Nguyen Trai, Thanh Xuan, Ha Noi", "Country": "VN" } ] }, "Receiver": { "FullName": "JOHN RECEIVER SMITH", "DOB": "1990-11-12", "Nationalities": [ { "Citizenship": "US" } ], "Id": [ { "IdNumber": "A12345678" } ], "ResidenceAddress": [ { "Address": "456 Broadway, New York, NY 10013", "Country": "US" } ] }, "SenderOrg": { "VnName": "Cong ty Co phan Xuat nhap khau ABC", "EngName": "ABC Import Export Joint Stock Company", "ShortName": "ABC IMPEX", "HeadquartersAddress": "789 Le Lai, District 1, Ho Chi Minh City", "HeadquartersCountry": "VN", "IncorporationDate": "2010-03-15", "Documents": [ { "DocumentNumber": "0102030405" } ] }, "ReceiverOrg": { "VnName": "Cong ty TNHH Giao nhan Toan Cau XYZ", "EngName": "XYZ Global Logistics Company Limited", "ShortName": "XYZ LOGISTICS", "HeadquartersAddress": "101 Marina Boulevard, Singapore 018989", "HeadquartersCountry": "SG", "IncorporationDate": "2015-08-22", "Documents": [ { "DocumentNumber": "REG987654" } ] }, "BeneficiaryBankName": "VIETCOMBANK HO CHI MINH", "BeneficiaryBankBicCode": "BFTVBNVX002", "BeneficiaryBankAddress": "29 Ben Chuong Duong, District 1, Ho Chi Minh City", "BeneficiaryBankCountry": "VN", "RemittingBankName": "CITIBANK NEW YORK", "RemittingBankBicCode": "CITIUS33XXX", "RemittingBankAddress": "399 Park Avenue, New York, NY 10022", "RemittingBankCountry": "US" } } | F59: Kiểm tra thông tin HTTP Status trả về : 200 OK "transactionType": "transactionType", "result": "NO HIT", "score": 0, "groupMessageId": "groupMessageId", "requestId": "requestId", "processDate": "processDate", "channel": "channel, "errorCode": "00", "errorDetail": "No error", "alertId": null, "transactionId": "transactionId", "branchCd": "branchCd" | G59: SIT | H59: High | I59: Manual | J59: Untested | K59: Pass
A60: AML_API_MSB002_02 | B60: MSB002 hợp lệ – kết quả HIT | C60: Auth hợp lệ; Sender/Receiver match danh sách cấm vận | D60: 1. Gửi POST với transactionType=MSB002 2. Body có thông tin match cấm vận 3. Kiểm tra result=HIT | E60: Headers: Authorization: Basic a3ljYWRtbjphYmMxMjM= (Username and password to login) Content-Type: application/json transactionId: TF_MSB002_002 requestId: REQ_TF_MSB002_002 transactionType: MSB002 branchCd: HN channel: T24 isCallBack: N Body: { "Bank01": { "MSB002": { "Sender": {"FullName":"TRAN VAN SENDER","DOB":"1985-05-20", "Nationalities":[{"SenderCitizenship":"VN"}], "Id":[{"IdNumber":"037085001234"}], "ResidenceAddress":[{"Address":"123 Nguyen Trai, Ha Noi","Country":"VN"}]}, "Receiver": {"FullName":"JOHN RECEIVER SMITH","DOB":"1990-11-12", "Nationalities":[{"Citizenship":"US"}], "Id":[{"IdNumber":"A12345678"}], "ResidenceAddress":[{"Address":"456 Broadway, New York","Country":"US"}]}, "BeneficiaryBankName":"VIETCOMBANK HO CHI MINH", "BeneficiaryBankBicCode":"BFTVBNVX002","BeneficiaryBankCountry":"VN", "RemittingBankName":"CITIBANK NEW YORK", "RemittingBankBicCode":"CITIUS33XXX","RemittingBankCountry":"US" } } } | F60: Kiểm tra thông tin HTTP Status trả về : 200 OK result: HIT errorCode: 00 errorDetail: No Error score: > 0 alertId: (not null) | G60: SIT | H60: High | I60: Manual | J60: Untested | K60: Pending
A61: AML_API_MSB002_03 | B61: MSB002 hợp lệ – kết quả KNOCKED-OUT | C61: Auth hợp lệ; Country thuộc Knock-out list | D61: 1. Gửi POST với transactionType=MSB002 2. Body có Country thuộc Knock-out 3. Kiểm tra result=KNOCKED-OUT | E61: Headers: Authorization: Basic a3ljYWRtbjphYmMxMjM= (Username and password to login) Content-Type: application/json transactionId: TF_MSB002_003 requestId: REQ_TF_MSB002_003 transactionType: MSB002 branchCd: HN channel: T24 isCallBack: N Body: | F61: Kiểm tra thông tin HTTP Status trả về : 200 OK "transactionType": "transactionType", "result": "KNOCKED-OUT", "score": 0, "groupMessageId": "groupMessageId", "requestId": "requestId", "processDate": "processDate", "channel": "channel, "errorCode": "00", "errorDetail": "No error", "alertId": null, "transactionId": "transactionId", "branchCd": "branchCd" | G61: SIT | H61: High | I61: Manual | J61: Untested | K61: Pass
A62: AML_API_MSB002_04 | B62: MSB002 – body JSON sai cấu trúc | C62: Auth hợp lệ | D62: 1. Gửi POST với transactionType=MSB002 2. Body JSON sai cấu trúc MSB002 3. Kiểm tra errorCode=03 | E62: Headers: Authorization: Basic a3ljYWRtbjphYmMxMjM= (Username and password to login) Content-Type: application/json transactionId: TF_MSB002_004 requestId: REQ_TF_MSB002_004 transactionType: MSB002 branchCd: HN channel: T24 isCallBack: N Body: {"wrong_key": "value"} | F62: Kiểm tra thông tin HTTP Status trả về : 200 OK result: ERROR errorCode: 03 errorDetail: Invalid message format score: (rỗng) alertId: (rỗng) processDate: null | G62: SIT | H62: High | I62: Manual | J62: Untested | K62: Pass
A63: VIII. Sàng lọc Custom Message Non-Swift 3 (MSB003)
A64: AML_API_MSB003 Kiểm tra sàng lọc với Custom Message MSB003 (JSON Array)
A65: AML_API_MSB003_01 | B65: MSB003 hợp lệ – kết quả No-HIT | C65: Auth hợp lệ; JSON Array MSB003 đúng cấu trúc; Không có match cấm vận | D65: 1. Gửi POST với transactionType=MSB003 2. Body là JSON Array chứa object MSB003 3. Kiểm tra result=No-HIT | E65: Headers: Authorization: Basic a3ljYWRtbjphYmMxMjM= (Username and password to login) Content-Type: application/json transactionId: TF_MSB003_001 requestId: REQ_TF_MSB003_001 transactionType: MSB003 branchCd: HN channel: T24 isCallBack: N Body: { "MSB003": { "Debtor": { "Name": "CONG TY TNHH THUONG MAI VA XUAT NHAP KHAU ABC", "Identifier": "0101234567", "Address": { "FullAddress": "So 12 Duong Lang Ha, Phuong Thanh Cong, Quan Ba Dinh, Ha Noi, Viet Nam", "CountryInAddress": "VN" } }, "Creditor": { "Name": "SHENZHEN GLOBAL ELECTRONICS CO., LTD", "Identifier": "91440300MA5XXXXX1K", "Address": { "FullAddress": "No. 88 Huaqiang North Road, Futian District, Shenzhen, Guangdong, China", "CountryInAddress": "CN" } }, "InvolvedParty": [ { "PartyType": "Party_01", "Role": "Nguoi xuat khau (Exporter)", "Name": "SHENZHEN GLOBAL ELECTRONICS CO., LTD", "Identifier": "91440300MA5XXXXX1K", "Address": { "FullAddress": "No. 88 Huaqiang North Road, Futian District, Shenzhen, China", "CountryInAddress": "CN" } }, { "PartyType": "Party_02", "Role": "Nguoi nhap khau (Importer)", "Name": "CONG TY TNHH THUONG MAI VA XUAT NHAP KHAU ABC", "Identifier": "0101234567", "Address": { "FullAddress": "So 12 Duong Lang Ha, Quan Ba Dinh, Ha Noi, Viet Nam", "CountryInAddress": "VN" } }, { "PartyType": "Party_03", "Role": "Cong ty van tai (Transportation Company)", "Name": "OCEAN LINE SHIPPING PTE LTD", "Identifier": "SG201512345R", "Address": { "FullAddress": "10 Marina Boulevard, Singapore", "CountryInAddress": "SG" } }, { "PartyType": "Party_04", "Role": "Cong ty bao hiem (Insurance Company)", "Name": "BAO VIET INSURANCE CORPORATION", "Identifier": "0100111333", "Address": { "FullAddress": "So 7 Ly Thuong Kiet, Hoan Kiem, Ha Noi, Viet Nam", "CountryInAddress": "VN" } }, { "PartyType": "Party_05", "Role": "Nha san xuat (Manufacturer)", "Name": "DONGGUAN PRECISION MANUFACTURING LTD", "Identifier": "91441900MA4YYYYY2L", "Address": { "FullAddress": "Industrial Zone, Chang'an Town, Dongguan, China", "CountryInAddress": "CN" } }, { "PartyType": "Party_06", "Role": "Ben lien quan khac (Others)", "Name": "GLOBAL INSPECTION SERVICES LTD", "Identifier": "HK-CR-2233445", "Address": { "FullAddress": "Room 501, Nathan Road, Kowloon, Hong Kong", "CountryInAddress": "HK" } }, { "PartyType": "Party_07", "Role": "Ben lien quan khac (Others)", "Name": "ASIA FREIGHT FORWARDING JSC", "Identifier": "0312556677", "Address": { "FullAddress": "So 25 Nguyen Van Linh, Quan 7, TP Ho Chi Minh, Viet Nam", "CountryInAddress": "VN" } }, { "PartyType": "Party_08", "Role": "Ben lien quan khac (Others)", "Name": "CUSTOMS BROKER TRANG AN CO., LTD", "Identifier": "0201889900", "Address": { "FullAddress": "So 8 Le Thanh Tong, Ngo Quyen, Hai Phong, Viet Nam", "CountryInAddress": "VN" } } ], "BeneficiaryBank": { "Name": "BANK OF CHINA, SHENZHEN BRANCH", "BIC": "BKCHCNBJ45A", "Address": { "FullAddress": "1088 Shennan Road, Futian District, Shenzhen, China", "CountryInAddress": "CN" } }, "InvolvedBank": [ { "BankType": "Bank_01", "Role": "Ngan hang xac nhan (Confirming)", "Name": "HSBC HONG KONG", "BIC": "HSBCHKHHHKH", "Address": { "FullAddress": "1 Queen's Road Central, Hong Kong", "CountryInAddress": "HK" } }, { "BankType": "Bank_02", "Role": "Ngan hang hoan tra (Reimbursing)", "Name": "CITIBANK N.A., NEW YORK", "BIC": "CITIUS33XXX", "Address": { "FullAddress": "388 Greenwich Street, New York, NY, USA", "CountryInAddress": "US" } } ], "PortOfLoading": [ { "PortTypeL": "PortOfLoading_01", "Name": "Yantian International Container Terminal", "Country": "CN" } ], "PlaceOfLoading": [ { "PlaceTypeL": "PlaceOfLoading_01", "FullAddress": "Yantian Bonded Warehouse, Shenzhen, China", "CountryInAddress": "CN" } ], "PortOfTransshipment": [ { "PortTypeT": "PortOfTransshipment_01", "Name": "Hong Kong Kwai Chung Terminal", "Country": "HK" } ], "PortOfDischarge": [ { "PortTypeD": "PortOfDischarge_01", "Name": "Hai Phong Port", "Country": "VN" } ], "PlaceOfDischarge": [ { "PlaceTypeD": "PlaceOfDischarge_01", "FullAddress": "Kho ngoai quan Dinh Vu, Hai Phong, Viet Nam", "CountryInAddress": "VN" } ], "Transportation": [ { "TransportationType": "Transportation_01", "Name": "MV OCEAN STAR", "Identifier": "IMO9345678", "Flag": "PA" } ], "Goods": [ { "GoodsType": "Goods_01", "ImportCountry": "CN", "ExportCountry": "HK" } ] } } | F65: Kiểm tra thông tin HTTP Status trả về : 200 OK result: No-HIT errorCode: 00 errorDetail: No Error score: 0 alertId: (rỗng) | G65: SIT | H65: High | I65: Manual | J65: Untested | K65: Pass
A66: AML_API_MSB003_02 | B66: MSB003 hợp lệ – kết quả HIT (Debtor/Creditor/InvolvedParty match cấm vận) | C66: Auth hợp lệ; Tên Debtor hoặc Creditor hoặc InvolvedParty match cấm vận | D66: 1. Gửi POST với transactionType=MSB003 2. Body MSB003 có tên match cấm vận 3. Kiểm tra result=HIT 4. Verify sàng lọc tất cả InvolvedParty | E66: Headers: Authorization: Basic a3ljYWRtbjphYmMxMjM= (Username and password to login) Content-Type: application/json transactionId: TF_MSB003_002 requestId: REQ_TF_MSB003_002 transactionType: MSB003 branchCd: HN channel: T24 isCallBack: N Body: [ { "MSB003": { "Debtor":{"Name":"CONG TY TNHH THUONG MAI VA XUAT NHAP KHAU ABC", "FullAddress":"So 12 Duong Lang Ha, Ba Dinh, Ha Noi, Viet Nam", "CountryInAddress":"VNM","Identifier":"0101234567"}, "Creditor":{"Name":"SHENZHEN GLOBAL ELECTRONICS CO., LTD", "FullAddress":"No. 88 Huaqiang North Road, Shenzhen, China", "CountryInAddress":"CHN","Identifier":"91440300MA5XXXXX1K"}, "InvolvedParty":[{"PartyType":"PARTY_01","Role":"Exporter", "Name":"SHENZHEN GLOBAL ELECTRONICS","CountryInAddress":"CHN", "Identifier":"91440300MA5XXXXX1K"}] } } ] | F66: Kiểm tra thông tin HTTP Status trả về : 200 OK result: HIT errorCode: 00 errorDetail: No Error score: > 0 alertId: (not null) Verify: tất cả InvolvedParty đều được sàng lọc | G66: SIT | H66: High | I66: Manual | J66: Untested | K66: Pending
A67: AML_API_MSB003_03 | B67: MSB003 hợp lệ – kết quả KNOCKED-OUT | C67: Auth hợp lệ; CountryInAddress thuộc Knock-out list | D67: 1. Gửi POST với transactionType=MSB003 2. Body có CountryInAddress thuộc Knock-out 3. Kiểm tra result=KNOCKED-OUT | E67: Headers: Authorization: Basic a3ljYWRtbjphYmMxMjM= (Username and password to login) Content-Type: application/json transactionId: TF_MSB003_003 requestId: REQ_TF_MSB003_003 transactionType: MSB003 branchCd: HN channel: T24 isCallBack: N Body: { "MSB003": { "Debtor": { "Name": "CONG TY TNHH THUONG MAI VA XUAT NHAP KHAU ABC", "Identifier": "0101234567", "Address": { "FullAddress": "So 12 Duong Lang Ha, Phuong Thanh Cong, Quan Ba Dinh, Ha Noi, Viet Nam", "CountryInAddress": "IR" } }, "Creditor": { "Name": "SHENZHEN GLOBAL ELECTRONICS CO., LTD", "Identifier": "91440300MA5XXXXX1K", "Address": { "FullAddress": "No. 88 Huaqiang North Road, Futian District, Shenzhen, Guangdong, China", "CountryInAddress": "CN" } }, "InvolvedParty": [ { "PartyType": "Party_01", "Role": "Nguoi xuat khau (Exporter)", "Name": "SHENZHEN GLOBAL ELECTRONICS CO., LTD", "Identifier": "91440300MA5XXXXX1K", "Address": { "FullAddress": "No. 88 Huaqiang North Road, Futian District, Shenzhen, China", "CountryInAddress": "CN" } }, { "PartyType": "Party_02", "Role": "Nguoi nhap khau (Importer)", "Name": "CONG TY TNHH THUONG MAI VA XUAT NHAP KHAU ABC", "Identifier": "0101234567", "Address": { "FullAddress": "So 12 Duong Lang Ha, Quan Ba Dinh, Ha Noi, Viet Nam", "CountryInAddress": "IR" } }, { "PartyType": "Party_03", "Role": "Cong ty van tai (Transportation Company)", "Name": "OCEAN LINE SHIPPING PTE LTD", "Identifier": "SG201512345R", "Address": { "FullAddress": "10 Marina Boulevard, Singapore", "CountryInAddress": "SG" } }, { "PartyType": "Party_04", "Role": "Cong ty bao hiem (Insurance Company)", "Name": "BAO VIET INSURANCE CORPORATION", "Identifier": "0100111333", "Address": { "FullAddress": "So 7 Ly Thuong Kiet, Hoan Kiem, Ha Noi, Viet Nam", "CountryInAddress": "IR" } }, { "PartyType": "Party_05", "Role": "Nha san xuat (Manufacturer)", "Name": "DONGGUAN PRECISION MANUFACTURING LTD", "Identifier": "91441900MA4YYYYY2L", "Address": { "FullAddress": "Industrial Zone, Chang'an Town, Dongguan, China", "CountryInAddress": "CN" } }, { "PartyType": "Party_06", "Role": "Ben lien quan khac (Others)", "Name": "GLOBAL INSPECTION SERVICES LTD", "Identifier": "HK-CR-2233445", "Address": { "FullAddress": "Room 501, Nathan Road, Kowloon, Hong Kong", "CountryInAddress": "HK" } }, { "PartyType": "Party_07", "Role": "Ben lien quan khac (Others)", "Name": "ASIA FREIGHT FORWARDING JSC", "Identifier": "0312556677", "Address": { "FullAddress": "So 25 Nguyen Van Linh, Quan 7, TP Ho Chi Minh, Viet Nam", "CountryInAddress": "IR" } }, { "PartyType": "Party_08", "Role": "Ben lien quan khac (Others)", "Name": "CUSTOMS BROKER TRANG AN CO., LTD", "Identifier": "0201889900", "Address": { "FullAddress": "So 8 Le Thanh Tong, Ngo Quyen, Hai Phong, Viet Nam", "CountryInAddress": "IR" } } ], "BeneficiaryBank": { "Name": "BANK OF CHINA, SHENZHEN BRANCH", "BIC": "BKCHCNBJ45A", "Address": { "FullAddress": "1088 Shennan Road, Futian District, Shenzhen, China", "CountryInAddress": "CN" } }, "InvolvedBank": [ { "BankType": "Bank_01", "Role": "Ngan hang xac nhan (Confirming)", "Name": "HSBC HONG KONG", "BIC": "HSBCHKHHHKH", "Address": { "FullAddress": "1 Queen's Road Central, Hong Kong", "CountryInAddress": "HK" } }, { "BankType": "Bank_02", "Role": "Ngan hang hoan tra (Reimbursing)", "Name": "CITIBANK N.A., NEW YORK", "BIC": "CITIUS33XXX", "Address": { "FullAddress": "388 Greenwich Street, New York, NY, USA", "CountryInAddress": "US" } } ], "PortOfLoading": [ { "PortTypeL": "PortOfLoading_01", "Name": "Yantian International Container Terminal", "Country": "CN" } ], "PlaceOfLoading": [ { "PlaceTypeL": "PlaceOfLoading_01", "FullAddress": "Yantian Bonded Warehouse, Shenzhen, China", "CountryInAddress": "CN" } ], "PortOfTransshipment": [ { "PortTypeT": "PortOfTransshipment_01", "Name": "Hong Kong Kwai Chung Terminal", "Country": "HK" } ], "PortOfDischarge": [ { "PortTypeD": "PortOfDischarge_01", "Name": "Hai Phong Port", "Country": "IR" } ], "PlaceOfDischarge": [ { "PlaceTypeD": "PlaceOfDischarge_01", "FullAddress": "Kho ngoai quan Dinh Vu, Hai Phong, Viet Nam", "CountryInAddress": "IR" } ], "Transportation": [ { "TransportationType": "Transportation_01", "Name": "MV OCEAN STAR", "Identifier": "IMO9345678", "Flag": "PA" } ], "Goods": [ { "GoodsType": "Goods_01", "ImportCountry": "CN", "ExportCountry": "HK" } ] } } | F67: Kiểm tra thông tin HTTP Status trả về : 200 OK result: KNOCKED-OUT errorCode: 00 errorDetail: No Error score: 100 alertId: (not null) | G67: SIT | H67: High | I67: Manual | J67: Untested | K67: Pass
A68: AML_API_MSB003_04 | B68: MSB003 – body JSON Object thay vì JSON Array | C68: Auth hợp lệ | D68: 1. Gửi POST với transactionType=MSB003 2. Body là JSON Object ({}) thay vì JSON Array ([{}]) 3. Kiểm tra errorCode=03 | E68: Headers: Authorization: Basic a3ljYWRtbjphYmMxMjM= (Username and password to login) Content-Type: application/json transactionId: TF_MSB003_004 requestId: REQ_TF_MSB003_004 transactionType: MSB003 branchCd: HN channel: T24 isCallBack: N Body: { "MSB003": { "Debtor": { "Name": "CONG TY TNHH THUONG MAI VA XUAT NHAP KHAU ABC", "Identifier": "0101234567", "Address": { "FullAddress": "So 12 Duong Lang Ha, Phuong Thanh Cong, Quan Ba Dinh, Ha Noi, Viet Nam", "CountryInAddress": "IR" } }, "Creditor": { "Name": "SHENZHEN GLOBAL ELECTRONICS CO., LTD", "Identifier": "91440300MA5XXXXX1K", "Address": { "FullAddress": "No. 88 Huaqiang North Road, Futian District, Shenzhen, Guangdong, China", "CountryInAddress": "CN" } }, "InvolvedParty": [ { "PartyType": "Party_01", "Role": "Nguoi xuat khau (Exporter)", "Name": "SHENZHEN GLOBAL ELECTRONICS CO., LTD", "Identifier": "91440300MA5XXXXX1K", "Address": { "FullAddress": "No. 88 Huaqiang North Road, Futian District, Shenzhen, China", "CountryInAddress": "CN" } }, { "PartyType": "Party_02", "Role": "Nguoi nhap khau (Importer)", "Name": "CONG TY TNHH THUONG MAI VA XUAT NHAP KHAU ABC", "Identifier": "0101234567", "Address": { "FullAddress": "So 12 Duong Lang Ha, Quan Ba Dinh, Ha Noi, Viet Nam", "CountryInAddress": "IR" } }, { "PartyType": "Party_03", "Role": "Cong ty van tai (Transportation Company)", "Name": "OCEAN LINE SHIPPING PTE LTD", "Identifier": "SG201512345R", "Address": { "FullAddress": "10 Marina Boulevard, Singapore", "CountryInAddress": "SG" } }, { "PartyType": "Party_04", "Role": "Cong ty bao hiem (Insurance Company)", "Name": "BAO VIET INSURANCE CORPORATION", "Identifier": "0100111333", "Address": { "FullAddress": "So 7 Ly Thuong Kiet, Hoan Kiem, Ha Noi, Viet Nam", "CountryInAddress": "IR" } }, { "PartyType": "Party_05", "Role": "Nha san xuat (Manufacturer)", "Name": "DONGGUAN PRECISION MANUFACTURING LTD", "Identifier": "91441900MA4YYYYY2L", "Address": { "FullAddress": "Industrial Zone, Chang'an Town, Dongguan, China", "CountryInAddress": "CN" } }, { "PartyType": "Party_06", "Role": "Ben lien quan khac (Others)", "Name": "GLOBAL INSPECTION SERVICES LTD", "Identifier": "HK-CR-2233445", "Address": { "FullAddress": "Room 501, Nathan Road, Kowloon, Hong Kong", "CountryInAddress": "HK" } }, { "PartyType": "Party_07", "Role": "Ben lien quan khac (Others)", "Name": "ASIA FREIGHT FORWARDING JSC", "Identifier": "0312556677", "Address": { "FullAddress": "So 25 Nguyen Van Linh, Quan 7, TP Ho Chi Minh, Viet Nam", "CountryInAddress": "IR" } }, { "PartyType": "Party_08", "Role": "Ben lien quan khac (Others)", "Name": "CUSTOMS BROKER TRANG AN CO., LTD", "Identifier": "0201889900", "Address": { "FullAddress": "So 8 Le Thanh Tong, Ngo Quyen, Hai Phong, Viet Nam", "CountryInAddress": "IR" } } ], "BeneficiaryBank": { "Name": "BANK OF CHINA, SHENZHEN BRANCH", "BIC": "BKCHCNBJ45A", "Address": { "FullAddress": "1088 Shennan Road, Futian District, Shenzhen, China", "CountryInAddress": "CN" } }, "InvolvedBank": [ { "BankType": "Bank_01", "Role": "Ngan hang xac nhan (Confirming)", "Name": "HSBC HONG KONG", "BIC": "HSBCHKHHHKH", "Address": { "FullAddress": "1 Queen's Road Central, Hong Kong", "CountryInAddress": "HK" } }, { "BankType": "Bank_02", "Role": "Ngan hang hoan tra (Reimbursing)", "Name": "CITIBANK N.A., NEW YORK", "BIC": "CITIUS33XXX", "Address": { "FullAddress": "388 Greenwich Street, New York, NY, USA", "CountryInAddress": "US" } } ], "PortOfLoading": [ { "PortTypeL": "PortOfLoading_01", "Name": "Yantian International Container Terminal", "Country": "CN" } ], "PlaceOfLoading": [ { "PlaceTypeL": "PlaceOfLoading_01", "FullAddress": "Yantian Bonded Warehouse, Shenzhen, China", "CountryInAddress": "CN" } ], "PortOfTransshipment": [ { "PortTypeT": "PortOfTransshipment_01", "Name": "Hong Kong Kwai Chung Terminal", "Country": "HK" } ], "PortOfDischarge": { "PortTypeD": "PortOfDischarge_01", "Name": "Hai Phong Port", "Country": "IR" } ], "PlaceOfDischarge": { "PlaceTypeD": "PlaceOfDischarge_01", "FullAddress": "Kho ngoai quan Dinh Vu, Hai Phong, Viet Nam", "CountryInAddress": "IR" } ], "Transportation": { "TransportationType": "Transportation_01", "Name": "MV OCEAN STAR", "Identifier": "IMO9345678", "Flag": "PA" } , "Goods": { "GoodsType": "Goods_01", "ImportCountry": "CN", "ExportCountry": "HK" } } } | F68: Kiểm tra thông tin HTTP Status trả về : 200 OK result: ERROR errorCode: 03 errorDetail: Invalid message format score: (rỗng) alertId: (rỗng) processDate: null MSB003 yêu cầu JSON Array; JSON Object phải bị từ chối | G68: SIT | H68: High | I68: Manual | J68: Untested | K68: Pass
A69: IX. Verify Response Body – Kiểm tra đầy đủ các fields
A70: AML_API_RESP Kiểm tra cấu trúc và giá trị response body
A71: AML_API_RESP_01 | B71: Response HIT – verify đầy đủ 12 fields | C71: Auth hợp lệ; Request MT có HIT | D71: 1. Gửi POST MT hợp lệ, có HIT 2. Nhận response 3. Verify lần lượt tất cả fields: transactionId, transactionType, result, requestId, errorCode, errorDetail, score, groupMessageId, alertId, processDate, branchCd, channel | E71: Headers: Authorization: Basic a3ljYWRtbjphYmMxMjM= (Username and password to login) Content-Type: application/json transactionId: TF_RESP_001 requestId: REQ_TF_RESP_001 transactionType: MT branchCd: HN channel: T24 isCallBack: N Body: {1:F01SIIBSYDAXXXX0000000000} {2:I202ESSESESSXXXXN} {4: :20:MT202 :21:SENDEREFERENC001 :32A:170623CNY5000 :58D:/B/BENEFICIARYINST MAJESTUALIDAQ CUBA :72:PHONBEN -} {5:{MAC:12345678}{CHK:123456789ABC}} | F71: Kiểm tra thông tin HTTP Status trả về: 200 result: HIT transactionId == TF_RESP_001 (echo) requestId == REQ_TF_RESP_001 (echo) transactionType == MT (echo) errorCode: null errorDetail: null score: > 0 (số nguyên) groupMessageId: not null (Number) alertId: not null (Number) processDate: format dd-mm-yyyy hh:mi:ss branchCd == HN (echo) channel == T24 (echo) | G71: SIT | H71: High | I71: Manual | J71: Untested | K71: Pass
A72: AML_API_RESP_02 | B72: Response No-HIT – alertId rỗng, score=0 | C72: Auth hợp lệ; Request MT, kết quả No-HIT | D72: 1. Gửi POST MT không match cấm vận 2. Nhận response No-HIT 3. Verify: alertId='' và score=0 | E72: Headers: Authorization: Basic a3ljYWRtbjphYmMxMjM= (Username and password to login) Content-Type: application/json transactionId: TF_RESP_002 requestId: REQ_TF_RESP_002 transactionType: MT branchCd: HN channel: T24 isCallBack: N Body: {1:F01SIIBSYDAXXXX0000000000} {2:I202ESSESESSXXXXN} {4: :20:MT202 :21:SENDEREFERENC001 :32A:170623CNY5000 :58D:/B/BENEFICIARYINST MAJESTUALIDAQ CUBA :72:PHONBEN -} {5:{MAC:12345678}{CHK:123456789ABC}} | F72: Kiểm tra thông tin HTTP Status trả về: 200 result: NO HIT transactionId == TF_RESP_001 (echo) requestId == REQ_TF_RESP_001 (echo) transactionType == MT (echo) errorCode: null errorDetail: null score: > 0 (số nguyên) groupMessageId: not null (Number) alertId: not null (Number) processDate: format dd-mm-yyyy hh:mi:ss branchCd == HN (echo) channel == T24 (echo) | G72: SIT | H72: High | I72: Manual | J72: Untested | K72: Pass
A73: AML_API_RESP_03 | B73: Response KNOCKED-OUT, alertId not null | C73: Auth hợp lệ; Request MT có Knock-out country | D73: 1. Gửi POST MT với Knock-out country 2. Nhận response KNOCKED-OUT 3. Verify: alertId not null | E73: Headers: Authorization: Basic a3ljYWRtbjphYmMxMjM= (Username and password to login) Content-Type: application/json transactionId: TF_RESP_003 requestId: REQ_TF_RESP_003 transactionType: MT branchCd: HN channel: T24 isCallBack: N Body: {1:F01SIIBSYDAXXXX0000000000} {2:I202ESSESESSXXXXN} {4: :20:MT202 :21:SENDEREFERENC001 :32A:170623CNY5000 :58D:/B/BENEFICIARYINST MAJESTUALIDAQ CUBA :72:PHONBEN -} {5:{MAC:12345678}{CHK:123456789ABC}} | F73: Kiểm tra thông tin HTTP Status trả về : 200 OK "transactionType": "transactionType", "result": "KNOCKED-OUT", "score": score, "groupMessageId": "groupMessageId", "requestId": "requestId", "processDate": "processDate", "channel": "channel", "errorCode": "00", "errorDetail": "No error", "alertId": "alertId", "transactionId": "transactionId", "branchCd": "branchCd" | G73: SIT | H73: High | I73: Manual | J73: Untested | K73: Pass
A74: AML_API_RESP_04 | B74: Response ERROR – score rỗng, alertId rỗng, processDate null | C74: Auth hợp lệ; Request MT body sai format | D74: 1. Gửi POST MT với body sai format 2. Nhận response ERROR 3. Verify: score='', alertId='', processDate=null | E74: Headers: Authorization: Basic a3ljYWRtbjphYmMxMjM= (Username and password to login) Content-Type: application/json transactionId: TF_RESP_004 requestId: REQ_TF_RESP_004 transactionType: MT branchCd: HN channel: T24 isCallBack: N Body: INVALID_MT_BODY_NOT_SWIFT | F74: "result": null, "score": null, "groupMessageId": null, "requestId": "requestId", "processDate": null, "channel": "channel", "errorCode": "03", "errorDetail": "Invalid message format", "alertId": null, "transactionId": "transactionId" | G74: SIT | H74: High | I74: Manual | J74: Untested | K74: Pass
A75: AML_API_RESP_05 | B75: HTTP Status luôn là 200 kể cả khi nghiệp vụ ERROR | C75: Auth hợp lệ; Request body sai format để trigger ERROR | D75: 1. Gửi POST với body sai format 2. Kiểm tra HTTP Status Code trong response header 3. Verify HTTP = 200 (không phải 4xx hay 5xx) | E75: Headers: Authorization: Basic a3ljYWRtbjphYmMxMjM= (Username and password to login) Content-Type: application/json transactionId: TF_RESP_005 requestId: REQ_TF_RESP_005 transactionType: MT branchCd: HN channel: T24 isCallBack: N Body: INVALID_MT_BODY_NOT_SWIFT | F75: Kiểm tra thông tin HTTP Status trả về : 200 OK ← LUÔN LUÔN Trạng thái nghiệp vụ phân biệt qua: result: ERROR errorCode: 03 KHÔNG phải qua HTTP 4xx/5xx | G75: SIT | H75: High | I75: Manual | J75: Untested | K75: Pass
A76: AML_API_RESP_06 | B76: transactionId trong response cho đúng giá trị đã gửi | C76: Auth hợp lệ | D76: 1. Gửi POST với transactionId='TF_ECHO_CHECK_001' 2. Kiểm tra response.transactionId | E76: Headers: Authorization: Basic a3ljYWRtbjphYmMxMjM= (Username and password to login) Content-Type: application/json transactionId: TF_ECHO_CHECK_001 requestId: REQ_TF_ECHO_CHECK_001 transactionType: MT branchCd: HN channel: T24 isCallBack: N Body: {1:F01BFICCUHHAXXX0000000000} {2:I767BFICCUHHXXXXN} {3:{108:MT767TEST0001}} {4: :15A: :27:1/1 :21:LC26001234567890 :22A:ISSU :15B: :20:GAM2607240001 :26E:1 :30:260415 :52A:BFICCUHH :59E:BFICCUHH -}{5:{MAC:00000000}{CHK:1A2B3C4D5E6F}} | F76: Kiểm tra thông tin HTTP Status trả về: 200 response.transactionId == 'TF_ECHO_CHECK_001' (phản hồi lại đúng giá trị đã gửi) | G76: SIT | H76: High | I76: Manual | J76: Untested | K76: Pass
A77: AML_API_RESP_07 | B77: requestId trong response echo đúng giá trị đã gửi | C77: Auth hợp lệ | D77: 1. Gửi POST với requestId='REQ_ECHO_CHECK_001' 2. Kiểm tra response.requestId | E77: Headers: Authorization: Basic a3ljYWRtbjphYmMxMjM= (Username and password to login) Content-Type: application/json transactionId: TF_RESP_007 requestId: REQ_TF_RESP_007 transactionType: MT branchCd: HN channel: T24 isCallBack: N Body: {1:F01BFICCUHHAXXX0000000000} {2:I767BFICCUHHXXXXN} {3:{108:MT767TEST0001}} {4: :15A: :27:1/1 :21:LC26001234567890 :22A:ISSU :15B: :20:GAM2607240001 :26E:1 :30:260415 :52A:BFICCUHH :59E:BFICCUHH -}{5:{MAC:00000000}{CHK:1A2B3C4D5E6F}} {5:{MAC:12345678}{CHK:123456789ABC}} | F77: Kiểm tra thông tin HTTP Status trả về: 200 response.requestId == 'REQ_TF_RESP_007' (phản hồi lại đúng giá trị đã gửi) | G77: SIT | H77: High | I77: Manual | J77: Untested | K77: Pass
A78: AML_API_RESP_08 | B78: processDate đúng format dd-mm-yyyy hh:mi:ss | C78: Auth hợp lệ; Request MT có kết quả HIT hoặc No-HIT | D78: 1. Gửi POST MT hợp lệ 2. Nhận response 3. Parse processDate 4. Verify đúng pattern: dd-mm-yyyy hh:mi:ss | E78: Headers: Authorization: Basic a3ljYWRtbjphYmMxMjM= (Username and password to login) Content-Type: application/json transactionId: TF_RESP_008 requestId: REQ_TF_RESP_008 transactionType: MT branchCd: HN channel: T24 isCallBack: N Body: {1:F01SIIBSYDAXXXX0000000000} {2:I202ESSESESSXXXXN} {4: :20:MT202 :21:SENDEREFERENC001 :32A:170623CNY5000 :58D:/B/BENEFICIARYINST MAJESTUALIDAQ CUBA :72:PHONBEN -} {5:{MAC:12345678}{CHK:123456789ABC}} | F78: Thông tin trả về : processDate match regex: ^\d{2}-\d{2}-\d{4} \d{2}:\d{2}:\d{2}$ Ví dụ hợp lệ: 11-06-2026 14:35:22 Ví dụ KHÔNG hợp lệ: 2026-06-11 / 11/06/2026 | G78: SIT | H78: Medium | I78: Manual | J78: Untested | K78: Pass
A79: AML_API_RESP_09 | B79: branchCd và channel echo đúng giá trị đã gửi | C79: Auth hợp lệ | D79: 1. Gửi POST với branchCd='SGN' và channel='IB' 2. Kiểm tra response.branchCd và response.channel | E79: Headers: Authorization: Basic a3ljYWRtbjphYmMxMjM= (Username and password to login) Content-Type: application/json transactionId: TF_RESP_009 requestId: REQ_TF_RESP_009 transactionType: MT branchCd: SGN channel: IB isCallBack: N Body: {1:F01SIIBSYDAXXXX0000000000} {2:I202ESSESESSXXXXN} {4: :20:MT202 :21:SENDEREFERENC001 :32A:170623CNY5000 :58D:/B/BENEFICIARYINST MAJESTUALIDAQ CUBA :72:PHONBEN -} {5:{MAC:12345678}{CHK:123456789ABC}} | F79: Kiểm tra thông tin HTTP Status trả về: 200 response.branchCd == 'SGN' response.channel == 'IB' (cả 2 phải echo đúng giá trị request) | G79: SIT | H79: Medium | I79: Manual | J79: Untested | K79: Pass
A80: AML_API_RESP_10 | B80: groupMessageId là số nguyên duy nhất cho mỗi request | C80: Auth hợp lệ; Gửi 2 request riêng biệt | D80: 1. Gửi POST request lần 1 → ghi nhận groupMessageId 2. Gửi POST request lần 2 (transactionId khác) 3. Verify groupMessageId hai lần KHÁC nhau | E80: Headers: Authorization: Basic a3ljYWRtbjphYmMxMjM= (Username and password to login) Content-Type: application/json transactionId: TF_RESP_010 requestId: REQ_TF_RESP_010 transactionType: MT branchCd: HN channel: T24 isCallBack: N Body: {1:F01SIIBSYDAXXXX0000000000} {2:I202ESSESESSXXXXN} {4: :20:MT202 :21:SENDEREFERENC001 :32A:170623CNY5000 :58D:/B/BENEFICIARYINST MAJESTUALIDAQ CUBA :72:PHONBEN -} {5:{MAC:12345678}{CHK:123456789ABC}} | F80: Kiểm tra thông tin trả về Lần 1: groupMessageId = X (Number > 0) Lần 2: groupMessageId = Y (Number > 0) Verify: X ≠ Y (unique per request) | G80: SIT | H80: Medium | I80: Manual | J80: Untested | K80: Pass
A81: X. Verify Error Codes (Bảng mã lỗi)
A82: AML_API_ERR Kiểm tra các mã lỗi trả về trong response
A83: AML_API_ERR_01 | B83: errorCode=00 – Xử lý thành công (No Error) | C83: Auth hợp lệ; Request hoàn toàn hợp lệ | D83: 1. Gửi POST request hợp lệ (MT) 2. Verify errorCode=00 trong response 3. Verify errorDetail='No Error' | E83: Headers: Authorization: Basic a3ljYWRtbjphYmMxMjM= (Username and password to login) Content-Type: application/json transactionId: TF_ERR_001 requestId: REQ_TF_ERR_001 transactionType: MT branchCd: HN channel: T24 isCallBack: N Body: {1:F01SIIBSYDAXXXX0000000000} {2:I202ESSESESSXXXXN} {4: :20:MT202 :21:SENDEREFERENC001 :32A:170623CNY5000 :58D:/B/BENEFICIARYINST MAJESTUALIDAQ CUBA :72:PHONBEN -} {5:{MAC:12345678}{CHK:123456789ABC}} | F83: Kiểm tra thông tin HTTP Status trả về: 200 result: HIT hoặc No-HIT errorCode: '00' errorDetail: 'No Error' (Không có lỗi nào trong quá trình xử lý) | G83: SIT | H83: High | I83: Manual | J83: Untested | K83: Pass
A84: AML_API_ERR_02 | B84: errorCode=01 – Missing parameter (thiếu field bắt buộc) | C84: Auth hợp lệ; Gửi request thiếu transactionId | D84: 1. Gửi POST thiếu transactionId 2. Kiểm tra response: result=ERROR, errorCode=01 3. Verify errorDetail mô tả field bị thiếu | E84: Headers: Authorization: Basic a3ljYWRtbjphYmMxMjM= (Username and password to login) Content-Type: application/json Params (thiếu transactionId): requestId: REQ_ERR_002 transactionType: MT branchCd: HN channel: T24 isCallBack: N Body: {1:F01SIIBSYDAXXXX0000000000} {2:I202ESSESESSXXXXN} {4: :20:MT202 :21:SENDEREFERENC001 :32A:170623CNY5000 :58D:/B/BENEFICIARYINST MAJESTUALIDAQ CUBA :72:PHONBEN -} {5:{MAC:12345678}{CHK:123456789ABC}} | F84: Kiểm tra thông tin HTTP Status trả về: 200 result: ERROR errorCode: '01' errorDetail: 'Missing parameter' score: null alertId: null processDate: null | G84: SIT | H84: High | I84: Manual | J84: Untested | K84: Pass
A85: AML_API_ERR_03 | B85: errorCode=03 – Invalid message format (sai format điện) | C85: Auth hợp lệ; Body MT sai chuẩn SWIFT | D85: 1. Gửi POST với transactionType=MT 2. Body: 'INVALID_MT_BODY' 3. Verify errorCode=03 | E85: Headers: Authorization: Basic a3ljYWRtbjphYmMxMjM= (Username and password to login) Content-Type: application/json transactionId: TF_ERR_003 requestId: REQ_TF_ERR_003 transactionType: MT branchCd: HN channel: T24 isCallBack: N Body: INVALID_MT_BODY_NOT_SWIFT | F85: Kiểm tra thông tin HTTP Status trả về: 200 result: ERROR errorCode: '03' errorDetail: 'Invalid message format' score: null alertId: null processDate: null | G85: SIT | H85: High | I85: Manual | J85: Untested | K85: Pass
A86: AML_API_ERR_04 | B86: errorCode=05 – Webservices not responding (EDQ service down) | C86: Auth hợp lệ; EDQ/screening service bị tắt hoặc quá tải | D86: 1. Tắt EDQ service (hoặc giả lập) 2. Gửi POST request hợp lệ 3. Verify errorCode=05 | E86: Headers: Authorization: Basic a3ljYWRtbjphYmMxMjM= (Username and password to login) Content-Type: application/json transactionId: TF_ERR_004 requestId: REQ_TF_ERR_004 transactionType: MT branchCd: HN channel: T24 isCallBack: N Body: {1:F01SIIBSYDAXXXX0000000000} {2:I202ESSESESSXXXXN} {4: :20:MT202 :21:SENDEREFERENC001 :32A:170623CNY5000 :58D:/B/BENEFICIARYINST MAJESTUALIDAQ CUBA :72:PHONBEN -} {5:{MAC:12345678}{CHK:123456789ABC}} | F86: Kiểm tra thông tin HTTP Status trả về: 200 result: ERROR errorCode: '05' errorDetail: 'Webservices are not responding' score: null alertId: null processDate: null Precondition: Cần môi trường test với EDQ down | G86: SIT | H86: High | I86: Manual | J86: Untested | K86: Pending | L86: off server
A87: AML_API_ERR_05 | B87: errorCode=07 – Others exception (lỗi ngoài kịch bản) | C87: Auth hợp lệ; Điều kiện đặc biệt để trigger lỗi ngoài kịch bản | D87: 1. Tạo điều kiện gây lỗi không xác định 2. Gửi POST request 3. Verify errorCode=07 | E87: Headers: Authorization: Basic a3ljYWRtbjphYmMxMjM= (Username and password to login) Content-Type: application/json transactionId: TF_ERR_005 requestId: REQ_TF_ERR_005 transactionType: MT branchCd: HN channel: T24 isCallBack: N Body: {1:F01SIIBSYDAXXXX0000000000} {2:I202ESSESESSXXXXN} {4: :20:MT202 :21:SENDEREFERENC001 :32A:170623CNY5000 :58D:/B/BENEFICIARYINST MAJESTUALIDAQ CUBA :72:PHONBEN -} {5:{MAC:12345678}{CHK:123456789ABC}} | F87: Kiểm tra thông tin HTTP Status trả về: 200 result: ERROR errorCode: '07' errorDetail: 'Others exception' score: null alertId: null processDate: null Note: Cần môi trường đặc biệt để trigger lỗi 07 | G87: SIT | H87: Medium | I87: Manual | J87: Untested | K87: Pass
A88: AML_API_ERR_06 | B88: errorCode=08 – Request Timeout (EDQ xử lý >30 giây) | C88: Auth hợp lệ; EDQ service phản hồi chậm >30 giây | D88: 1. Giả lập EDQ delay >30 giây 2. Gửi POST request hợp lệ 3. Verify errorCode=08 sau 30 giây | E88: Headers: Authorization: Basic a3ljYWRtbjphYmMxMjM= (Username and password to login) Content-Type: application/json transactionId: TF_ERR_006 requestId: REQ_TF_ERR_006 transactionType: MT branchCd: HN channel: T24 isCallBack: N Body: {1:F01SIIBSYDAXXXX0000000000} {2:I202ESSESESSXXXXN} {4: :20:MT202 :21:SENDEREFERENC001 :32A:170623CNY5000 :58D:/B/BENEFICIARYINST MAJESTUALIDAQ CUBA :72:PHONBEN -} {5:{MAC:12345678}{CHK:123456789ABC}} | F88: Kiểm tra thông tin HTTP Status trả về: 200 result: ERROR errorCode: '08' errorDetail: 'Request Timeout' score: null alertId: null processDate: null Timeout config: 30 giây | G88: SIT | H88: High | I88: Manual | J88: Untested | K88: Pending | L88: off server
A89: XI. Verify HTTP Status Codes
A90: AML_API_HTTP Kiểm tra HTTP Status Code trả về
A91: AML_API_HTTP_01 | B91: HTTP 200 – Request hợp lệ (mọi kết quả nghiệp vụ) | C91: Auth hợp lệ; Request đầy đủ, hợp lệ | D91: 1. Gửi POST request hợp lệ 2. Kiểm tra HTTP Status Code trong response header 3. Verify HTTP = 200 cho cả HIT / No-HIT / KNOCKED-OUT / ERROR | E91: Headers: Authorization: Basic a3ljYWRtbjphYmMxMjM= (Username and password to login) Content-Type: application/json transactionId: TF_HTTP_001 requestId: REQ_TF_HTTP_001 transactionType: MT branchCd: HN channel: T24 isCallBack: N Body: {1:F01SIIBSYDAXXXX0000000000} {2:I202ESSESESSXXXXN} {4: :20:MT202 :21:SENDEREFERENC001 :32A:170623CNY5000 :58D:/B/BENEFICIARYINST MAJESTUALIDAQ CUBA :72:PHONBEN -} {5:{MAC:12345678}{CHK:123456789ABC}} | F91: Kiểm tra thông tin HTTP Status trả về : 200 OK Áp dụng cho mọi kết quả nghiệp vụ: HIT → HTTP 200 No-HIT → HTTP 200 KNOCKED-OUT → HTTP 200 ERROR → HTTP 200 | G91: SIT | H91: High | I91: Manual | J91: Untested | K91: Pass
A92: AML_API_HTTP_02 | B92: HTTP 400 – Request không hợp lệ ở tầng HTTP | C92: Auth hợp lệ; Request body malformed (không phải JSON/text hợp lệ) | D92: 1. Gửi POST với body không hợp lệ ở tầng HTTP 2. Kiểm tra HTTP Status Code | E92: POST POST https://10.0.137.75:7001/transaction-screening/v1/transaction-screening Authorization: Basic a3ljYWRtbjphYmMxMjM= (Username and password to login) Content-Type: application/json Body: %%%MALFORMED%%% | F92: Kiểm tra thông tin HTTP Status trả về : 200 OK "errorCode": "03", "errorDetail": "Invalid message format", | G92: SIT | H92: Medium | I92: Manual | J92: Untested | K92: Pass
A93: AML_API_HTTP_03 | B93: HTTP 401 – Unauthorized (thiếu hoặc sai auth) | C93: Server đang chạy; Không có Authorization header | D93: 1. Gửi POST không có Authorization header 2. Kiểm tra HTTP Status Code = 401 | E93: POST POST https://10.0.137.75:7001/transaction-screening/v1/transaction-screening Content-Type: application/json Body: {1:F01SIIBSYDAXXXX0000000000} {2:I202ESSESESSXXXXN} {4: :20:MT202 :21:SENDEREFERENC001 :32A:170623CNY5000 :58D:/B/BENEFICIARYINST MAJESTUALIDAQ CUBA :72:PHONBEN -} {5:{MAC:12345678}{CHK:123456789ABC}} | F93: Kiểm tra thông tin HTTP Status trả về : 401 Unauthorized (Không có body nghiệp vụ) | G93: SIT | H93: High | I93: Manual | J93: Untested | K93: Pass
A94: AML_API_HTTP_04 | B94: HTTP 404 – Not Found (sai endpoint URL) | C94: Server đang chạy; Auth hợp lệ | D94: 1. Gửi POST đến URL sai: /wrong-endpoint 2. Kiểm tra HTTP Status Code = 404 | E94: POST http://server:port/wrong-endpoint Authorization: Basic a3ljYWRtbjphYmMxMjM= (Username and password to login) Content-Type: application/json | F94: Kiểm tra thông tin HTTP Status trả về : 404 Not Found (Không có body nghiệp vụ) | G94: SIT | H94: High | I94: Manual | J94: Untested | K94: Pass
A95: AML_API_HTTP_05 | B95: HTTP 500 – Internal Server Error | C95: Server gặp lỗi nội bộ không xử lý được; (Cần môi trường test đặc biệt) | D95: 1. Giả lập lỗi nội bộ server 2. Gửi POST request 3. Kiểm tra HTTP Status Code = 500 | E95: Headers: Authorization: Basic a3ljYWRtbjphYmMxMjM= (Username and password to login) Content-Type: application/json transactionId: TF_HTTP_005 requestId: REQ_TF_HTTP_005 transactionType: MT branchCd: HN channel: T24 isCallBack: N Body: {1:F01SIIBSYDAXXXX0000000000} {2:I202ESSESESSXXXXN} {4: :20:MT202 :21:SENDEREFERENC001 :32A:170623CNY5000 :58D:/B/BENEFICIARYINST MAJESTUALIDAQ CUBA :72:PHONBEN -} {5:{MAC:12345678}{CHK:123456789ABC}} | F95: Kiểm tra thông tin HTTP Status trả về : 500 Internal Server Error (Không có body nghiệp vụ) | G95: SIT | H95: Medium | I95: Manual | J95: Untested | K95: Pending | L95: off server
A96: XII. Non-Functional & Edge Cases
A97: AML_API_NF Kiểm tra các trường hợp đặc biệt và phi chức năng
A98: AML_API_NF_01 | B98: channel đúng độ dài tối đa (100 ký tự) | C98: Auth hợp lệ | D98: 1. Gửi POST với channel = chuỗi 100 ký tự 2. Verify request được chấp nhận | E98: Headers: Authorization: Basic a3ljYWRtbjphYmMxMjM= (Username and password to login) Content-Type: application/json transactionId: TF_NF_003 requestId: REQ_TF_NF_003 transactionType: MT branchCd: HN channel: CCCCCCCCCCCCCCCCCCCCCCCCCCCCCCCCCCCCCCCCCCCCCCCCCCCCCCCCCCCCCCCCCCCCCCCCCCCCCCCCCCCCCCCCCCCCCCCCCCCC isCallBack: N Body: {1:F01SIIBSYDAXXXX0000000000} {2:I202ESSESESSXXXXN} {4: :20:MT202 :21:SENDEREFERENC001 :32A:170623CNY5000 :58D:/B/BENEFICIARYINST MAJESTUALIDAQ CUBA :72:PHONBEN -} {5:{MAC:12345678}{CHK:123456789ABC}} | F98: Kiểm tra thông tin HTTP Status trả về: 200 result: No-HIT hoặc HIT errorCode: 00 varchar2(100): giá trị tối đa được chấp nhận | G98: SIT | H98: Medium | I98: Manual | J98: Untested | K98: Pass
A99: AML_API_NF_02 | B99: channel vượt độ dài tối đa (101 ký tự) | C99: Auth hợp lệ | D99: 1. Gửi POST với channel = chuỗi 101 ký tự 2. Verify response lỗi | E99: Headers: Authorization: Basic a3ljYWRtbjphYmMxMjM= (Username and password to login) Content-Type: application/json transactionId: TF_NF_004 requestId: REQ_TF_NF_004 transactionType: MT branchCd: HN channel: CCCCCCCCCCCCCCCCCCCCCCCCCCCCCCCCCCCCCCCCCCCCCCCCCCCCCCCCCCCCCCCCCCCCCCCCCCCCCCCCCCCCCCCCCCCCCCCCCCCCC isCallBack: N Body: {1:F01SIIBSYDAXXXX0000000000} {2:I202ESSESESSXXXXN} {4: :20:MT202 :21:SENDEREFERENC001 :32A:170623CNY5000 :58D:/B/BENEFICIARYINST MAJESTUALIDAQ CUBA :72:PHONBEN -} {5:{MAC:12345678}{CHK:123456789ABC}} | F99: Kiểm tra thông tin HTTP Status trả về : 200 OK result: ERROR errorCode: 01 errorDetail: Missing parameter score: (rỗng) alertId: (rỗng) processDate: null varchar2(100): quá độ dài tối đa → lỗi | G99: SIT | H99: Medium | I99: Manual | J99: Untested | K99: Pass
A100: AML_API_NF_03 | B100: Ký tự đặc biệt trong transactionId | C100: Auth hợp lệ | D100: 1. Gửi POST với transactionId='TF-001@#$%&' 2. Kiểm tra hành vi hệ thống | E100: Headers: Authorization: Basic a3ljYWRtbjphYmMxMjM= (Username and password to login) Content-Type: application/json transactionId: TF-001@#$%& requestId: REQ_TF-001@#$%& transactionType: MT branchCd: HN channel: T24 isCallBack: N Body: {1:F01SIIBSYDAXXXX0000000000} {2:I202ESSESESSXXXXN} {4: :20:MT202 :21:SENDEREFERENC001 :32A:170623CNY5000 :58D:/B/BENEFICIARYINST MAJESTUALIDAQ CUBA :72:PHONBEN -} {5:{MAC:12345678}{CHK:123456789ABC}} | F100: Kiểm tra thông tin HTTP Status trả về: 200 errorCode=07 | G100: SIT | H100: Low | I100: Manual | J100: Untested | K100: Pass
A101: AML_API_NF_04 | B101: Gửi nhiều request với cùng requestId (idempotency check) | C101: Auth hợp lệ | D101: 1. Gửi POST lần 1 với requestId='REQ_IDEMPOTENT_001' 2. Gửi POST lần 2 với cùng requestId nhưng transactionId khác 3. So sánh 2 response | E101: Headers: Authorization: Basic a3ljYWRtbjphYmMxMjM= (Username and password to login) Content-Type: application/json transactionId: TF_NF_006_A requestId: REQ_TF_NF_006_A transactionType: MT branchCd: HN channel: T24 isCallBack: N Body: {1:F01SIIBSYDAXXXX0000000000} {2:I202ESSESESSXXXXN} {4: :20:MT202 :21:SENDEREFERENC001 :32A:170623CNY5000 :58D:/B/BENEFICIARYINST MAJESTUALIDAQ CUBA :72:PHONBEN -} {5:{MAC:12345678}{CHK:123456789ABC}} | F101: Hệ thống không ghi nhận lỗi. Trả kết quả phù hợp cho mỗi lần chạy | G101: SIT | H101: Low | I101: Manual | J101: Untested | K101: Pass
...

Sheet API Search
A1: Functions | B1: =[1]Cover!E11 -> DỰ ÁN TRIỂN KHAI BẢN QUYỀN PHẦN MỀM HỆ THỐNG AML MỚI
A2: Build Version | B2: v1.0
A3: ROUND 1
B4: High | C4: Medium | D4: Low | E4: Total
B5: =SUM(B6:B10) -> 24 | C5: =SUM(C6:C10) -> 0 | D5: =SUM(D6:D10) -> 0 | E5: =SUM(B5:D5) -> 24
A6: Passed | B6: =COUNTIFS($J:$J, $A$6,$H:$H,B$4) -> 0 | C6: =COUNTIFS($J:$J, $A$6,$H:$H,C$4) -> 0 | D6: =COUNTIFS($J:$J, $A$6,$H:$H,D$4) -> 0 | E6: =SUM(B6:D6) -> 0
A7: Failed | B7: =COUNTIFS($J:$J, $A$7,$H:$H,B$4) -> 0 | C7: =COUNTIFS($J:$J, $A$7,$H:$H,C$4) -> 0 | D7: =COUNTIFS($J:$J, $A$7,$H:$H,D$4) -> 0 | E7: =SUM(B7:D7) -> 0
A8: Untested | B8: =COUNTIFS($J:$J, $A$8,$H:$H,B$4) -> 24 | C8: =COUNTIFS($J:$J, $A$8,$H:$H,C$4) -> 0 | D8: =COUNTIFS($J:$J, $A$8,$H:$H,D$4) -> 0 | E8: =SUM(B8:D8) -> 24
A9: Accepted | B9: =COUNTIFS($J:$J, $A$9,$H:$H,B$4) -> 0 | C9: =COUNTIFS($J:$J, $A$9,$H:$H,C$4) -> 0 | D9: =COUNTIFS($J:$J, $A$9,$H:$H,D$4) -> 0 | E9: =SUM(B9:D9) -> 0
A10: N/A | B10: =COUNTIFS($J:$J, $A$10,H:H,B$4) -> 0 | C10: =COUNTIFS($J:$J, $A$10,I:I,C$4) -> 0 | D10: =COUNTIFS($J:$J, $A$10,J:J,D$4) -> 0 | E10: =SUM(B10:D10) -> 0
A11: ROUND 2
B12: High | C12: Medium | D12: Low | E12: Total
B13: =SUM(B14:B18) -> 24 | C13: =SUM(C14:C18) -> 0 | D13: =SUM(D14:D18) -> 0 | E13: =SUM(B13:D13) -> 24
A14: Passed | B14: =COUNTIFS($K:$K,$A$14,$H:$H,B12) -> 23 | C14: =COUNTIFS($K:$K,$A$14,$H:$H,C12) -> 0 | D14: =COUNTIFS($K:$K,$A$14,$H:$H,D12) -> 0 | E14: =SUM(B14:D14) -> 23
A15: Failed | B15: =COUNTIFS($K:$K,$A$15,$H:$H,B12) -> 0 | C15: =COUNTIFS($K:$K,$A$15,$H:$H,C12) -> 0 | D15: =COUNTIFS($K:$K,$A$15,$H:$H,D12) -> 0 | E15: =SUM(B15:D15) -> 0
A16: Untested | B16: =COUNTIFS($K:$K,$A$16,$H:$H,B12) -> 1 | C16: =COUNTIFS($K:$K,$A$16,$H:$H,C12) -> 0 | D16: =COUNTIFS($K:$K,$A$16,$H:$H,D12) -> 0 | E16: =SUM(B16:D16) -> 1 | F16: fai off server
A17: Accepted | B17: =COUNTIFS($K:$K,$A$17,$H:$H,B12) -> 0 | C17: =COUNTIFS($K:$K,$A$17,$H:$H,C12) -> 0 | D17: =COUNTIFS($K:$K,$A$17,$H:$H,D12) -> 0 | E17: =SUM(B17:D17) -> 0
A20: Test case Id | B20: Test case Title | C20: Pre-conditions | D20: Test Steps | E20: Test Datas | F20: Expected result | G20: Test Environment | H20: Priority | I20: Automation Status | J20: 1st Test Results | K20: 2nd Test Results | L20: BugID | M20: Notes
A21: API_SEARCH.01 | B21: API truy vấn kết quả sàng lọc/đánh giá sự vụ từ AML
A22: API_SEARCH.01.01 | B22: Send API truyền thông tin requestId để truy vấn kết quả sàng lọc sự vụ từ AML và thông tin giao dịch có kết quả NO HIT | C22: - Giao dịch có kết quả sàng lọc NO HIT | D22: 1. Đẩy API truyền thông tin Số tham chiếu giao dịch để nhận kết quả từ AML URL:http://ip:port/TabletoJSONService/TableToJson/createtabletojson path:/TabletoJSONService/TableToJson/createtabletojson Method: POST Request Header: Authorization: Basic a3ljYWRtbjphYmMxMjM= (Username and password to login) Truyền Param: mappingId = SEARCH_TF requestId= 'n_grp_msg_id' 2. Kiểm tra Response trả về | E22: {1:F01MCOBVNVXAXXX.SN...ISN.}{2:I195SCBLUS33XXXXN}{3:{108:262315GRVX61483}{121:f6706b2b-rrrr-444f-9ee8-0304037814c2}}{4: :20:NZ126032502700 :21:S1626084GHMFKKHF :75:ATTN PAYMENTS INVESTIGATIONS :77A:PLEASE BE ADVISED THAT WE ARE UNABLE TO EFFECT SUBJECT PAYMENT DUE TO INSUFFICIENT FUNDS IN YOUR ACCOUNT 270959NZD00001. PAYMENT HELD PENDING ACCOUNT BEING FULLY FUNDED. IF WE DO NOT HEAR FROM YOU WITHIN THE NEXT THREE WORKING DAYS, WE MAY CANCEL THE PAYMENT. THANKS ANZ MARKET TEAM :11R:103 260325 :20:S1626084GHMFKKHF -}{5:{MAC: :00000000}{CHK:D2826EE1B645}}{S:{SAC:}{COP:S}} | F22: 2. Kết quả response trả về kết quả theo đúng yêu cầu { "transactionId": "transactionId", "branchCd": "branchCd", "channel": "channel", "finalResult": "PASS", "alertStatus": null, "processDate": "processDate", "transactionType": "transactionType", "score": 0, "requestId": "requestId" } | G22: SIT | H22: High | J22: Untested | K22: Passed | N22: curl --location --request POST 'https://10.0.137.75:7001/TabletoJSONService/TableToJson/createtabletojson?mappingId=SEARCH_TF&requestId=50053' \ --header 'Cookie: JSESSIONID=zRkyggx9Ymx2EOmicEST30_kAPdkCWdFBnn7mKb5fxZA9GZ03tP6!663991662'
A23: API_SEARCH.01.02 | B23: Send API truyền thông tin requestId để truy vấn kết quả sàng lọc/đánh giá sự vụ từ AML và thông tin giao dịch có kết quả HIT và chưa hoàn thành đánh giá sự vụ | C23: - Giao dịch có kết quả sàng lọc HIT và chưa hoàn thành đánh giá sự vụ | D23: 1. Đẩy API truyền thông tin Số tham chiếu giao dịch để nhận kết quả từ AML URL:http://ip:port/TabletoJSONService/TableToJson/createtabletojson path:/TabletoJSONService/TableToJson/createtabletojson Method: POST Request Header: Authorization: Basic a3ljYWRtbjphYmMxMjM= (Username and password to login) Truyền Param: mappingId = SEARCH_TF requestId= 'n_grp_msg_id' 2. Kiểm tra Response trả về | E23: {1:F01MSBLVNVXAXXX0000000000} {2:I710DBSSSGSGXXXXN} {3:{108:MT710HIT0001}} {4: :27:1/1 :40B:IRREVOCABLE WITHOUT :20:ADV2608180001 :21:LC2608180001 :31C:260818 :40E:UCP LATEST VERSION :31D:270131SINGAPORE :50B:270131SINGAPORE :50:VIETNAM IMPORT EXPORT JSC 15 NGUYEN HUE BOULEVARD HO CHI MINH CITY VIETNAM :59:SUNRISE IMPORT EXPORT PTE LTD 18 MARINA BOULEVARD SINGAPORE :32B:USD500000,00 :41A:DBSSSGSGXXX BY PAYMENT :45A:SUMMIT EMBER :49:WITHOUT -}{5:{MAC:00000000}{CHK:1A2B3C4D5E6F}} | F23: 2. Kết quả response trả về kết quả theo đúng yêu cầu { "groupMessageId": "groupMessageId", "alertId": "alertId", "transactionId": "transactionId", "branchCd": "branchCd", "channel": "channel", "finalResult": "N/A", "alertStatus": "alertStatus", "processDate": "processDate", "transactionType": "transactionType", "score": score, "requestId": "requestId" } | G23: SIT | H23: High | J23: Untested | K23: Passed
A24: API_SEARCH.01.03 | B24: Send API truyền thông tin requestId để truy vấn kết quả sàng lọc/đánh giá sự vụ từ AML và thông tin giao dịch có kết quả Knock-Out | C24: - Giao dịch có kết quả sàng lọc là Knock-Out | D24: 1. Đẩy API truyền thông tin Số tham chiếu giao dịch để nhận kết quả từ AML URL:http://ip:port/TabletoJSONService/TableToJson/createtabletojson path:/TabletoJSONService/TableToJson/createtabletojson Method: POST Request Header: Authorization: Basic a3ljYWRtbjphYmMxMjM= (Username and password to login) Truyền Param: mappingId = SEARCH_TF requestId= 'n_grp_msg_id' 2. Kiểm tra Response trả về | E24: {1:F01BIDVTWVXAXXX0000000000} {2:I700BFICCUHHXXXXN} {3:{108:TFRISK2025TW01}} {4: :27:1/1 :40A:IRREVOCABLE :20:TESTVVVV1 :31C:260101 :40E:UCP LATEST VERSION :31D:261231SINGAPORE :50:MEKONG TRADING CO LTD 12 NGUYEN HUE HO CHI MINH VN :59:SUNRISE PTE LTD 18 MARINA BLVD SINGAPORE SG :32B:EUR200000, :41D:SCBLSGSG BY PAYMENT :42D:MAMAK PTY LTD ASSOCIATION :49:WITHOUT :57A:DEUTUSFFABC -} {5:{MAC:00000000}{CHK:123456789ABC}} | F24: 2. Kết quả response trả về kết quả theo đúng yêu cầu { "groupMessageId": "groupMessageId", "alertId": "alertId", "transactionId": "transactionId", "branchCd": "branchCd", "channel": "channel", "finalResult": "FAIL", "alertStatus": "Knock Out", "processDate": "processDate", "transactionType": "transactionType", "score": score, "requestId": "requestId" } | G24: SIT | H24: High | J24: Untested | K24: Passed
A25: API_SEARCH.01.04 | B25: Send API truyền thông tin requestId để truy vấn kết quả sàng lọc/đánh giá sự vụ từ AML và thông tin giao dịch có kết quả HIT và đã hoàn thành đánh giá sự vụ là Maker Close Accept | C25: Giao dịch có kết quả sàng lọc HIT và đã hoàn thành đánh giá sự vụ là Maker Close Accept | D25: 1. Đẩy API truyền thông tin Số tham chiếu giao dịch để nhận kết quả từ AML URL:http://ip:port/TabletoJSONService/TableToJson/createtabletojson path:/TabletoJSONService/TableToJson/createtabletojson Method: POST Request Header: Authorization: Basic a3ljYWRtbjphYmMxMjM= (Username and password to login) Truyền Param: mappingId = SEARCH_TF requestId= 'n_grp_msg_id' 2. Kiểm tra Response trả về | E25: {1:F01MCOBVNVXAXXX0000000000} {2:O7201200260101BFICCUHHAXXX00000000002601011200N} {3:{108:MT720TEST0002}} {4: :27:1/1 :40B:IRREVOCABLE ADDING OUR CONFIRMATION :20:720case2 :21:DCN000000001 :31C:260101 :40E:UCP LATEST VERSION :31D:261231SINGAPORE :50:SUMMIT EMBER 12 NGUYEN HUE HO CHI MINH VN :59:SUNRISE PTE LTD 18 MARINA BLVD SINGAPORE SG :32B:USD100000, :41A:SCBLSGSG BY PAYMENT :49:WITHOUT -} {5:{MAC:00000000}{CHK:123456789ABC}} | F25: 2. Kết quả response trả về kết quả theo đúng yêu cầu { "groupMessageId": "groupMessageId", "alertId": "alertId", "transactionId": "transactionId", "branchCd": "branchCd", "channel": "channel", "finalResult": "PASS", "alertStatus": "Maker Close Accept", "processDate": "processDate", "transactionType": "transactionType", "score": score, "requestId": "requestId" } | G25: SIT | H25: High | J25: Untested | K25: Passed
A26: API_SEARCH.01.05 | B26: Send API truyền thông tin requestId để truy vấn kết quả sàng lọc/đánh giá sự vụ từ AML và thông tin giao dịch có kết quả HIT và đã hoàn thành đánh giá sự vụ là Checker Close Accept | C26: Giao dịch có kết quả sàng lọc HIT và đã hoàn thành đánh giá sự vụ là Checker Close Accept | D26: 1. Đẩy API truyền thông tin Số tham chiếu giao dịch để nhận kết quả từ AML URL:http://ip:port/TabletoJSONService/TableToJson/createtabletojson path:/TabletoJSONService/TableToJson/createtabletojson Method: POST Request Header: Authorization: Basic a3ljYWRtbjphYmMxMjM= (Username and password to login) Truyền Param: mappingId = SEARCH_TF requestId= 'n_grp_msg_id' 2. Kiểm tra Response trả về | E26: {1:F01MCOBVNVXAXXX0000000000} {2:O7201200260101BFICCUHHAXXX00000000002601011200N} {3:{108:MT720TEST0002}} {4: :27:1/1 :40B:IRREVOCABLE ADDING OUR CONFIRMATION :20:REF000000001 :21:DCN000000001 :31C:260101 :40E:UCP LATEST VERSION :31D:261231SINGAPORE :50:SUMMIT EMBER 12 NGUYEN HUE HO CHI MINH VN :59:SUNRISE PTE LTD 18 MARINA BLVD SINGAPORE SG :32B:USD100000, :41A:SCBLSGSG BY PAYMENT :49:WITHOUT -} {5:{MAC:00000000}{CHK:123456789ABC}} | F26: 2. Kết quả response trả về kết quả theo đúng yêu cầu { "groupMessageId": "groupMessageId", "alertId": "alertId", "transactionId": "transactionId", "branchCd": "branchCd", "channel": "channel", "finalResult": "PASS", "alertStatus": "Checker Close Accept", "processDate": "processDate", "transactionType": "transactionType", "score": score, "requestId": "requestId" } | G26: SIT | H26: High | J26: Untested | K26: Passed
A27: API_SEARCH.01.06 | B27: Send API truyền thông tin requestId để truy vấn kết quả sàng lọc/đánh giá sự vụ từ AML và thông tin giao dịch có kết quả HIT và đã hoàn thành đánh giá sự vụ là AML Close Accept | C27: Giao dịch có kết quả sàng lọc HIT và đã hoàn thành đánh giá sự vụ là AML Close Accept | D27: 1. Đẩy API truyền thông tin Số tham chiếu giao dịch để nhận kết quả từ AML URL:http://ip:port/TabletoJSONService/TableToJson/createtabletojson path:/TabletoJSONService/TableToJson/createtabletojson Method: POST Request Header: Authorization: Basic a3ljYWRtbjphYmMxMjM= (Username and password to login) Truyền Param: mappingId = SEARCH_TF requestId= 'n_grp_msg_id' 2. Kiểm tra Response trả về | F27: 2. Kết quả response trả về kết quả theo đúng yêu cầu { "groupMessageId": "groupMessageId", "alertId": "alertId", "transactionId": "transactionId", "branchCd": "branchCd", "channel": "channel", "finalResult": "PASS", "alertStatus": "AML Close Accept", "processDate": "processDate", "transactionType": "transactionType", "score": score, "requestId": "requestId" } | G27: SIT | H27: High | J27: Untested | K27: Passed
A28: API_SEARCH.01.07 | B28: Send API truyền thông tin requestId để truy vấn kết quả sàng lọc/đánh giá sự vụ từ AML và thông tin giao dịch có kết quả HIT và đã hoàn thành đánh giá sự vụ là Maker Close Deny | C28: Giao dịch có kết quả sàng lọc HIT và đã hoàn thành đánh giá sự vụ là Maker Close Deny | D28: 1. Đẩy API truyền thông tin Số tham chiếu giao dịch để nhận kết quả từ AML URL:http://ip:port/TabletoJSONService/TableToJson/createtabletojson path:/TabletoJSONService/TableToJson/createtabletojson Method: POST Request Header: Authorization: Basic a3ljYWRtbjphYmMxMjM= (Username and password to login) Truyền Param: mappingId = SEARCH_TF requestId= 'n_grp_msg_id' 2. Kiểm tra Response trả về | F28: 2. Kết quả response trả về kết quả theo đúng yêu cầu { "groupMessageId": "groupMessageId", "alertId": "alertId", "transactionId": "transactionId", "branchCd": "branchCd", "channel": "channel", "finalResult": "FAIL", "alertStatus": "Maker Close Deny", "processDate": "processDate", "transactionType": "transactionType", "score": score, "requestId": "requestId" } | G28: SIT | H28: High | J28: Untested | K28: Passed
A29: API_SEARCH.01.08 | B29: Send API truyền thông tin requestId để truy vấn kết quả sàng lọc/đánh giá sự vụ từ AML và thông tin giao dịch có kết quả HIT và đã hoàn thành đánh giá sự vụ là Checker Close Deny | C29: Giao dịch có kết quả sàng lọc HIT và đã hoàn thành đánh giá sự vụ là Checker Close Deny | D29: 1. Đẩy API truyền thông tin Số tham chiếu giao dịch để nhận kết quả từ AML URL:http://ip:port/TabletoJSONService/TableToJson/createtabletojson path:/TabletoJSONService/TableToJson/createtabletojson Method: POST Request Header: Authorization: Basic a3ljYWRtbjphYmMxMjM= (Username and password to login) Truyền Param: mappingId = SEARCH_TF requestId= 'n_grp_msg_id' 2. Kiểm tra Response trả về | F29: 2. Kết quả response trả về kết quả theo đúng yêu cầu { "groupMessageId": "groupMessageId", "alertId": "alertId", "transactionId": "transactionId", "branchCd": "branchCd", "channel": "channel", "finalResult": "FAIL", "alertStatus": "Checker Close Deny", "processDate": "processDate", "transactionType": "transactionType", "score": score, "requestId": "requestId" } | G29: SIT | H29: High | J29: Untested | K29: Passed
A30: API_SEARCH.01.09 | B30: Send API truyền thông tin requestId để truy vấn kết quả sàng lọc/đánh giá sự vụ từ AML và thông tin giao dịch có kết quả HIT và đã hoàn thành đánh giá sự vụ là AML Close Deny | C30: Giao dịch có kết quả sàng lọc HIT và đã hoàn thành đánh giá sự vụ là AML Close Deny | D30: 1. Đẩy API truyền thông tin Số tham chiếu giao dịch để nhận kết quả từ AML URL:http://ip:port/TabletoJSONService/TableToJson/createtabletojson path:/TabletoJSONService/TableToJson/createtabletojson Method: POST Request Header: Authorization: Basic a3ljYWRtbjphYmMxMjM= (Username and password to login) Truyền Param: mappingId = SEARCH_TF requestId= 'n_grp_msg_id' 2. Kiểm tra Response trả về | F30: 2. Kết quả response trả về kết quả theo đúng yêu cầu { "groupMessageId": "groupMessageId", "alertId": "alertId", "transactionId": "transactionId", "branchCd": "branchCd", "channel": "channel", "finalResult": "FAIL", "alertStatus": "AML Close Deny", "processDate": "processDate", "transactionType": "transactionType", "score": score, "requestId": "requestId" } | G30: SIT | H30: High | J30: Untested | K30: Passed
A31: API_SEARCH.01.10 | B31: Send API truyền thông tin alertId để truy vấn kết quả sàng lọc/đánh giá sự vụ từ AML và thông tin giao dịch có kết quả HIT và chưa hoàn thành đánh giá sự vụ | C31: - Giao dịch có kết quả sàng lọc HIT và chưa hoàn thành đánh giá sự vụ | D31: 1. Đẩy API truyền thông tin Số tham chiếu giao dịch để nhận kết quả từ AML URL:http://ip:port/TabletoJSONService/TableToJson/createtabletojson path:/TabletoJSONService/TableToJson/createtabletojson Method: POST Request Header: Authorization: Basic a3ljYWRtbjphYmMxMjM= (Username and password to login) Truyền Param: mappingId = SEARCH_TF alertId = 'alertId' 2. Kiểm tra Response trả về | F31: 2. Kết quả response trả về kết quả theo đúng yêu cầu { "groupMessageId": "groupMessageId", "alertId": "alertId", "transactionId": "transactionId", "branchCd": "branchCd", "channel": "channel", "finalResult": "N/A", "alertStatus": "alertStatus", "processDate": "processDate", "transactionType": "transactionType", "score": score, "requestId": "requestId" } | G31: SIT | H31: High | J31: Untested | K31: Passed
A32: API_SEARCH.01.11 | B32: Send API truyền thông tin alertId để truy vấn kết quả sàng lọc/đánh giá sự vụ từ AML và thông tin giao dịch có kết quả Knock-Out | C32: - Giao dịch có kết quả sàng lọc là Knock-Out | D32: 1. Đẩy API truyền thông tin Số tham chiếu giao dịch để nhận kết quả từ AML URL:http://ip:port/TabletoJSONService/TableToJson/createtabletojson path:/TabletoJSONService/TableToJson/createtabletojson Method: POST Request Header: Authorization: Basic a3ljYWRtbjphYmMxMjM= (Username and password to login) Truyền Param: mappingId = SEARCH_TF alertId = 'alertId' 2. Kiểm tra Response trả về | E32: {1:F01MCOBVNVXAXXX0000000000} {2:O2951201260724BFICCUHHAXXX00010000012607241201N} {3:{108:MT295TESTTTTTT}} {4: :20:QRY26072400031 :21:NONREF :75:PLEASE CONFIRM STATUSS TRANSACTION -}{5:{MAC:00000000}{CHK:1A2B3C4D5E6F}} | F32: 2. Kết quả response trả về kết quả theo đúng yêu cầu { "groupMessageId": "groupMessageId", "alertId": "alertId", "transactionId": "transactionId", "branchCd": "branchCd", "channel": "channel", "finalResult": "FAIL", "alertStatus": "Knock-Out", "processDate": "processDate", "transactionType": "transactionType", "score": score, "requestId": "requestId" } | G32: SIT | H32: High | J32: Untested | K32: Passed
A33: API_SEARCH.01.12 | B33: Send API truyền thông tin alertId để truy vấn kết quả sàng lọc/đánh giá sự vụ từ AML và thông tin giao dịch có kết quả HIT và đã hoàn thành đánh giá sự vụ là Maker Close Accept | C33: Giao dịch có kết quả sàng lọc HIT và đã hoàn thành đánh giá sự vụ là Maker Close Accept | D33: 1. Đẩy API truyền thông tin Số tham chiếu giao dịch để nhận kết quả từ AML URL:http://ip:port/TabletoJSONService/TableToJson/createtabletojson path:/TabletoJSONService/TableToJson/createtabletojson Method: POST Request Header: Authorization: Basic a3ljYWRtbjphYmMxMjM= (Username and password to login) Truyền Param: mappingId = SEARCH_TF alertId = 'alertId' 2. Kiểm tra Response trả về | F33: 2. Kết quả response trả về kết quả theo đúng yêu cầu { "groupMessageId": "groupMessageId", "alertId": "alertId", "transactionId": "transactionId", "branchCd": "branchCd", "channel": "channel", "finalResult": "PASS", "alertStatus": "Maker Close Accept", "processDate": "processDate", "transactionType": "transactionType", "score": score, "requestId": "requestId" } | G33: SIT | H33: High | J33: Untested | K33: Passed
A34: API_SEARCH.01.13 | B34: Send API truyền thông tin alertId để truy vấn kết quả sàng lọc/đánh giá sự vụ từ AML và thông tin giao dịch có kết quả HIT và đã hoàn thành đánh giá sự vụ là Checker Close Accept | C34: Giao dịch có kết quả sàng lọc HIT và đã hoàn thành đánh giá sự vụ là Checker Close Accept | D34: 1. Đẩy API truyền thông tin Số tham chiếu giao dịch để nhận kết quả từ AML URL:http://ip:port/TabletoJSONService/TableToJson/createtabletojson path:/TabletoJSONService/TableToJson/createtabletojson Method: POST Request Header: Authorization: Basic a3ljYWRtbjphYmMxMjM= (Username and password to login) Truyền Param: mappingId = SEARCH_TF alertId = 'alertId' 2. Kiểm tra Response trả về | F34: 2. Kết quả response trả về kết quả theo đúng yêu cầu { "groupMessageId": "groupMessageId", "alertId": "alertId", "transactionId": "transactionId", "branchCd": "branchCd", "channel": "channel", "finalResult": "PASS", "alertStatus": "Checker Close Accept", "processDate": "processDate", "transactionType": "transactionType", "score": score, "requestId": "requestId" } | G34: SIT | H34: High | J34: Untested | K34: Passed
A35: API_SEARCH.01.14 | B35: Send API truyền thông tin alertId để truy vấn kết quả sàng lọc/đánh giá sự vụ từ AML và thông tin giao dịch có kết quả HIT và đã hoàn thành đánh giá sự vụ là AML Close Accept | C35: Giao dịch có kết quả sàng lọc HIT và đã hoàn thành đánh giá sự vụ là AML Close Accept | D35: 1. Đẩy API truyền thông tin Số tham chiếu giao dịch để nhận kết quả từ AML URL:http://ip:port/TabletoJSONService/TableToJson/createtabletojson path:/TabletoJSONService/TableToJson/createtabletojson Method: POST Request Header: Authorization: Basic a3ljYWRtbjphYmMxMjM= (Username and password to login) Truyền Param: mappingId = SEARCH_TF alertId = 'alertId' 2. Kiểm tra Response trả về | F35: 2. Kết quả response trả về kết quả theo đúng yêu cầu { "groupMessageId": "groupMessageId", "alertId": "alertId", "transactionId": "transactionId", "branchCd": "branchCd", "channel": "channel", "finalResult": "PASS", "alertStatus": "AML Close Accept", "processDate": "processDate", "transactionType": "transactionType", "score": score, "requestId": "requestId" } | G35: SIT | H35: High | J35: Untested | K35: Passed
A36: API_SEARCH.01.15 | B36: Send API truyền thông tin alertId để truy vấn kết quả sàng lọc/đánh giá sự vụ từ AML và thông tin giao dịch có kết quả HIT và đã hoàn thành đánh giá sự vụ là Maker Close Deny | C36: Giao dịch có kết quả sàng lọc HIT và đã hoàn thành đánh giá sự vụ là Maker Close Deny | D36: 1. Đẩy API truyền thông tin Số tham chiếu giao dịch để nhận kết quả từ AML URL:http://ip:port/TabletoJSONService/TableToJson/createtabletojson path:/TabletoJSONService/TableToJson/createtabletojson Method: POST Request Header: Authorization: Basic a3ljYWRtbjphYmMxMjM= (Username and password to login) Truyền Param: mappingId = SEARCH_TF alertId = 'alertId' 2. Kiểm tra Response trả về | F36: 2. Kết quả response trả về kết quả theo đúng yêu cầu { "groupMessageId": "groupMessageId", "alertId": "alertId", "transactionId": "transactionId", "branchCd": "branchCd", "channel": "channel", "finalResult": "FAIL", "alertStatus": "Maker Close Deny", "processDate": "processDate", "transactionType": "transactionType", "score": score, "requestId": "requestId" } | G36: SIT | H36: High | J36: Untested | K36: Passed
A37: API_SEARCH.01.16 | B37: Send API truyền thông tin alertId để truy vấn kết quả sàng lọc/đánh giá sự vụ từ AML và thông tin giao dịch có kết quả HIT và đã hoàn thành đánh giá sự vụ là Checker Close Deny | C37: Giao dịch có kết quả sàng lọc HIT và đã hoàn thành đánh giá sự vụ là Checker Close Deny | D37: 1. Đẩy API truyền thông tin Số tham chiếu giao dịch để nhận kết quả từ AML URL:http://ip:port/TabletoJSONService/TableToJson/createtabletojson path:/TabletoJSONService/TableToJson/createtabletojson Method: POST Request Header: Authorization: Basic a3ljYWRtbjphYmMxMjM= (Username and password to login) Truyền Param: mappingId = SEARCH_TF alertId = 'alertId' 2. Kiểm tra Response trả về | F37: 2. Kết quả response trả về kết quả theo đúng yêu cầu { "groupMessageId": "groupMessageId", "alertId": "alertId", "transactionId": "transactionId", "branchCd": "branchCd", "channel": "channel", "finalResult": "FAIL", "alertStatus": "Checker Close Deny", "processDate": "processDate", "transactionType": "transactionType", "score": score, "requestId": "requestId" } | G37: SIT | H37: High | J37: Untested | K37: Passed
A38: API_SEARCH.01.17 | B38: Send API truyền thông tin alertId để truy vấn kết quả sàng lọc/đánh giá sự vụ từ AML và thông tin giao dịch có kết quả HIT và đã hoàn thành đánh giá sự vụ là AML Close Deny | C38: Giao dịch có kết quả sàng lọc HIT và đã hoàn thành đánh giá sự vụ là AML Close Deny | D38: 1. Đẩy API truyền thông tin Số tham chiếu giao dịch để nhận kết quả từ AML URL:http://ip:port/TabletoJSONService/TableToJson/createtabletojson path:/TabletoJSONService/TableToJson/createtabletojson Method: POST Request Header: Authorization: Basic a3ljYWRtbjphYmMxMjM= (Username and password to login) Truyền Param: mappingId = SEARCH_TF alertId = 'alertId' 2. Kiểm tra Response trả về | F38: 2. Kết quả response trả về kết quả theo đúng yêu cầu { "groupMessageId": "groupMessageId", "alertId": "alertId", "transactionId": "transactionId", "branchCd": "branchCd", "channel": "channel", "finalResult": "FAIL", "alertStatus": "AML Close Deny", "processDate": "processDate", "transactionType": "transactionType", "score": score, "requestId": "requestId" } | G38: SIT | H38: High | J38: Untested | K38: Passed
A39: API_SEARCH.01.18 | B39: Send API để truy vấn kết quả sàng lọc/đánh giá sự vụ từ AML - trường hợp requestId không có dữ liệu trên OFSAA | D39: 1. Đẩy API truyền thông tin Số tham chiếu giao dịch để nhận kết quả từ AML URL:http://ip:port/TabletoJSONService/TableToJson/createtabletojson path:/TabletoJSONService/TableToJson/createtabletojson Method: POST Request Header: Authorization: Basic a3ljYWRtbjphYmMxMjM= (Username and password to login) Truyền Param: mappingId = SEARCH_TF requestId= 'n_grp_msg_id' 2. Kiểm tra Response trả về | F39: 2. Kết quả response trả về {} | G39: SIT | H39: High | J39: Untested | K39: Passed
A40: API_SEARCH.01.19 | B40: Send API để truy vấn kết quả sàng lọc/đánh giá sự vụ từ AML - trường hợp alertId không có dữ liệu trên OFSAA | D40: 1. Đẩy API truyền thông tin Số tham chiếu giao dịch để nhận kết quả từ AML URL:http://ip:port/TabletoJSONService/TableToJson/createtabletojson path:/TabletoJSONService/TableToJson/createtabletojson Method: POST Request Header: Authorization: Basic a3ljYWRtbjphYmMxMjM= (Username and password to login) Truyền Param: mappingId = SEARCH_TF alertId = 'alertId' 2. Kiểm tra Response trả về | F40: 2. Kết quả response trả về {} | G40: SIT | H40: High | J40: Untested | K40: Passed
A41: API_SEARCH.01.20 | B41: Send API để truy vấn kết quả sàng lọc/đánh giá sự vụ từ AML - trường hợp truyền thiếu hoặc sai thông tin mappingId | D41: 1. Đẩy API truyền thông tin Số tham chiếu giao dịch để nhận kết quả từ AML URL:http://ip:port/TabletoJSONService/TableToJson/createtabletojson path:/TabletoJSONService/TableToJson/createtabletojson Method: POST Request Header: Authorization: Basic a3ljYWRtbjphYmMxMjM= (Username and password to login) Truyền Param: mappingId = alertId = 'alertId' requestId= 'n_grp_msg_id' 2. Kiểm tra Response trả về | F41: 2. Kết quả response trả về {} | G41: SIT | H41: High | J41: Untested | K41: Passed
A42: API_SEARCH.01.21 | B42: Kiểm tra trường hợp lỗi 404 | C42: Truyền sai URL | D42: 1. Đẩy API truyền thông tin Số tham chiếu giao dịch để nhận kết quả từ AML URL:http://ip:port/TabletoJSONService/TableToJson/createt path:/TabletoJSONService/TableToJson/createtabletojson Method: POST Request Header: Authorization: Basic a3ljYWRtbjphYmMxMjM= (Username and password to login) Truyền Param: mappingId = alertId = 'alertId' requestId= 'n_grp_msg_id' 2. Kiểm tra Response trả về | F42: 2. Hệ thống trả lỗi 404 Not Found | G42: SIT | H42: High | J42: Untested | K42: Passed
A43: API_SEARCH.01.22 | B43: Kiểm tra trường hợp lỗi 500 | C43: Lỗi Sever | D43: 1. Đẩy API truyền thông tin Số tham chiếu giao dịch để nhận kết quả từ AML http://ip:port/TabletoJSONService/TableToJson/createtabletojson path:/TabletoJSONService/TableToJson/createtabletojson Method: POST Request Header: Authorization: Basic a3ljYWRtbjphYmMxMjM= (Username and password to login) Truyền Param: mappingId = alertId = 'alertId' requestId= 'n_grp_msg_id' 2. Kiểm tra Response trả về | F43: 2. Hệ thống trả lỗi 500 Internal Sever | G43: SIT | H43: High | J43: Untested | K43: Untested
A44: API_SEARCH.01.23 | B44: Send API để truy vấn kết quả sàng lọc/đánh giá sự vụ từ AML - trường hợp truyền Method = GET | C44: Method = GET | D44: 1. Đẩy API truyền thông tin Số tham chiếu giao dịch để nhận kết quả từ AML http://ip:port/TabletoJSONService/TableToJson/createtabletojson path:/TabletoJSONService/TableToJson/createtabletojson Method: GET Request Header: Authorization: Basic a3ljYWRtbjphYmMxMjM= (Username and password to login) Truyền Param: mappingId = alertId = 'alertId' requestId= 'n_grp_msg_id' 2. Kiểm tra Response trả về | F44: 1. Hệ thống trả Success : 200 2. Response : The JSON creation service is running. mappingId passed was - SEARCH_TF | G44: SIT | H44: High | J44: Untested | K44: Passed
A45: API_SEARCH.01.24 | B45: Send API để truy vấn kết quả sàng lọc/đánh giá sự vụ từ AML - trường hợp truyền sai Method ( Exclude GET/POST) | C45: Method = PUT | D45: 1. Đẩy API truyền thông tin Số tham chiếu giao dịch để nhận kết quả từ AML http://ip:port/TabletoJSONService/TableToJson/createtabletojson path:/TabletoJSONService/TableToJson/createtabletojson Method: PUT Request Header: Authorization: Basic a3ljYWRtbjphYmMxMjM= (Username and password to login) Truyền Param: mappingId = alertId = 'alertId' requestId= 'n_grp_msg_id' 2. Kiểm tra Response trả về | F45: 2. Hệ thống trả lỗi 405 Method Not Allowed | G45: SIT | H45: High | J45: Untested | K45: Passed

Sheet API Callback
A1: Functions | B1: =[1]Cover!E11 -> DỰ ÁN TRIỂN KHAI BẢN QUYỀN PHẦN MỀM HỆ THỐNG AML MỚI
A2: Build Version | B2: v1.0
B4: High | C4: Medium | D4: Low | E4: Total
B5: =SUM(B6:B10) -> 18 | C5: =SUM(C6:C10) -> 0 | D5: =SUM(D6:D10) -> 0 | E5: =SUM(B5:D5) -> 18
A6: Pass | B6: =COUNTIFS($J:$J, $A$6,$H:$H,B$4) -> 18 | C6: =COUNTIFS($J:$J, $A$6,$H:$H,C$4) -> 0 | D6: =COUNTIFS($J:$J, $A$6,$H:$H,D$4) -> 0 | E6: =SUM(B6:D6) -> 18
A7: Fail | B7: =COUNTIFS($J:$J, $A$7,$H:$H,B$4) -> 0 | C7: =COUNTIFS($J:$J, $A$7,$H:$H,C$4) -> 0 | D7: =COUNTIFS($J:$J, $A$7,$H:$H,D$4) -> 0 | E7: =SUM(B7:D7) -> 0
A8: Untested | B8: =COUNTIFS($J:$J, $A$8,$H:$H,B$4) -> 0 | C8: =COUNTIFS($J:$J, $A$8,$H:$H,C$4) -> 0 | D8: =COUNTIFS($J:$J, $A$8,$H:$H,D$4) -> 0 | E8: =SUM(B8:D8) -> 0
A9: Accepted | B9: =COUNTIFS($J:$J, $A$9,$H:$H,B$4) -> 0 | C9: =COUNTIFS($J:$J, $A$9,$H:$H,C$4) -> 0 | D9: =COUNTIFS($J:$J, $A$9,$H:$H,D$4) -> 0 | E9: =SUM(B9:D9) -> 0
A10: N/A | B10: =COUNTIFS($J:$J, $A$10,H:H,B$4) -> 0 | C10: =COUNTIFS($J:$J, $A$10,I:I,C$4) -> 0 | D10: =COUNTIFS($J:$J, $A$10,J:J,D$4) -> 0 | E10: =SUM(B10:D10) -> 0
A12: Test case Id | B12: Test case Title | C12: Pre-conditions | D12: Test Steps | E12: Test Datas | F12: Expected result | G12: Test Environment | H12: Priority | I12: Automation Status | J12: 1st Test Results | K12: 2nd Test Results | L12: BugID | M12: Notes
A13: TF_API_CALLBACK_01 | B13: Kiểm tra API trả kết quả cuối cùng sau khi hoàn thành đánh giá sự vụ phát sinh trên OFSAA
A14: TF_API_CALLBACK_01_01 | B14: Kiểm tra API trả thành công kết quả cuối cùng theo các trạng thái case
A15: TF_API_CALLBACK.01.01 | B15: Kiểm tra body request API Callback | C15: 1. Hoàn thành đánh giá Alert trên hệ thống OFSAA 2.API truyền vào có giá trị IsCallBack = Y 3. User có quyền xem/chỉnh sửa PMF | D15: 1. Truy cập vào OFSAA AML theo đường dẫn:Financial Services Analytical Applications Transactions Filtering/Common Tasks/ Processing Modelling Framework/Process Monitor 2. Chọn Process: có Alert ID tương ứng với Alert ID trả ra ở response 3. Kiểm tra response trên màn hình | F15: API callback cần có đủ các thông tin sau: $.groupMessageId $.alertId $.transactionId $.branchCd $.channel $.finalResult $.alertStatus $.processDate $.transactionType $.score $.requestId | G15: SIT | H15: High | J15: Pass | K15: Untested
A16: TF_API_CALLBACK.01.02 | B16: Kiểm tra kết quả về hệ thống nguồn khi sự vụ đóng ở trạng thái Maker Close Accept | C16: 1. Hoàn thành đánh giá Alert trên hệ thống OFSAA 2.API truyền vào có giá trị IsCallBack = Y 3. User có quyền xem/chỉnh sửa PMF | D16: 1. Truy cập vào OFSAA AML theo đường dẫn:Financial Services Analytical Applications Transactions Filtering/Common Tasks/ Processing Modelling Framework/Process Monitor 2. Chọn Process: có Alert ID tương ứng với Alert ID trả ra ở response 3. Kiểm tra response trên màn hình so với thông tin request truyền vào và kết quả xử lý case | E16: {1:F01SCBLSGSGAXXX0000000000} {2:I299MCOBVNVXXXXXN} {3:{108:MT299TEST0002}} {4: :20:FRF2607240002 :21:NONREF :79:0099887766 -}{5:{MAC:00000000}{CHK:1A2B3C4D5E6F}} | F16: 3. Kết quả response trả về kết quả theo đúng yêu cầu { "groupMessageId": "groupMessageId", "alertId": "alertId", "transactionId": "transactionId", "branchCd": "branchCd", "channel": "channel", "finalResult": "PASS", "alertStatus": "Maker Close Accept", "processDate": "processDate", "transactionType": "transactionType", "score": "score", "requestId": "requestId" } | G16: SIT | H16: High | J16: Pass | K16: Untested
A17: TF_API_CALLBACK.01.03 | B17: Kiểm tra kết quả về hệ thống nguồn khi sự vụ đóng ở trạng thái Checker Close Accept | C17: 1. Hoàn thành đánh giá Alert trên hệ thống OFSAA 2.API truyền vào có giá trị IsCallBack = Y 3. User có quyền xem/chỉnh sửa PMF | D17: 1. Truy cập vào OFSAA AML theo đường dẫn:Financial Services Analytical Applications Transactions Filtering/Common Tasks/ Processing Modelling Framework/Process Monitor 2. Chọn Process: có Alert ID tương ứng với Alert ID trả ra ở response 3. Kiểm tra response trên màn hình so với thông tin request truyền vào và kết quả xử lý case | E17: {1:F01SCBLSGSGAXXX0000000000} {2:I499MCOBVNVXXXXXN} {3:{108:MT499TEST0002}} {4: :20:FRF2607240002 :21:NONREF :79:0099887766 -}{5:{MAC:00000000}{CHK:1A2B3C4D5E6F}} | F17: 3. Kết quả response trả về kết quả theo đúng yêu cầu { "groupMessageId": "groupMessageId", "alertId": "alertId", "transactionId": "transactionId", "branchCd": "branchCd", "channel": "channel", "finalResult": "PASS", "alertStatus": "Checker Close Accept", "processDate": "processDate", "transactionType": "transactionType", "score": "score", "requestId": "requestId" } | G17: SIT | H17: High | J17: Pass | K17: Untested
A18: TF_API_CALLBACK.01.04 | B18: Kiểm tra kết quả về hệ thống nguồn khi sự vụ đóng ở trạng thái AML Close Accept | C18: 1. Hoàn thành đánh giá Alert trên hệ thống OFSAA 2.API truyền vào có giá trị IsCallBack = Y 3. User có quyền xem/chỉnh sửa PMF | D18: 1. Truy cập vào OFSAA AML theo đường dẫn:Financial Services Analytical Applications Transactions Filtering/Common Tasks/ Processing Modelling Framework/Process Monitor 2. Chọn Process: có Alert ID tương ứng với Alert ID trả ra ở response 3. Kiểm tra response trên màn hình so với thông tin request truyền vào và kết quả xử lý case | E18: <?xml version="1.0" encoding="UTF-8"?> <Document xmlns="urn:iso:std:iso:20022:tech:xsd:pacs.008.001.08"> <FIToFICstmrCdtTrf> <GrpHdr> <MsgId>PP1_PTP1</MsgId> <CreDtTm>2026-07-28T13:31:41</CreDtTm> <NbOfTxs>1</NbOfTxs> <CtrlSum>15000.00</CtrlSum> <SttlmInf> <SttlmMtd>CLRG</SttlmMtd> </SttlmInf> </GrpHdr> <CdtTrfTxInf> <PmtId> <InstrId>SEPAINSTR0000001</InstrId> <EndToEndId>SEPAE2E0000001</EndToEndId> </PmtId> <IntrBkSttlmAmt Ccy="EUR">15000.00</IntrBkSttlmAmt> <ChrgBr>SLEV</ChrgBr> <Dbtr> <Nm>SUMMIT EMBER</Nm> </Dbtr> <DbtrAgt> <FinInstnId> <BICFI>BKBPVNTH</BICFI> </FinInstnId> </DbtrAgt> <CdtrAgt> <FinInstnId> <BICFI>BKBPVNTH</BICFI> </FinInstnId> </CdtrAgt> <Cdtr> <Nm>ABCD1234 BENEFICIARY</Nm> </Cdtr> <RmtInf> <Ustrd>0216155930</Ustrd> </RmtInf> </CdtTrfTxInf> </FIToFICstmrCdtTrf> </Document> | F18: 3. Kết quả response trả về kết quả theo đúng yêu cầu { "groupMessageId": "groupMessageId", "alertId": "alertId", "transactionId": "transactionId", "branchCd": "branchCd", "channel": "channel", "finalResult": "PASS", "alertStatus": "AML Close Accept", "processDate": "processDate", "transactionType": "transactionType", "score": "score", "requestId": "requestId" } | G18: SIT | H18: High | J18: Pass | K18: Untested
A19: TF_API_CALLBACK.01.05 | B19: Kiểm tra kết quả về hệ thống nguồn khi sự vụ đóng ở trạng thái Maker Close Deny | C19: 1. Hoàn thành đánh giá Alert trên hệ thống OFSAA 2.API truyền vào có giá trị IsCallBack = Y 3. User có quyền xem/chỉnh sửa PMF | D19: 1. Truy cập vào OFSAA AML theo đường dẫn:Financial Services Analytical Applications Transactions Filtering/Common Tasks/ Processing Modelling Framework/Process Monitor 2. Chọn Process: có Alert ID tương ứng với Alert ID trả ra ở response 3. Kiểm tra response trên màn hình so với thông tin request truyền vào và kết quả xử lý case | E19: {1:F01SCBLSGSGAXXX0000000000} {2:I199MCOBVNVXXXXXN} {3:{108:MT199TEST0002}} {4: :20:FRF2607240002 :79:0099887766 -}{5:{MAC:00000000}{CHK:1A2B3C4D5E6F}} | F19: 3. Kết quả response trả về kết quả theo đúng yêu cầu { "groupMessageId": "groupMessageId", "alertId": "alertId", "transactionId": "transactionId", "branchCd": "branchCd", "channel": "channel", "finalResult": "Fail", "alertStatus": "Maker Close Deny", "processDate": "processDate", "transactionType": "transactionType", "score": "score", "requestId": "requestId" } | G19: SIT | H19: High | J19: Pass | K19: Untested
A20: TF_API_CALLBACK.01.06 | B20: Kiểm tra kết quả về hệ thống nguồn khi sự vụ đóng ở trạng thái Checker Close Deny | C20: 1. Hoàn thành đánh giá Alert trên hệ thống OFSAA 2.API truyền vào có giá trị IsCallBack = Y 3. User có quyền xem/chỉnh sửa PMF | D20: 1. Truy cập vào OFSAA AML theo đường dẫn:Financial Services Analytical Applications Transactions Filtering/Common Tasks/ Processing Modelling Framework/Process Monitor 2. Chọn Process: có Alert ID tương ứng với Alert ID trả ra ở response 3. Kiểm tra response trên màn hình so với thông tin request truyền vào và kết quả xử lý case | E20: {1:F01SCBLSGSGAXXX0000000000} {2:I499MCOBVNVXXXXXN} {3:{108:MT499TEST0002}} {4: :20:FRF2607240002 :21:NONREF :79:0099887766 -}{5:{MAC:00000000}{CHK:1A2B3C4D5E6F}} | F20: 3. Kết quả response trả về kết quả theo đúng yêu cầu { "groupMessageId": "groupMessageId", "alertId": "alertId", "transactionId": "transactionId", "branchCd": "branchCd", "channel": "channel", "finalResult": "Fail", "alertStatus": "Checker Close Deny", "processDate": "processDate", "transactionType": "transactionType", "score": "score", "requestId": "requestId" } | G20: SIT | H20: High | J20: Pass | K20: Untested
A21: TF_API_CALLBACK.01.07 | B21: Kiểm tra kết quả về hệ thống nguồn khi sự vụ đóng ở trạng thái AML Close Deny | C21: 1. Hoàn thành đánh giá Alert trên hệ thống OFSAA 2.API truyền vào có giá trị IsCallBack = Y 3. User có quyền xem/chỉnh sửa PMF | D21: 1. Truy cập vào OFSAA AML theo đường dẫn:Financial Services Analytical Applications Transactions Filtering/Common Tasks/ Processing Modelling Framework/Process Monitor 2. Chọn Process: có Alert ID tương ứng với Alert ID trả ra ở response 3. Kiểm tra response trên màn hình so với thông tin request truyền vào và kết quả xử lý case | E21: <?xml version="1.0" encoding="UTF-8"?> <Document xmlns="urn:iso:std:iso:20022:tech:xsd:pacs.008.001.08"> <FIToFICstmrCdtTrf> <GrpHdr> <MsgId>PP1_PTP1</MsgId> <CreDtTm>2026-07-28T13:31:41</CreDtTm> <NbOfTxs>1</NbOfTxs> <CtrlSum>15000.00</CtrlSum> <SttlmInf> <SttlmMtd>CLRG</SttlmMtd> </SttlmInf> </GrpHdr> <CdtTrfTxInf> <PmtId> <InstrId>SEPAINSTR0000001</InstrId> <EndToEndId>SEPAE2E0000001</EndToEndId> </PmtId> <IntrBkSttlmAmt Ccy="EUR">15000.00</IntrBkSttlmAmt> <ChrgBr>SLEV</ChrgBr> <Dbtr> <Nm>SUMMIT EMBER</Nm> </Dbtr> <DbtrAgt> <FinInstnId> <BICFI>BKBPVNTH</BICFI> </FinInstnId> </DbtrAgt> <CdtrAgt> <FinInstnId> <BICFI>BKBPVNTH</BICFI> </FinInstnId> </CdtrAgt> <Cdtr> <Nm>ABCD1234 BENEFICIARY</Nm> </Cdtr> <RmtInf> <Ustrd>0216155930</Ustrd> </RmtInf> </CdtTrfTxInf> </FIToFICstmrCdtTrf> </Document> | F21: 3. Kết quả response trả về kết quả theo đúng yêu cầu { "groupMessageId": "groupMessageId", "alertId": "alertId", "transactionId": "transactionId", "branchCd": "branchCd", "channel": "channel", "finalResult": "Fail", "alertStatus": "AML Close Deny", "processDate": "processDate", "transactionType": "transactionType", "score": "score", "requestId": "requestId" } | G21: SIT | H21: High | J21: Pass | K21: Untested
A22: TF_API_CALLBACK.01.09 | B22: Send API trả kết quả về hệ thống nguồn khi sự vụ đóng ở trạng thái Maker Close Accept | C22: 1. Hoàn thành đánh giá Alert trên hệ thống OFSAA 2.API truyền vào có giá trị IsCallBack = Y 3.Respond trả về giống với Expected result ở TC TF_API_CALLBACK.01.02 | D22: 1. Thực hiện send API trả kết quả AML về hệ thống nguồn URL: <MSB cung cấp sau> Method: POST Request Header: Content-Type: application/json Authorization: MSB cung cấp sau Request Body: cột Test Datas 2. Kiểm tra kết quả response trên API | F22: 2. Kết quả trả ra trên màn hình PMF { "AlertID":"AlertID" "GroupMessageId": "GroupMessageId", "Message": "Success", } | G22: SIT | H22: High | J22: Pass | K22: Pass
A23: TF_API_CALLBACK.01.10 | B23: Send API trả kết quả về hệ thống nguồn khi sự vụ đóng ở trạng thái Checker Close Accept | C23: 1. Hoàn thành đánh giá Alert trên hệ thống OFSAA 2.API truyền vào có giá trị IsCallBack = Y 3.Respond trả về giống với Expected result ở TC TF_API_CALLBACK.01.03 | D23: 1. Thực hiện send API trả kết quả AML về hệ thống nguồn URL: <MSB cung cấp sau> Method: POST Request Header: Content-Type: application/json Authorization: MSB cung cấp sau Request Body: cột Test Datas 2. Kiểm tra kết quả response trên API | F23: 2. Kết quả trả ra trên màn hình PMF { "AlertID":"AlertID" "GroupMessageId": "GroupMessageId", "Message": "Success", } | G23: SIT | H23: High | J23: Pass | K23: Untested
A24: TF_API_CALLBACK.01.11 | B24: Send API trả kết quả về hệ thống nguồn khi sự vụ đóng ở trạng thái AML Close Accept | C24: 1. Hoàn thành đánh giá Alert trên hệ thống OFSAA 2.API truyền vào có giá trị IsCallBack = Y 3.Respond trả về giống với Expected result ở TC TF_API_CALLBACK.01.04 | D24: 1. Thực hiện send API trả kết quả AML về hệ thống nguồn URL: <MSB cung cấp sau> Method: POST Request Header: Content-Type: application/json Authorization: MSB cung cấp sau Request Body: cột Test Datas 2. Kiểm tra kết quả response trên API | F24: 2. Kết quả trả ra trên màn hình PMF { "AlertID":"AlertID" "GroupMessageId": "GroupMessageId", "Message": "Success", } | G24: SIT | H24: High | J24: Pass | K24: Untested
A25: TF_API_CALLBACK.01.12 | B25: Send API trả kết quả về hệ thống nguồn khi sự vụ đóng ở trạng thái Maker Close Deny | C25: 1. Hoàn thành đánh giá Alert trên hệ thống OFSAA 2.API truyền vào có giá trị IsCallBack = Y 3.Respond trả về giống với Expected result ở TC TF_API_CALLBACK.01.05 | D25: 1. Thực hiện send API trả kết quả AML về hệ thống nguồn URL: <MSB cung cấp sau> Method: POST Request Header: Content-Type: application/json Authorization: MSB cung cấp sau Request Body: cột Test Datas 2. Kiểm tra kết quả response trên API | F25: 2. Kết quả trả ra trên màn hình PMF { "AlertID":"AlertID" "GroupMessageId": "GroupMessageId", "Message": "Success", } | G25: SIT | H25: High | J25: Pass | K25: Untested
A26: TF_API_CALLBACK.01.13 | B26: Send API trả kết quả về hệ thống nguồn khi sự vụ đóng ở trạng thái Checker Close Deny | C26: 1. Hoàn thành đánh giá Alert trên hệ thống OFSAA 2.API truyền vào có giá trị IsCallBack = Y 3.Respond trả về giống với Expected result ở TC TF_API_CALLBACK.01.06 | D26: 1. Thực hiện send API trả kết quả AML về hệ thống nguồn URL: <MSB cung cấp sau> Method: POST Request Header: Content-Type: application/json Authorization: MSB cung cấp sau Request Body: cột Test Datas 2. Kiểm tra kết quả response trên API | F26: 2. Kết quả trả ra trên màn hình PMF { "AlertID":"AlertID" "GroupMessageId": "GroupMessageId", "Message": "Success", } | G26: SIT | H26: High | J26: Pass | K26: Untested
A27: TF_API_CALLBACK.01.14 | B27: Send API trả kết quả về hệ thống nguồn khi sự vụ đóng ở trạng thái AML Close Deny | C27: 1. Hoàn thành đánh giá Alert trên hệ thống OFSAA 2.API truyền vào có giá trị IsCallBack = Y 3.Respond trả về giống với Expected result ở TC TF_API_CALLBACK.01.07 | D27: 1. Thực hiện send API trả kết quả AML về hệ thống nguồn URL: <MSB cung cấp sau> Method: POST Request Header: Content-Type: application/json Authorization: MSB cung cấp sau Request Body: cột Test Datas 2. Kiểm tra kết quả response trên API | F27: 2. Kết quả trả ra trên màn hình PMF { "AlertID":"AlertID" "GroupMessageId": "GroupMessageId", "Message": "Success", } | G27: SIT | H27: High | J27: Pass | K27: Untested
A28: TF_API_CALLBACK_01_02 | B28: Kiểm tra luồng không callback từ AML về hệ thống nguồn
A29: TF_API_CALLBACK_02_02_01 | B29: Không send API trả kết quả về hệ thống nguồn khi sự vụ đóng ở trạng thái Maker Closed Accept | C29: 1. Hoàn thành đánh giá Alert trên hệ thống OFSAA 2.API truyền vào có giá trị IsCallBack = N | D29: 1. Đẩy thông tin khách hàng vào API KYC Onboarding với format dữ liệu đúng theo yêu cầu URL hệ thống AML ở môi trường SIT path: OB/Initiate Method: POST Request Header: Authorization: Basic Auth (Username and password to login to application) Content-Type: application/json Request Body: cột Test Datas 2. Thực hiện đánh giá Alert trên hệ thống OFSAA 3. Kiểm tra kết quả respose ở hệ thống nguồn | E29: {1:F01SCBLSGSGAXXX0000000000} {2:I299MCOBVNVXXXXXN} {3:{108:MT299TEST0002}} {4: :20:FRF2607240002 :21:NONREF :79:0099887766 -}{5:{MAC:00000000}{CHK:1A2B3C4D5E6F}} | F29: Hệ thống nguồn không nhận được kết quả từ AML | G29: SIT | H29: High | J29: Pass | K29: Untested | M29: { "transactionType": "MT", "result": "HIT", "score": 100, "groupMessageId": "54541", "requestId": "TF001", "processDate": "2026-08-28 18:32:42", "channel": "T24", "errorCode": "00", "errorDetail": "No error", "alertId": "2378269", "transactionId": "TF002", "branchCd": "TTQT" }
A30: TF_API_CALLBACK_02_02_02 | B30: Không send API trả kết quả về hệ thống nguồn khi sự vụ đóng ở trạng thái Checker Closed Accept | C30: 1. Hoàn thành đánh giá Alert trên hệ thống OFSAA 2.API truyền vào có giá trị IsCallBack = N | D30: 1. Đẩy thông tin khách hàng vào API KYC Onboarding với format dữ liệu đúng theo yêu cầu URL hệ thống AML ở môi trường SIT path: OB/Initiate Method: POST Request Header: Authorization: Basic Auth (Username and password to login to application) Content-Type: application/json Request Body: cột Test Datas 2. Thực hiện đánh giá Alert trên hệ thống OFSAA 3. Kiểm tra kết quả respose ở hệ thống nguồn | E30: {1:F01SCBLSGSGAXXX0000000000} {2:I499MCOBVNVXXXXXN} {3:{108:MT499TEST0002}} {4: :20:FRF2607240002 :21:NONREF :79:0099887766 -}{5:{MAC:00000000}{CHK:1A2B3C4D5E6F}} | F30: Hệ thống nguồn không nhận được kết quả từ AML | G30: SIT | H30: High | J30: Pass | K30: Untested
A31: TF_API_CALLBACK_02_02_03 | B31: Không send API trả kết quả về hệ thống nguồn khi sự vụ đóng ở trạng thái AML Closed Accept | C31: 1. Hoàn thành đánh giá Alert trên hệ thống OFSAA 2.API truyền vào có giá trị IsCallBack = N | D31: 1. Đẩy thông tin khách hàng vào API KYC Onboarding với format dữ liệu đúng theo yêu cầu URL hệ thống AML ở môi trường SIT path: OB/Initiate Method: POST Request Header: Authorization: Basic Auth (Username and password to login to application) Content-Type: application/json Request Body: cột Test Datas 2. Thực hiện đánh giá Alert trên hệ thống OFSAA 3. Kiểm tra kết quả respose ở hệ thống nguồn | E31: <?xml version="1.0" encoding="UTF-8"?> <Document xmlns="urn:iso:std:iso:20022:tech:xsd:pacs.008.001.08"> <FIToFICstmrCdtTrf> <GrpHdr> <MsgId>PP1_PTP1</MsgId> <CreDtTm>2026-07-28T13:31:41</CreDtTm> <NbOfTxs>1</NbOfTxs> <CtrlSum>15000.00</CtrlSum> <SttlmInf> <SttlmMtd>CLRG</SttlmMtd> </SttlmInf> </GrpHdr> <CdtTrfTxInf> <PmtId> <InstrId>SEPAINSTR0000001</InstrId> <EndToEndId>SEPAE2E0000001</EndToEndId> </PmtId> <IntrBkSttlmAmt Ccy="EUR">15000.00</IntrBkSttlmAmt> <ChrgBr>SLEV</ChrgBr> <Dbtr> <Nm>SUMMIT EMBER</Nm> </Dbtr> <DbtrAgt> <FinInstnId> <BICFI>BKBPVNTH</BICFI> </FinInstnId> </DbtrAgt> <CdtrAgt> <FinInstnId> <BICFI>BKBPVNTH</BICFI> </FinInstnId> </CdtrAgt> <Cdtr> <Nm>ABCD1234 BENEFICIARY</Nm> </Cdtr> <RmtInf> <Ustrd>0216155930</Ustrd> </RmtInf> </CdtTrfTxInf> </FIToFICstmrCdtTrf> </Document> | F31: Hệ thống nguồn không nhận được kết quả từ AML | G31: SIT | H31: High | J31: Pass | K31: Untested
A32: TF_API_CALLBACK_02_02_04 | B32: Không send API trả kết quả về hệ thống nguồn khi sự vụ đóng ở trạng thái Maker Closed Deny | C32: 1. Hoàn thành đánh giá Alert trên hệ thống OFSAA 2.API truyền vào có giá trị IsCallBack = N | D32: 1. Đẩy thông tin khách hàng vào API KYC Onboarding với format dữ liệu đúng theo yêu cầu URL hệ thống AML ở môi trường SIT path: OB/Initiate Method: POST Request Header: Authorization: Basic Auth (Username and password to login to application) Content-Type: application/json Request Body: cột Test Datas 2. Thực hiện đánh giá Alert trên hệ thống OFSAA 3. Kiểm tra kết quả respose ở hệ thống nguồn | E32: {1:F01SCBLSGSGAXXX0000000000} {2:I199MCOBVNVXXXXXN} {3:{108:MT199TEST0002}} {4: :20:FRF2607240002 :79:0099887766 -}{5:{MAC:00000000}{CHK:1A2B3C4D5E6F}} | F32: Hệ thống nguồn không nhận được kết quả từ AML | G32: SIT | H32: High | J32: Pass | K32: Untested
A33: TF_API_CALLBACK_02_02_05 | B33: Không send API trả kết quả về hệ thống nguồn khi sự vụ đóng ở trạng thái Checker Closed Deny | C33: 1. Hoàn thành đánh giá Alert trên hệ thống OFSAA 2.API truyền vào có giá trị IsCallBack = N | D33: 1. Đẩy thông tin khách hàng vào API KYC Onboarding với format dữ liệu đúng theo yêu cầu URL hệ thống AML ở môi trường SIT path: OB/Initiate Method: POST Request Header: Authorization: Basic Auth (Username and password to login to application) Content-Type: application/json Request Body: cột Test Datas 2. Thực hiện đánh giá Alert trên hệ thống OFSAA 3. Kiểm tra kết quả respose ở hệ thống nguồn | E33: {1:F01SCBLSGSGAXXX0000000000} {2:I499MCOBVNVXXXXXN} {3:{108:MT499TEST0002}} {4: :20:FRF2607240002 :21:NONREF :79:0099887766 -}{5:{MAC:00000000}{CHK:1A2B3C4D5E6F}} | F33: Hệ thống nguồn không nhận được kết quả từ AML | G33: SIT | H33: High | J33: Pass | K33: Untested
A34: TF_API_CALLBACK_02_02_06 | B34: Không send API trả kết quả về hệ thống nguồn khi sự vụ đóng ở trạng thái AML Closed Deny | C34: 1. Hoàn thành đánh giá Alert trên hệ thống OFSAA 2.API truyền vào có giá trị IsCallBack = N | D34: 1. Đẩy thông tin khách hàng vào API KYC Onboarding với format dữ liệu đúng theo yêu cầu URL hệ thống AML ở môi trường SIT path: OB/Initiate Method: POST Request Header: Authorization: Basic Auth (Username and password to login to application) Content-Type: application/json Request Body: cột Test Datas 2. Thực hiện đánh giá Alert trên hệ thống OFSAA 3. Kiểm tra kết quả respose ở hệ thống nguồn | E34: <?xml version="1.0" encoding="UTF-8"?> <Document xmlns="urn:iso:std:iso:20022:tech:xsd:pacs.008.001.08"> <FIToFICstmrCdtTrf> <GrpHdr> <MsgId>PP1_PTP1</MsgId> <CreDtTm>2026-07-28T13:31:41</CreDtTm> <NbOfTxs>1</NbOfTxs> <CtrlSum>15000.00</CtrlSum> <SttlmInf> <SttlmMtd>CLRG</SttlmMtd> </SttlmInf> </GrpHdr> <CdtTrfTxInf> <PmtId> <InstrId>SEPAINSTR0000001</InstrId> <EndToEndId>SEPAE2E0000001</EndToEndId> </PmtId> <IntrBkSttlmAmt Ccy="EUR">15000.00</IntrBkSttlmAmt> <ChrgBr>SLEV</ChrgBr> <Dbtr> <Nm>SUMMIT EMBER</Nm> </Dbtr> <DbtrAgt> <FinInstnId> <BICFI>BKBPVNTH</BICFI> </FinInstnId> </DbtrAgt> <CdtrAgt> <FinInstnId> <BICFI>BKBPVNTH</BICFI> </FinInstnId> </CdtrAgt> <Cdtr> <Nm>ABCD1234 BENEFICIARY</Nm> </Cdtr> <RmtInf> <Ustrd>0216155930</Ustrd> </RmtInf> </CdtTrfTxInf> </FIToFICstmrCdtTrf> </Document> | F34: Hệ thống nguồn không nhận được kết quả từ AML | G34: SIT | H34: High | K34: Untested

Sheet Backup
A1: DỰ ÁN TRIỂN KHAI BẢN QUYỀN PHẦN MỀM HỆ THỐNG AML MỚI
B2: High | C2: Medium | D2: Low | E2: Total R1
A3: Pass | B3: =COUNTIFS($J$13:$J$439,A3,$H$13:$H$439,$B$2) -> 0 | C3: =COUNTIFS($J$13:$J$439,A3,$H$13:$H$439,$C$2) -> 0 | D3: =COUNTIFS($J$13:$J$439,A3,$H$13:$H$439,$D$2) -> 0 | E3: =SUM(B3:D3) -> 0
A4: Fail | B4: =COUNTIFS($J$13:$J$439,A4,$H$13:$H$439,$B$2) -> 0 | C4: =COUNTIFS($J$13:$J$439,A4,$H$13:$H$439,$C$2) -> 0 | D4: =COUNTIFS($J$13:$J$439,A4,$H$13:$H$439,$D$2) -> 0 | E4: =SUM(B4:D4) -> 0
A5: Pending | B5: =COUNTIFS($J$13:$J$439,A5,$H$13:$H$439,$B$2) -> 0 | C5: =COUNTIFS($J$13:$J$439,A5,$H$13:$H$439,$C$2) -> 0 | D5: =COUNTIFS($J$13:$J$439,A5,$H$13:$H$439,$D$2) -> 0 | E5: =SUM(B5:D5) -> 0
A6: Cancel | B6: =COUNTIFS($J$13:$J$439,A6,$H$13:$H$439,$B$2) -> 0 | C6: =COUNTIFS($J$13:$J$439,A6,$H$13:$H$439,$C$2) -> 0 | D6: =COUNTIFS($J$13:$J$439,A6,$H$13:$H$439,$D$2) -> 0 | E6: =SUM(B6:D6) -> 0
A7: Untested | B7: =COUNTIFS($J$13:$J$439,A7,$H$13:$H$439,$B$2) -> 356 | C7: =COUNTIFS($J$13:$J$439,A7,$H$13:$H$439,$C$2) -> 20 | D7: =COUNTIFS($J$13:$J$439,A7,$H$13:$H$439,$D$2) -> 2 | E7: =SUM(B7:D7) -> 378
A8: Next | B8: =COUNTIFS($J$13:$J$439,A8,$H$13:$H$439,$B$2) -> 0 | C8: =COUNTIFS($J$13:$J$439,A8,$H$13:$H$439,$C$2) -> 0 | D8: =COUNTIFS($J$13:$J$439,A8,$H$13:$H$439,$D$2) -> 0 | E8: =SUM(B8:D8) -> 0
E9: =SUM(E3:E7) -> 378
A11: ID Testcase | B11: Test case Title | C11: Pre-conditions | D11: Test Steps | E11: Test Datas | F11: Expected result | G11: Test Environment | H11: Priority | I11: Automation Status | J11: 1st Test Results | K11: 2st Test Results
A12: I. Authentication & Authorization
A13: AML_API_AUTH Xác thực và phân quyền truy cập API
A14: AML_API_AUTH_01 | B14: Gọi API với Authorization header hợp lệ | C14: Server đang chạy; Credentials hợp lệ: Basic a3ljYWRtbjpwYXNzd29yZDM= | D14: 1. Gửi POST request đến API endpoint 2. Đính kèm Authorization header đúng 3. Body là điện MT hợp lệ 4. Kiểm tra HTTP status và response body | E14: Headers: Authorization: Basic a3ljYWRtbjpwYXNzd29yZDM= Content-Type: application/json Params: transactionId: TF_AUTH_001 requestId: REQ_TF_AUTH_001 transactionType: MT branchCd: HN channel: T24 isCallBack: N Body: {1:F01SIIBSYDAXXXX0000000000} {2:I202ESSESESSXXXXN} {4: :20:MT202 :21:SENDEREFERENC001 :32A:170623CNY5000 :58D:/B/BENEFICIARYINST MAJESTUALIDAQ CUBA :72:PHONBEN -} {5:{MAC:12345678}{CHK:123456789ABC}} | F14: HTTP Status: 200 OK result: No-HIT hoặc HIT errorCode: 00 errorDetail: No Error transactionId: TF_AUTH_001 (echo lại) requestId: REQ_TF_AUTH_001 (echo lại) | G14: SIT | H14: High | I14: Manual | J14: Untested | K14: Untested
A15: AML_API_AUTH_02 | B15: Gọi API thiếu Authorization header | C15: Server đang chạy; Không có Authorization header trong request | D15: 1. Gửi POST request đến API endpoint 2. KHÔNG đính kèm Authorization header 3. Body là điện MT hợp lệ 4. Kiểm tra HTTP status trả về | E15: Headers: Content-Type: application/json Params: transactionId: TF_AUTH_002 requestId: REQ_TF_AUTH_002 transactionType: MT branchCd: HN channel: T24 isCallBack: N Body: {1:F01SIIBSYDAXXXX0000000000} {2:I202ESSESESSXXXXN} {4: :20:MT202 :21:SENDEREFERENC001 :32A:170623CNY5000 :58D:/B/BENEFICIARYINST MAJESTUALIDAQ CUBA :72:PHONBEN -} {5:{MAC:12345678}{CHK:123456789ABC}} | F15: HTTP Status: 401 Unauthorized (Không có body nghiệp vụ) | G15: SIT | H15: High | I15: Manual | J15: Untested | K15: Untested
A16: AML_API_AUTH_03 | B16: Gọi API với Authorization token sai | C16: Server đang chạy; Token Basic không hợp lệ | D16: 1. Gửi POST request đến API endpoint 2. Đính kèm Authorization: Basic WRONG_TOKEN 3. Body là điện MT hợp lệ 4. Kiểm tra HTTP status trả về | E16: Headers: Authorization: Basic WRONG_TOKEN Content-Type: application/json Params: transactionId: TF_AUTH_003 requestId: REQ_TF_AUTH_003 transactionType: MT branchCd: HN channel: T24 isCallBack: N Body: {1:F01SIIBSYDAXXXX0000000000} {2:I202ESSESESSXXXXN} {4: :20:MT202 :21:SENDEREFERENC001 :32A:170623CNY5000 :58D:/B/BENEFICIARYINST MAJESTUALIDAQ CUBA :72:PHONBEN -} {5:{MAC:12345678}{CHK:123456789ABC}} | F16: HTTP Status: 401 Unauthorized (Không có body nghiệp vụ) | G16: SIT | H16: High | I16: Manual | J16: Untested | K16: Untested
A17: II. Endpoint & HTTP Method
A18: AML_API_EP Kiểm tra endpoint và phương thức HTTP
A19: AML_API_EP_01 | B19: Gọi đúng endpoint với method POST | C19: Server đang chạy; Auth hợp lệ | D19: 1. Gửi POST request đến: /transaction-screening/v1/transaction-screening 2. Body là điện MT hợp lệ 3. Kiểm tra HTTP 200 và response body | E19: Headers: Authorization: Basic a3ljYWRtbjpwYXNzd29yZDM= Content-Type: application/json Params: transactionId: TF_EP_001 requestId: REQ_TF_EP_001 transactionType: MT branchCd: HN channel: T24 isCallBack: N Body: {1:F01SIIBSYDAXXXX0000000000} {2:I202ESSESESSXXXXN} {4: :20:MT202 :21:SENDEREFERENC001 :32A:170623CNY5000 :58D:/B/BENEFICIARYINST MAJESTUALIDAQ CUBA :72:PHONBEN -} {5:{MAC:12345678}{CHK:123456789ABC}} | F19: HTTP Status: 200 OK result: No-HIT hoặc HIT errorCode: 00 groupMessageId: (not null) | G19: SIT | H19: High | I19: Manual | J19: Untested | K19: Untested
A20: AML_API_EP_02 | B20: Gọi sai endpoint URL | C20: Server đang chạy; Auth hợp lệ | D20: 1. Gửi POST request đến URL sai: /wrong-path/v1/transaction-screening 2. Kiểm tra HTTP status trả về | E20: POST http://server:port/wrong-path/v1/transaction-screening Authorization: Basic a3ljYWRtbjpwYXNzd29yZDM= Content-Type: application/json | F20: HTTP Status: 404 Not Found (Không có body nghiệp vụ) | G20: SIT | H20: High | I20: Manual | J20: Untested | K20: Untested
A21: AML_API_EP_03 | B21: Gọi đúng endpoint nhưng dùng method GET | C21: Server đang chạy; Auth hợp lệ | D21: 1. Gửi GET request đến đúng endpoint 2. Không có body 3. Kiểm tra HTTP status trả về | E21: GET POST http://server:port/transaction-screening/v1/transaction-screening Authorization: Basic a3ljYWRtbjpwYXNzd29yZDM= Content-Type: application/json | F21: HTTP Status: 405 Method Not Allowed (Không có body nghiệp vụ) | G21: SIT | H21: Medium | I21: Manual | J21: Untested | K21: Untested
A22: AML_API_EP_04 | B22: Content-Type không phải application/json | C22: Server đang chạy; Auth hợp lệ | D22: 1. Gửi POST với Content-Type: text/plain 2. Body là điện MT 3. Kiểm tra response | E22: Authorization: Basic a3ljYWRtbjpwYXNzd29yZDM= Content-Type: text/plain Body: {1:F01SIIBSYDAXXXX0000000000} {2:I202ESSESESSXXXXN} {4: :20:MT202 :21:SENDEREFERENC001 :32A:170623CNY5000 :58D:/B/BENEFICIARYINST MAJESTUALIDAQ CUBA :72:PHONBEN -} {5:{MAC:12345678}{CHK:123456789ABC}} | F22: HTTP Status: 400 hoặc 200 Nếu 200: result=ERROR, errorCode=03 (Tùy implementation; ghi nhận thực tế) | G22: SIT | H22: Medium | I22: Manual | J22: Untested | K22: Untested
A23: III. Validation - Header Parameters
A24: AML_API_HDR Kiểm tra các trường bắt buộc / optional trong request params
A25: AML_API_HDR_01 | B25: Request đầy đủ tất cả field bắt buộc (MT) | C25: Auth hợp lệ; MT body đúng format | D25: 1. Gửi POST với đủ 7 fields: transactionId, requestId, transactionType=MT, branchCd, channel, isCallBack, requestUserId 2. Kiểm tra xử lý thành công | E25: Headers: Authorization: Basic a3ljYWRtbjpwYXNzd29yZDM= Content-Type: application/json Params: transactionId: TF_HDR_001 requestId: REQ_TF_HDR_001 transactionType: MT branchCd: HN channel: T24 isCallBack: N Body: {1:F01SIIBSYDAXXXX0000000000} {2:I202ESSESESSXXXXN} {4: :20:MT202 :21:SENDEREFERENC001 :32A:170623CNY5000 :58D:/B/BENEFICIARYINST MAJESTUALIDAQ CUBA :72:PHONBEN -} {5:{MAC:12345678}{CHK:123456789ABC}} | F25: HTTP Status: 200 OK result: No-HIT hoặc HIT errorCode: 00 errorDetail: No Error | G25: SIT | H25: High | I25: Manual | J25: Untested | K25: Untested
A26: AML_API_HDR_02 | B26: Thiếu transactionId (Mandatory) | C26: Auth hợp lệ | D26: 1. Gửi POST KHÔNG có transactionId 2. Các field khác đầy đủ 3. Kiểm tra errorCode trong response | E26: Headers: Authorization: Basic a3ljYWRtbjpwYXNzd29yZDM= Content-Type: application/json Params: requestId: REQ_HDR_002 transactionType: MT branchCd: HN channel: T24 isCallBack: N Body: {1:F01SIIBSYDAXXXX0000000000} {2:I202ESSESESSXXXXN} {4: :20:MT202 :21:SENDEREFERENC001 :32A:170623CNY5000 :58D:/B/BENEFICIARYINST MAJESTUALIDAQ CUBA :72:PHONBEN -} {5:{MAC:12345678}{CHK:123456789ABC}} | F26: HTTP Status: 200 OK result: ERROR errorCode: 01 errorDetail: Missing parameter score: (rỗng) alertId: (rỗng) processDate: null Verify: errorDetail nêu rõ field bị thiếu | G26: SIT | H26: High | I26: Manual | J26: Untested | K26: Untested
A27: AML_API_HDR_03 | B27: Thiếu requestId (Mandatory) | C27: Auth hợp lệ | D27: 1. Gửi POST KHÔNG có requestId 2. Các field khác đầy đủ 3. Kiểm tra errorCode | E27: Headers: Authorization: Basic a3ljYWRtbjpwYXNzd29yZDM= Content-Type: application/json Params: transactionId: TF_HDR_003 transactionType: MT branchCd: HN channel: T24 isCallBack: N Body: {1:F01SIIBSYDAXXXX0000000000} {2:I202ESSESESSXXXXN} {4: :20:MT202 :21:SENDEREFERENC001 :32A:170623CNY5000 :58D:/B/BENEFICIARYINST MAJESTUALIDAQ CUBA :72:PHONBEN -} {5:{MAC:12345678}{CHK:123456789ABC}} | F27: HTTP Status: 200 OK result: ERROR errorCode: 01 errorDetail: Missing parameter score: (rỗng) alertId: (rỗng) processDate: null | G27: SIT | H27: High | I27: Manual | J27: Untested | K27: Untested
A28: AML_API_HDR_04 | B28: Thiếu transactionType (Mandatory) | C28: Auth hợp lệ | D28: 1. Gửi POST KHÔNG có transactionType 2. Các field khác đầy đủ 3. Kiểm tra errorCode | E28: Headers: Authorization: Basic a3ljYWRtbjpwYXNzd29yZDM= Content-Type: application/json Params: transactionId: TF_HDR_004 requestId: REQ_HDR_004 branchCd: HN channel: T24 isCallBack: N Body: {1:F01SIIBSYDAXXXX0000000000} {2:I202ESSESESSXXXXN} {4: :20:MT202 :21:SENDEREFERENC001 :32A:170623CNY5000 :58D:/B/BENEFICIARYINST MAJESTUALIDAQ CUBA :72:PHONBEN -} {5:{MAC:12345678}{CHK:123456789ABC}} | F28: HTTP Status: 200 OK result: ERROR errorCode: 01 errorDetail: Missing parameter score: (rỗng) alertId: (rỗng) processDate: null | G28: SIT | H28: High | I28: Manual | J28: Untested | K28: Untested
A29: AML_API_HDR_05 | B29: Thiếu branchCd (Mandatory) | C29: Auth hợp lệ | D29: 1. Gửi POST KHÔNG có branchCd 2. Các field khác đầy đủ 3. Kiểm tra errorCode | E29: Headers: Authorization: Basic a3ljYWRtbjpwYXNzd29yZDM= Content-Type: application/json Params: transactionId: TF_HDR_005 requestId: REQ_HDR_005 transactionType: MT channel: T24 isCallBack: N Body: {1:F01SIIBSYDAXXXX0000000000} {2:I202ESSESESSXXXXN} {4: :20:MT202 :21:SENDEREFERENC001 :32A:170623CNY5000 :58D:/B/BENEFICIARYINST MAJESTUALIDAQ CUBA :72:PHONBEN -} {5:{MAC:12345678}{CHK:123456789ABC}} | F29: HTTP Status: 200 OK result: ERROR errorCode: 01 errorDetail: Missing parameter score: (rỗng) alertId: (rỗng) processDate: null | G29: SIT | H29: High | I29: Manual | J29: Untested | K29: Untested
A30: AML_API_HDR_06 | B30: Thiếu channel (Mandatory) | C30: Auth hợp lệ | D30: 1. Gửi POST KHÔNG có channel 2. Các field khác đầy đủ 3. Kiểm tra errorCode | E30: Headers: Authorization: Basic a3ljYWRtbjpwYXNzd29yZDM= Content-Type: application/json Params: transactionId: TF_HDR_006 requestId: REQ_HDR_006 transactionType: MT branchCd: HN isCallBack: N Body: {1:F01SIIBSYDAXXXX0000000000} {2:I202ESSESESSXXXXN} {4: :20:MT202 :21:SENDEREFERENC001 :32A:170623CNY5000 :58D:/B/BENEFICIARYINST MAJESTUALIDAQ CUBA :72:PHONBEN -} {5:{MAC:12345678}{CHK:123456789ABC}} | F30: HTTP Status: 200 OK result: ERROR errorCode: 01 errorDetail: Missing parameter score: (rỗng) alertId: (rỗng) processDate: null | G30: SIT | H30: High | I30: Manual | J30: Untested | K30: Untested
A31: AML_API_HDR_07 | B31: Thiếu isCallBack (Mandatory) | C31: Auth hợp lệ | D31: 1. Gửi POST KHÔNG có isCallBack 2. Các field khác đầy đủ 3. Kiểm tra errorCode | E31: Headers: Authorization: Basic a3ljYWRtbjpwYXNzd29yZDM= Content-Type: application/json Params: transactionId: TF_HDR_007 requestId: REQ_HDR_007 transactionType: MT branchCd: HN channel: T24 Body: {1:F01SIIBSYDAXXXX0000000000} {2:I202ESSESESSXXXXN} {4: :20:MT202 :21:SENDEREFERENC001 :32A:170623CNY5000 :58D:/B/BENEFICIARYINST MAJESTUALIDAQ CUBA :72:PHONBEN -} {5:{MAC:12345678}{CHK:123456789ABC}} | F31: HTTP Status: 200 OK result: ERROR errorCode: 01 errorDetail: Missing parameter score: (rỗng) alertId: (rỗng) processDate: null | G31: SIT | H31: High | I31: Manual | J31: Untested | K31: Untested
A32: AML_API_HDR_08 | B32: requestUserId là Optional – không truyền vẫn hợp lệ | C32: Auth hợp lệ; Không truyền requestUserId | D32: 1. Gửi POST đầy đủ 6 fields bắt buộc 2. Không có requestUserId (Optional) 3. Kiểm tra xử lý thành công | E32: Headers: Authorization: Basic a3ljYWRtbjpwYXNzd29yZDM= Content-Type: application/json Params: transactionId: TF_HDR_008 requestId: REQ_TF_HDR_008 transactionType: MT branchCd: HN channel: T24 isCallBack: N Body: {1:F01SIIBSYDAXXXX0000000000} {2:I202ESSESESSXXXXN} {4: :20:MT202 :21:SENDEREFERENC001 :32A:170623CNY5000 :58D:/B/BENEFICIARYINST MAJESTUALIDAQ CUBA :72:PHONBEN -} {5:{MAC:12345678}{CHK:123456789ABC}} | F32: HTTP Status: 200 OK result: No-HIT hoặc HIT errorCode: 00 errorDetail: No Error Verify: requestUserId optional không ảnh hưởng kết quả | G32: SIT | H32: Medium | I32: Manual | J32: Untested | K32: Untested
A33: AML_API_HDR_09 | B33: isCallBack = Y – AML cần callback sau khi Alert hoàn thành | C33: Auth hợp lệ; Hệ thống có endpoint nhận callback | D33: 1. Gửi POST với isCallBack=Y 2. Body là điện MT có HIT 3. Kiểm tra: a. Response trả ngay (HTTP 200) b. Sau khi Alert xử lý xong: AML callback về hệ thống | E33: Headers: Authorization: Basic a3ljYWRtbjpwYXNzd29yZDM= Content-Type: application/json Params: transactionId: TF_HDR_009 requestId: REQ_TF_HDR_009 transactionType: MT branchCd: HN channel: T24 isCallBack: Y Body: {1:F01SIIBSYDAXXXX0000000000} {2:I202ESSESESSXXXXN} {4: :20:MT202 :21:SENDEREFERENC001 :32A:170623CNY5000 :58D:/B/BENEFICIARYINST MAJESTUALIDAQ CUBA :72:PHONBEN -} {5:{MAC:12345678}{CHK:123456789ABC}} | F33: HTTP Status: 200 OK result: HIT hoặc No-HIT errorCode: 00 Verify callback: - AML gọi callback URL với alertId và kết quả - Hệ thống nguồn nhận được callback | G33: SIT | H33: High | I33: Manual | J33: Untested | K33: Untested
A34: AML_API_HDR_10 | B34: isCallBack = N – AML không callback | C34: Auth hợp lệ | D34: 1. Gửi POST với isCallBack=N 2. Body là điện MT 3. Kiểm tra không có callback | E34: Headers: Authorization: Basic a3ljYWRtbjpwYXNzd29yZDM= Content-Type: application/json Params: transactionId: TF_HDR_010 requestId: REQ_TF_HDR_010 transactionType: MT branchCd: HN channel: T24 isCallBack: N Body: {1:F01SIIBSYDAXXXX0000000000} {2:I202ESSESESSXXXXN} {4: :20:MT202 :21:SENDEREFERENC001 :32A:170623CNY5000 :58D:/B/BENEFICIARYINST MAJESTUALIDAQ CUBA :72:PHONBEN -} {5:{MAC:12345678}{CHK:123456789ABC}} | F34: HTTP Status: 200 OK result: No-HIT hoặc HIT errorCode: 00 Verify: AML KHÔNG gọi callback về hệ thống nguồn | G34: SIT | H34: Medium | I34: Manual | J34: Untested | K34: Untested
A35: AML_API_HDR_11 | B35: isCallBack giá trị không hợp lệ (khác Y/N) | C35: Auth hợp lệ | D35: 1. Gửi POST với isCallBack='X' 2. Kiểm tra response lỗi | E35: Headers: Authorization: Basic a3ljYWRtbjpwYXNzd29yZDM= Content-Type: application/json Params: transactionId: TF_HDR_011 requestId: REQ_TF_HDR_011 transactionType: MT branchCd: HN channel: T24 isCallBack: X Body: {1:F01SIIBSYDAXXXX0000000000} {2:I202ESSESESSXXXXN} {4: :20:MT202 :21:SENDEREFERENC001 :32A:170623CNY5000 :58D:/B/BENEFICIARYINST MAJESTUALIDAQ CUBA :72:PHONBEN -} {5:{MAC:12345678}{CHK:123456789ABC}} | F35: HTTP Status: 200 OK result: ERROR errorCode: 01 errorDetail: Missing parameter score: (rỗng) alertId: (rỗng) processDate: null isCallBack chỉ nhận Y hoặc N | G35: SIT | H35: Medium | I35: Manual | J35: Untested | K35: Untested
A36: AML_API_HDR_12 | B36: transactionId vượt độ dài tối đa (>100 ký tự) | C36: Auth hợp lệ | D36: 1. Gửi POST với transactionId dài 101 ký tự 2. Kiểm tra response lỗi | E36: Params: transactionId: TF_AAAAAAAAAAAAAAAAAAAAAAAAAAAAAAAAAAAAAAAAAAAAAAAAAAAAAAAAAAAAAAAAAAAAAAAAAAAAAAAAAAAAAAAAAAAAAAAAA (độ dài=101, vượt varchar2(100)) | F36: HTTP Status: 200 OK result: ERROR errorCode: 01 errorDetail: Missing parameter score: (rỗng) alertId: (rỗng) processDate: null varchar2(100): quá độ dài tối đa | G36: SIT | H36: Medium | I36: Manual | J36: Untested | K36: Untested
A37: AML_API_HDR_13 | B37: transactionType không hợp lệ (giá trị không được hỗ trợ) | C37: Auth hợp lệ | D37: 1. Gửi POST với transactionType='UNKNOWN_TYPE' 2. Kiểm tra response lỗi | E37: Headers: Authorization: Basic a3ljYWRtbjpwYXNzd29yZDM= Content-Type: application/json Params: transactionId: TF_HDR_013 requestId: REQ_TF_HDR_013 transactionType: UNKNOWN_TYPE branchCd: HN channel: T24 isCallBack: N Body: {1:F01SIIBSYDAXXXX0000000000} {2:I202ESSESESSXXXXN} {4: :20:MT202 :21:SENDEREFERENC001 :32A:170623CNY5000 :58D:/B/BENEFICIARYINST MAJESTUALIDAQ CUBA :72:PHONBEN -} {5:{MAC:12345678}{CHK:123456789ABC}} | F37: HTTP Status: 200 OK result: ERROR errorCode: 03 errorDetail: Invalid message format score: (rỗng) alertId: (rỗng) processDate: null transactionType hợp lệ: MT / MX_IN / MX_OUT / MSB001 / MSB002 / MSB003 | G37: SIT | H37: Medium | I37: Manual | J37: Untested | K37: Untested
A38: IV. Sàng lọc điện MT Standard
A39: AML_API_MT Kiểm tra sàng lọc với điện SWIFT MT Standard
A40: AML_API_MT_01 | B40: MT hợp lệ – kết quả No-HIT | C40: Auth hợp lệ; Body MT đúng format SWIFT; Thông tin điện không có match cấm vận | D40: 1. Gửi POST với transactionType=MT 2. Body là điện SWIFT MT chuẩn 3. Kiểm tra result=No-HIT 4. Verify các fields response | E40: Headers: Authorization: Basic a3ljYWRtbjpwYXNzd29yZDM= Content-Type: application/json Params: transactionId: TF_MT_001 requestId: REQ_TF_MT_001 transactionType: MT branchCd: HN channel: T24 isCallBack: N Body: {1:F01SIIBSYDAXXXX0000000000} {2:I202ESSESESSXXXXN} {4: :20:MT202 :21:SENDEREFERENC001 :32A:170623CNY5000 :58D:/B/BENEFICIARYINST MAJESTUALIDAQ CUBA :72:PHONBEN -} {5:{MAC:12345678}{CHK:123456789ABC}} | F40: HTTP Status: 200 OK result: No-HIT errorCode: 00 errorDetail: No Error score: 0 alertId: (rỗng) groupMessageId: (not null, auto-generated) processDate: dd-mm-yyyy hh:mi:ss | G40: SIT | H40: High | I40: Manual | J40: Untested | K40: Untested
A41: AML_API_MT_02 | B41: MT hợp lệ – kết quả HIT (có match cấm vận) | C41: Auth hợp lệ; Body MT có tên/thông tin nằm trong danh sách cấm vận; (Không phải Knock-out country) | D41: 1. Gửi POST với transactionType=MT 2. Body điện MT có tên match danh sách cấm vận 3. Kiểm tra result=HIT 4. Verify alertId được sinh | E41: Headers: Authorization: Basic a3ljYWRtbjpwYXNzd29yZDM= Content-Type: application/json Params: transactionId: TF_MT_002 requestId: REQ_TF_MT_002 transactionType: MT branchCd: HN channel: T24 isCallBack: N Body: {1:F01SIIBSYDAXXXX0000000000} {2:I202ESSESESSXXXXN} {4: :20:MT202 :21:SENDEREFERENC001 :32A:170623CNY5000 :58D:/B/BENEFICIARYINST MAJESTUALIDAQ CUBA :72:PHONBEN -} {5:{MAC:12345678}{CHK:123456789ABC}} | F41: HTTP Status: 200 OK result: HIT errorCode: 00 errorDetail: No Error score: > 0 alertId: (not null, số nguyên) groupMessageId: (not null) processDate: dd-mm-yyyy hh:mi:ss | G41: SIT | H41: High | I41: Manual | J41: Untested | K41: Untested
A42: AML_API_MT_03 | B42: MT hợp lệ – kết quả KNOCKED-OUT (quốc gia Knock-out) | C42: Auth hợp lệ; Body MT có quốc gia nằm trong danh sách Knock-out; (Ví dụ: CUBA trong :58D) | D42: 1. Gửi POST với transactionType=MT 2. Body điện MT có quốc gia Knock-out (vd: CUBA) 3. Kiểm tra result=KNOCKED-OUT 4. Verify score=100 | E42: Headers: Authorization: Basic a3ljYWRtbjpwYXNzd29yZDM= Content-Type: application/json Params: transactionId: TF_MT_003 requestId: REQ_TF_MT_003 transactionType: MT branchCd: HN channel: T24 isCallBack: N Body: {1:F01SIIBSYDAXXXX0000000000} {2:I202ESSESESSXXXXN} {4: :20:MT202 :21:SENDEREFERENC001 :32A:170623CNY5000 :58D:/B/BENEFICIARYINST MAJESTUALIDAQ CUBA :72:PHONBEN -} {5:{MAC:12345678}{CHK:123456789ABC}} | F42: HTTP Status: 200 OK result: KNOCKED-OUT errorCode: 00 errorDetail: No Error score: 100 alertId: (not null, số nguyên) groupMessageId: (not null) processDate: dd-mm-yyyy hh:mi:ss | G42: SIT | H42: High | I42: Manual | J42: Untested | K42: Untested
A43: AML_API_MT_04 | B43: MT – body điện sai format (không phải SWIFT MT) | C43: Auth hợp lệ | D43: 1. Gửi POST với transactionType=MT 2. Body KHÔNG phải SWIFT MT (plain text) 3. Kiểm tra errorCode=03 | E43: Headers: Authorization: Basic a3ljYWRtbjpwYXNzd29yZDM= Content-Type: application/json Params: transactionId: TF_MT_004 requestId: REQ_TF_MT_004 transactionType: MT branchCd: HN channel: T24 isCallBack: N Body: INVALID_MT_BODY_NOT_SWIFT | F43: HTTP Status: 200 OK result: ERROR errorCode: 03 errorDetail: Message is not valid. Please correct the message and repost it score: (rỗng) alertId: (rỗng) processDate: null | G43: SIT | H43: High | I43: Manual | J43: Untested | K43: Untested
A44: AML_API_MT_05 | B44: MT – body rỗng | C44: Auth hợp lệ | D44: 1. Gửi POST với transactionType=MT 2. Body = empty string 3. Kiểm tra errorCode | E44: Headers: Authorization: Basic a3ljYWRtbjpwYXNzd29yZDM= Content-Type: application/json Params: transactionId: TF_MT_005 requestId: REQ_TF_MT_005 transactionType: MT branchCd: HN channel: T24 isCallBack: N Body: | F44: HTTP Status: 200 OK result: ERROR errorCode: 01 errorDetail: Missing parameter score: (rỗng) alertId: (rỗng) processDate: null Body rỗng = thiếu dữ liệu điện | G44: SIT | H44: High | I44: Manual | J44: Untested | K44: Untested
A45: AML_API_MT_06 | B45: MT – transactionId trùng lặp (duplicate) | C45: Auth hợp lệ; Đã tồn tại giao dịch với transactionId=TF_MT_DUP_001 | D45: 1. Gửi POST lần 1 với transactionId=TF_MT_DUP_001 → ghi nhận kết quả 2. Gửi POST lần 2 với cùng transactionId=TF_MT_DUP_001 3. So sánh kết quả 2 lần | E45: Headers: Authorization: Basic a3ljYWRtbjpwYXNzd29yZDM= Content-Type: application/json Params: transactionId: TF_MT_DUP_001 requestId: REQ_TF_MT_DUP_001 transactionType: MT branchCd: HN channel: T24 isCallBack: N Body: {1:F01SIIBSYDAXXXX0000000000} {2:I202ESSESESSXXXXN} {4: :20:MT202 :21:SENDEREFERENC001 :32A:170623CNY5000 :58D:/B/BENEFICIARYINST MAJESTUALIDAQ CUBA :72:PHONBEN -} {5:{MAC:12345678}{CHK:123456789ABC}} | F45: HTTP Status: 200 OK Verify hành vi duplicate: - Nếu tái xử lý: result có thể khác lần 1 - Nếu trả cache: result giống lần 1 Ghi nhận behavior thực tế | G45: SIT | H45: Medium | I45: Manual | J45: Untested | K45: Untested
A46: AML_API_MT_07 | B46: MT – isCallBack=Y, verify callback sau khi Alert hoàn thành | C46: Auth hợp lệ; Body MT có HIT; Hệ thống có endpoint nhận callback | D46: 1. Gửi POST MT với isCallBack=Y 2. Nhận response HTTP 200 (result=HIT) 3. Chờ Alert được xử lý hoàn thành 4. Kiểm tra AML đã gọi callback về hệ thống | E46: Headers: Authorization: Basic a3ljYWRtbjpwYXNzd29yZDM= Content-Type: application/json Params: transactionId: TF_MT_007 requestId: REQ_TF_MT_007 transactionType: MT branchCd: HN channel: T24 isCallBack: Y Body: {1:F01SIIBSYDAXXXX0000000000} {2:I202ESSESESSXXXXN} {4: :20:MT202 :21:SENDEREFERENC001 :32A:170623CNY5000 :58D:/B/BENEFICIARYINST MAJESTUALIDAQ CUBA :72:PHONBEN -} {5:{MAC:12345678}{CHK:123456789ABC}} | F46: HTTP Status: 200 OK result: HIT errorCode: 00 Verify callback: - Hệ thống nguồn nhận callback từ AML - Callback chứa alertId và kết quả xử lý Alert | G46: SIT | H46: High | I46: Manual | J46: Untested | K46: Untested
A47: V. Sàng lọc điện MX Standard (ISO 20022)
A48: AML_API_MX Kiểm tra sàng lọc với điện ISO 20022 MX Standard
A49: AML_API_MX_01 | B49: MX_IN hợp lệ – kết quả No-HIT | C49: Auth hợp lệ; XML MX đúng schema ISO 20022; Không có match cấm vận | D49: 1. Gửi POST với transactionType=MX_IN 2. Body là phần <Document> XML MX 3. Kiểm tra result=No-HIT | E49: Headers: Authorization: Basic a3ljYWRtbjpwYXNzd29yZDM= Content-Type: application/json Params: transactionId: TF_MX_001 requestId: REQ_TF_MX_001 transactionType: MX_IN branchCd: HN channel: T24 isCallBack: N Body: <Document xmlns="urn:iso:std:iso:20022:tech:xsd:pacs.009.001.08"> <FICdtTrf><GrpHdr> <MsgId>COH0223ILS329156</MsgId> <CreDtTm>2023-03-27T03:42:28+00:00</CreDtTm> <NbOfTxs>1</NbOfTxs> </GrpHdr> <CdtTrfTxInf> <IntrBkSttlmAmt Ccy="USD">1.00</IntrBkSttlmAmt> <Dbtr><FinInstnId><BICFI>MMMMMM55</BICFI></FinInstnId></Dbtr> <Cdtr><FinInstnId><BICFI>CITIUS33XXX</BICFI></FinInstnId></Cdtr> </CdtTrfTxInf></FICdtTrf> </Document> | F49: HTTP Status: 200 OK result: No-HIT errorCode: 00 errorDetail: No Error score: 0 alertId: (rỗng) processDate: not null | G49: SIT | H49: High | I49: Manual | J49: Untested | K49: Untested
A50: AML_API_MX_02 | B50: MX_OUT hợp lệ – kết quả No-HIT | C50: Auth hợp lệ; XML MX đúng schema ISO 20022; Không có match cấm vận | D50: 1. Gửi POST với transactionType=MX_OUT 2. Body là phần <Document> XML MX 3. Kiểm tra result=No-HIT | E50: Headers: Authorization: Basic a3ljYWRtbjpwYXNzd29yZDM= Content-Type: application/json Params: transactionId: TF_MX_002 requestId: REQ_TF_MX_002 transactionType: MX_OUT branchCd: HN channel: T24 isCallBack: N Body: <Document xmlns="urn:iso:std:iso:20022:tech:xsd:pacs.009.001.08"> <FICdtTrf><GrpHdr> <MsgId>COH0223ILS329156</MsgId> <CreDtTm>2023-03-27T03:42:28+00:00</CreDtTm> <NbOfTxs>1</NbOfTxs> </GrpHdr> <CdtTrfTxInf> <IntrBkSttlmAmt Ccy="USD">1.00</IntrBkSttlmAmt> <Dbtr><FinInstnId><BICFI>MMMMMM55</BICFI></FinInstnId></Dbtr> <Cdtr><FinInstnId><BICFI>CITIUS33XXX</BICFI></FinInstnId></Cdtr> </CdtTrfTxInf></FICdtTrf> </Document> | F50: HTTP Status: 200 OK result: No-HIT errorCode: 00 errorDetail: No Error score: 0 alertId: (rỗng) | G50: SIT | H50: High | I50: Manual | J50: Untested | K50: Untested
A51: AML_API_MX_03 | B51: MX_IN hợp lệ – kết quả HIT | C51: Auth hợp lệ; XML có tên match danh sách cấm vận | D51: 1. Gửi POST với transactionType=MX_IN 2. Body MX có thông tin match cấm vận 3. Kiểm tra result=HIT, alertId được sinh | E51: Headers: Authorization: Basic a3ljYWRtbjpwYXNzd29yZDM= Content-Type: application/json Params: transactionId: TF_MX_003 requestId: REQ_TF_MX_003 transactionType: MX_IN branchCd: HN channel: T24 isCallBack: N Body: <Document xmlns="urn:iso:std:iso:20022:tech:xsd:pacs.009.001.08"> <FICdtTrf><GrpHdr> <MsgId>COH0223ILS329156</MsgId> <CreDtTm>2023-03-27T03:42:28+00:00</CreDtTm> <NbOfTxs>1</NbOfTxs> </GrpHdr> <CdtTrfTxInf> <IntrBkSttlmAmt Ccy="USD">1.00</IntrBkSttlmAmt> <Dbtr><FinInstnId><BICFI>MMMMMM55</BICFI></FinInstnId></Dbtr> <Cdtr><FinInstnId><BICFI>CITIUS33XXX</BICFI></FinInstnId></Cdtr> </CdtTrfTxInf></FICdtTrf> </Document> | F51: HTTP Status: 200 OK result: HIT errorCode: 00 errorDetail: No Error score: > 0 alertId: (not null) | G51: SIT | H51: High | I51: Manual | J51: Untested | K51: Untested
A52: AML_API_MX_04 | B52: MX_IN hợp lệ – kết quả KNOCKED-OUT | C52: Auth hợp lệ; XML có Ctry thuộc Knock-out list | D52: 1. Gửi POST với transactionType=MX_IN 2. Body MX có quốc gia Knock-out trong <Ctry> 3. Kiểm tra result=KNOCKED-OUT | E52: Headers: Authorization: Basic a3ljYWRtbjpwYXNzd29yZDM= Content-Type: application/json Params: transactionId: TF_MX_004 requestId: REQ_TF_MX_004 transactionType: MX_IN branchCd: HN channel: T24 isCallBack: N Body: <Document xmlns="urn:iso:std:iso:20022:tech:xsd:pacs.009.001.08"> <FICdtTrf><GrpHdr> <MsgId>COH0223ILS329156</MsgId> <CreDtTm>2023-03-27T03:42:28+00:00</CreDtTm> <NbOfTxs>1</NbOfTxs> </GrpHdr> <CdtTrfTxInf> <IntrBkSttlmAmt Ccy="USD">1.00</IntrBkSttlmAmt> <Dbtr><FinInstnId><BICFI>MMMMMM55</BICFI></FinInstnId></Dbtr> <Cdtr><FinInstnId><BICFI>CITIUS33XXX</BICFI></FinInstnId></Cdtr> </CdtTrfTxInf></FICdtTrf> </Document> | F52: HTTP Status: 200 OK result: KNOCKED-OUT errorCode: 00 errorDetail: No Error score: 100 alertId: (not null) | G52: SIT | H52: High | I52: Manual | J52: Untested | K52: Untested
A53: AML_API_MX_05 | B53: MX – body XML sai cấu trúc (không đúng schema ISO 20022) | C53: Auth hợp lệ | D53: 1. Gửi POST với transactionType=MX_IN 2. Body là XML sai cấu trúc 3. Kiểm tra errorCode=03 | E53: Headers: Authorization: Basic a3ljYWRtbjpwYXNzd29yZDM= Content-Type: application/json Params: transactionId: TF_MX_005 requestId: REQ_TF_MX_005 transactionType: MX_IN branchCd: HN channel: T24 isCallBack: N Body: <Document><INVALID></Document> | F53: HTTP Status: 200 OK result: ERROR errorCode: 03 errorDetail: Invalid message format score: (rỗng) alertId: (rỗng) processDate: null XML không đúng schema ISO 20022 pacs.009 | G53: SIT | H53: High | I53: Manual | J53: Untested | K53: Untested
A54: AML_API_MX_06 | B54: MX – mismatch: MT body nhưng transactionType=MX_IN | C54: Auth hợp lệ | D54: 1. Gửi POST với transactionType=MX_IN 2. Body là điện SWIFT MT (không phải XML MX) 3. Kiểm tra errorCode=03 | E54: Headers: Authorization: Basic a3ljYWRtbjpwYXNzd29yZDM= Content-Type: application/json Params: transactionId: TF_MX_006 requestId: REQ_TF_MX_006 transactionType: MX_IN branchCd: HN channel: T24 isCallBack: N Body: {1:F01SIIBSYDAXXXX0000000000} {2:I202ESSESESSXXXXN} {4: :20:MT202 :21:SENDEREFERENC001 :32A:170623CNY5000 :58D:/B/BENEFICIARYINST MAJESTUALIDAQ CUBA :72:PHONBEN -} {5:{MAC:12345678}{CHK:123456789ABC}} | F54: HTTP Status: 200 OK result: ERROR errorCode: 03 errorDetail: Invalid message format score: (rỗng) alertId: (rỗng) processDate: null Mismatch: transactionType=MX_IN nhưng body là MT format | G54: SIT | H54: Medium | I54: Manual | J54: Untested | K54: Untested
A55: VI. Sàng lọc Custom Message Non-Swift 1 (MSB001)
A56: AML_API_MSB001 Kiểm tra sàng lọc với Custom Message MSB001
A57: AML_API_MSB001_01 | B57: MSB001 hợp lệ – kết quả No-HIT | C57: Auth hợp lệ; JSON MSB001 đúng cấu trúc Bank01.MSB001; Không có match cấm vận | D57: 1. Gửi POST với transactionType=MSB001 2. Body JSON theo cấu trúc Bank01.MSB001 3. Kiểm tra result=No-HIT | E57: Headers: Authorization: Basic a3ljYWRtbjpwYXNzd29yZDM= Content-Type: application/json Params: transactionId: TF_MSB001_001 requestId: REQ_TF_MSB001_001 transactionType: MSB001 branchCd: HN channel: T24 isCallBack: N Body: { "Bank01": { "MSB001": { "Sender": {"FullName":"TRAN VAN SENDER","DOB":"1985-05-20", "Nationalities":[{"SenderCitizenship":"VN"}], "Id":[{"IdNumber":"037085001234"}], "ResidenceAddress":[{"Address":"123 Nguyen Trai, Ha Noi","Country":"VN"}]}, "Receiver": {"FullName":"JOHN RECEIVER SMITH","DOB":"1990-11-12", "Nationalities":[{"Citizenship":"US"}], "Id":[{"IdNumber":"A12345678"}], "ResidenceAddress":[{"Address":"456 Broadway, New York","Country":"US"}]}, "BeneficiaryBankName":"VIETCOMBANK HO CHI MINH", "BeneficiaryBankBicCode":"BFTVBNVX002","BeneficiaryBankCountry":"VN", "RemittingBankName":"CITIBANK NEW YORK", "RemittingBankBicCode":"CITIUS33XXX","RemittingBankCountry":"US" } } } | F57: HTTP Status: 200 OK result: No-HIT errorCode: 00 errorDetail: No Error score: 0 alertId: (rỗng) | G57: SIT | H57: High | I57: Manual | J57: Untested | K57: Untested
A58: AML_API_MSB001_02 | B58: MSB001 hợp lệ – kết quả HIT | C58: Auth hợp lệ; Sender/Receiver có tên match danh sách cấm vận | D58: 1. Gửi POST với transactionType=MSB001 2. Body có FullName match danh sách cấm vận 3. Kiểm tra result=HIT, alertId được sinh | E58: Headers: Authorization: Basic a3ljYWRtbjpwYXNzd29yZDM= Content-Type: application/json Params: transactionId: TF_MSB001_002 requestId: REQ_TF_MSB001_002 transactionType: MSB001 branchCd: HN channel: T24 isCallBack: N Body: { "Bank01": { "MSB001": { "Sender": {"FullName":"TRAN VAN SENDER","DOB":"1985-05-20", "Nationalities":[{"SenderCitizenship":"VN"}], "Id":[{"IdNumber":"037085001234"}], "ResidenceAddress":[{"Address":"123 Nguyen Trai, Ha Noi","Country":"VN"}]}, "Receiver": {"FullName":"JOHN RECEIVER SMITH","DOB":"1990-11-12", "Nationalities":[{"Citizenship":"US"}], "Id":[{"IdNumber":"A12345678"}], "ResidenceAddress":[{"Address":"456 Broadway, New York","Country":"US"}]}, "BeneficiaryBankName":"VIETCOMBANK HO CHI MINH", "BeneficiaryBankBicCode":"BFTVBNVX002","BeneficiaryBankCountry":"VN", "RemittingBankName":"CITIBANK NEW YORK", "RemittingBankBicCode":"CITIUS33XXX","RemittingBankCountry":"US" } } } | F58: HTTP Status: 200 OK result: HIT errorCode: 00 errorDetail: No Error score: > 0 alertId: (not null) | G58: SIT | H58: High | I58: Manual | J58: Untested | K58: Untested
A59: AML_API_MSB001_03 | B59: MSB001 hợp lệ – kết quả KNOCKED-OUT | C59: Auth hợp lệ; Sender/Receiver có Country thuộc Knock-out list | D59: 1. Gửi POST với transactionType=MSB001 2. Body có Country thuộc Knock-out 3. Kiểm tra result=KNOCKED-OUT, score=100 | E59: Headers: Authorization: Basic a3ljYWRtbjpwYXNzd29yZDM= Content-Type: application/json Params: transactionId: TF_MSB001_003 requestId: REQ_TF_MSB001_003 transactionType: MSB001 branchCd: HN channel: T24 isCallBack: N Body: { "Bank01": { "MSB001": { "Sender": {"FullName":"TRAN VAN SENDER","DOB":"1985-05-20", "Nationalities":[{"SenderCitizenship":"VN"}], "Id":[{"IdNumber":"037085001234"}], "ResidenceAddress":[{"Address":"123 Nguyen Trai, Ha Noi","Country":"VN"}]}, "Receiver": {"FullName":"JOHN RECEIVER SMITH","DOB":"1990-11-12", "Nationalities":[{"Citizenship":"US"}], "Id":[{"IdNumber":"A12345678"}], "ResidenceAddress":[{"Address":"456 Broadway, New York","Country":"US"}]}, "BeneficiaryBankName":"VIETCOMBANK HO CHI MINH", "BeneficiaryBankBicCode":"BFTVBNVX002","BeneficiaryBankCountry":"VN", "RemittingBankName":"CITIBANK NEW YORK", "RemittingBankBicCode":"CITIUS33XXX","RemittingBankCountry":"US" } } } | F59: HTTP Status: 200 OK result: KNOCKED-OUT errorCode: 00 errorDetail: No Error score: 100 alertId: (not null) | G59: SIT | H59: High | I59: Manual | J59: Untested | K59: Untested
A60: AML_API_MSB001_04 | B60: MSB001 – body JSON sai cấu trúc | C60: Auth hợp lệ | D60: 1. Gửi POST với transactionType=MSB001 2. Body JSON không đúng cấu trúc Bank01.MSB001 3. Kiểm tra errorCode=03 | E60: Headers: Authorization: Basic a3ljYWRtbjpwYXNzd29yZDM= Content-Type: application/json Params: transactionId: TF_MSB001_004 requestId: REQ_TF_MSB001_004 transactionType: MSB001 branchCd: HN channel: T24 isCallBack: N Body: {"invalid_key": "wrong_structure"} | F60: HTTP Status: 200 OK result: ERROR errorCode: 03 errorDetail: Invalid message format score: (rỗng) alertId: (rỗng) processDate: null JSON không khớp cấu trúc Bank01.MSB001 | G60: SIT | H60: High | I60: Manual | J60: Untested | K60: Untested
A61: AML_API_MSB001_05 | B61: MSB001 – mismatch: MT body nhưng transactionType=MSB001 | C61: Auth hợp lệ | D61: 1. Gửi POST với transactionType=MSB001 2. Body là điện SWIFT MT 3. Kiểm tra errorCode=03 | E61: Headers: Authorization: Basic a3ljYWRtbjpwYXNzd29yZDM= Content-Type: application/json Params: transactionId: TF_MSB001_005 requestId: REQ_TF_MSB001_005 transactionType: MSB001 branchCd: HN channel: T24 isCallBack: N Body: {1:F01SIIBSYDAXXXX0000000000} {2:I202ESSESESSXXXXN} {4: :20:MT202 :21:SENDEREFERENC001 :32A:170623CNY5000 :58D:/B/BENEFICIARYINST MAJESTUALIDAQ CUBA :72:PHONBEN -} {5:{MAC:12345678}{CHK:123456789ABC}} | F61: HTTP Status: 200 OK result: ERROR errorCode: 03 errorDetail: Invalid message format score: (rỗng) alertId: (rỗng) processDate: null Mismatch: transactionType=MSB001 nhưng body là MT format | G61: SIT | H61: Medium | I61: Manual | J61: Untested | K61: Untested
A62: VII. Sàng lọc Custom Message Non-Swift 2 (MSB002)
A63: AML_API_MSB002 Kiểm tra sàng lọc với Custom Message MSB002
A64: AML_API_MSB002_01 | B64: MSB002 hợp lệ – kết quả No-HIT | C64: Auth hợp lệ; JSON MSB002 đúng cấu trúc; Không có match cấm vận | D64: 1. Gửi POST với transactionType=MSB002 2. Body JSON theo cấu trúc Bank01.MSB002 3. Kiểm tra result=No-HIT | E64: Headers: Authorization: Basic a3ljYWRtbjpwYXNzd29yZDM= Content-Type: application/json Params: transactionId: TF_MSB002_001 requestId: REQ_TF_MSB002_001 transactionType: MSB002 branchCd: HN channel: T24 isCallBack: N Body: { "Bank01": { "MSB002": { "Sender": {"FullName":"TRAN VAN SENDER","DOB":"1985-05-20", "Nationalities":[{"SenderCitizenship":"VN"}], "Id":[{"IdNumber":"037085001234"}], "ResidenceAddress":[{"Address":"123 Nguyen Trai, Ha Noi","Country":"VN"}]}, "Receiver": {"FullName":"JOHN RECEIVER SMITH","DOB":"1990-11-12", "Nationalities":[{"Citizenship":"US"}], "Id":[{"IdNumber":"A12345678"}], "ResidenceAddress":[{"Address":"456 Broadway, New York","Country":"US"}]}, "BeneficiaryBankName":"VIETCOMBANK HO CHI MINH", "BeneficiaryBankBicCode":"BFTVBNVX002","BeneficiaryBankCountry":"VN", "RemittingBankName":"CITIBANK NEW YORK", "RemittingBankBicCode":"CITIUS33XXX","RemittingBankCountry":"US" } } } | F64: HTTP Status: 200 OK result: No-HIT errorCode: 00 errorDetail: No Error score: 0 alertId: (rỗng) | G64: SIT | H64: High | I64: Manual | J64: Untested | K64: Untested
A65: AML_API_MSB002_02 | B65: MSB002 hợp lệ – kết quả HIT | C65: Auth hợp lệ; Sender/Receiver match danh sách cấm vận | D65: 1. Gửi POST với transactionType=MSB002 2. Body có thông tin match cấm vận 3. Kiểm tra result=HIT | E65: Headers: Authorization: Basic a3ljYWRtbjpwYXNzd29yZDM= Content-Type: application/json Params: transactionId: TF_MSB002_002 requestId: REQ_TF_MSB002_002 transactionType: MSB002 branchCd: HN channel: T24 isCallBack: N Body: { "Bank01": { "MSB002": { "Sender": {"FullName":"TRAN VAN SENDER","DOB":"1985-05-20", "Nationalities":[{"SenderCitizenship":"VN"}], "Id":[{"IdNumber":"037085001234"}], "ResidenceAddress":[{"Address":"123 Nguyen Trai, Ha Noi","Country":"VN"}]}, "Receiver": {"FullName":"JOHN RECEIVER SMITH","DOB":"1990-11-12", "Nationalities":[{"Citizenship":"US"}], "Id":[{"IdNumber":"A12345678"}], "ResidenceAddress":[{"Address":"456 Broadway, New York","Country":"US"}]}, "BeneficiaryBankName":"VIETCOMBANK HO CHI MINH", "BeneficiaryBankBicCode":"BFTVBNVX002","BeneficiaryBankCountry":"VN", "RemittingBankName":"CITIBANK NEW YORK", "RemittingBankBicCode":"CITIUS33XXX","RemittingBankCountry":"US" } } } | F65: HTTP Status: 200 OK result: HIT errorCode: 00 errorDetail: No Error score: > 0 alertId: (not null) | G65: SIT | H65: High | I65: Manual | J65: Untested | K65: Untested
A66: AML_API_MSB002_03 | B66: MSB002 hợp lệ – kết quả KNOCKED-OUT | C66: Auth hợp lệ; Country thuộc Knock-out list | D66: 1. Gửi POST với transactionType=MSB002 2. Body có Country thuộc Knock-out 3. Kiểm tra result=KNOCKED-OUT | E66: Headers: Authorization: Basic a3ljYWRtbjpwYXNzd29yZDM= Content-Type: application/json Params: transactionId: TF_MSB002_003 requestId: REQ_TF_MSB002_003 transactionType: MSB002 branchCd: HN channel: T24 isCallBack: N Body: { "Bank01": { "MSB002": { "Sender": {"FullName":"TRAN VAN SENDER","DOB":"1985-05-20", "Nationalities":[{"SenderCitizenship":"VN"}], "Id":[{"IdNumber":"037085001234"}], "ResidenceAddress":[{"Address":"123 Nguyen Trai, Ha Noi","Country":"VN"}]}, "Receiver": {"FullName":"JOHN RECEIVER SMITH","DOB":"1990-11-12", "Nationalities":[{"Citizenship":"US"}], "Id":[{"IdNumber":"A12345678"}], "ResidenceAddress":[{"Address":"456 Broadway, New York","Country":"US"}]}, "BeneficiaryBankName":"VIETCOMBANK HO CHI MINH", "BeneficiaryBankBicCode":"BFTVBNVX002","BeneficiaryBankCountry":"VN", "RemittingBankName":"CITIBANK NEW YORK", "RemittingBankBicCode":"CITIUS33XXX","RemittingBankCountry":"US" } } } | F66: HTTP Status: 200 OK result: KNOCKED-OUT errorCode: 00 errorDetail: No Error score: 100 alertId: (not null) | G66: SIT | H66: High | I66: Manual | J66: Untested | K66: Untested
A67: AML_API_MSB002_04 | B67: MSB002 – body JSON sai cấu trúc | C67: Auth hợp lệ | D67: 1. Gửi POST với transactionType=MSB002 2. Body JSON sai cấu trúc MSB002 3. Kiểm tra errorCode=03 | E67: Headers: Authorization: Basic a3ljYWRtbjpwYXNzd29yZDM= Content-Type: application/json Params: transactionId: TF_MSB002_004 requestId: REQ_TF_MSB002_004 transactionType: MSB002 branchCd: HN channel: T24 isCallBack: N Body: {"wrong_key": "value"} | F67: HTTP Status: 200 OK result: ERROR errorCode: 03 errorDetail: Invalid message format score: (rỗng) alertId: (rỗng) processDate: null | G67: SIT | H67: High | I67: Manual | J67: Untested | K67: Untested
A68: VIII. Sàng lọc Custom Message Non-Swift 3 (MSB003)
A69: AML_API_MSB003 Kiểm tra sàng lọc với Custom Message MSB003 (JSON Array)
A70: AML_API_MSB003_01 | B70: MSB003 hợp lệ – kết quả No-HIT | C70: Auth hợp lệ; JSON Array MSB003 đúng cấu trúc; Không có match cấm vận | D70: 1. Gửi POST với transactionType=MSB003 2. Body là JSON Array chứa object MSB003 3. Kiểm tra result=No-HIT | E70: Headers: Authorization: Basic a3ljYWRtbjpwYXNzd29yZDM= Content-Type: application/json Params: transactionId: TF_MSB003_001 requestId: REQ_TF_MSB003_001 transactionType: MSB003 branchCd: HN channel: T24 isCallBack: N Body: [ { "MSB003": { "Debtor":{"Name":"CONG TY TNHH THUONG MAI VA XUAT NHAP KHAU ABC", "FullAddress":"So 12 Duong Lang Ha, Ba Dinh, Ha Noi, Viet Nam", "CountryInAddress":"VNM","Identifier":"0101234567"}, "Creditor":{"Name":"SHENZHEN GLOBAL ELECTRONICS CO., LTD", "FullAddress":"No. 88 Huaqiang North Road, Shenzhen, China", "CountryInAddress":"CHN","Identifier":"91440300MA5XXXXX1K"}, "InvolvedParty":[{"PartyType":"PARTY_01","Role":"Exporter", "Name":"SHENZHEN GLOBAL ELECTRONICS","CountryInAddress":"CHN", "Identifier":"91440300MA5XXXXX1K"}] } } ] | F70: HTTP Status: 200 OK result: No-HIT errorCode: 00 errorDetail: No Error score: 0 alertId: (rỗng) | G70: SIT | H70: High | I70: Manual | J70: Untested | K70: Untested
A71: AML_API_MSB003_02 | B71: MSB003 hợp lệ – kết quả HIT (Debtor/Creditor/InvolvedParty match cấm vận) | C71: Auth hợp lệ; Tên Debtor hoặc Creditor hoặc InvolvedParty match cấm vận | D71: 1. Gửi POST với transactionType=MSB003 2. Body MSB003 có tên match cấm vận 3. Kiểm tra result=HIT 4. Verify sàng lọc tất cả InvolvedParty | E71: Headers: Authorization: Basic a3ljYWRtbjpwYXNzd29yZDM= Content-Type: application/json Params: transactionId: TF_MSB003_002 requestId: REQ_TF_MSB003_002 transactionType: MSB003 branchCd: HN channel: T24 isCallBack: N Body: [ { "MSB003": { "Debtor":{"Name":"CONG TY TNHH THUONG MAI VA XUAT NHAP KHAU ABC", "FullAddress":"So 12 Duong Lang Ha, Ba Dinh, Ha Noi, Viet Nam", "CountryInAddress":"VNM","Identifier":"0101234567"}, "Creditor":{"Name":"SHENZHEN GLOBAL ELECTRONICS CO., LTD", "FullAddress":"No. 88 Huaqiang North Road, Shenzhen, China", "CountryInAddress":"CHN","Identifier":"91440300MA5XXXXX1K"}, "InvolvedParty":[{"PartyType":"PARTY_01","Role":"Exporter", "Name":"SHENZHEN GLOBAL ELECTRONICS","CountryInAddress":"CHN", "Identifier":"91440300MA5XXXXX1K"}] } } ] | F71: HTTP Status: 200 OK result: HIT errorCode: 00 errorDetail: No Error score: > 0 alertId: (not null) Verify: tất cả InvolvedParty đều được sàng lọc | G71: SIT | H71: High | I71: Manual | J71: Untested | K71: Untested
A72: AML_API_MSB003_03 | B72: MSB003 hợp lệ – kết quả KNOCKED-OUT | C72: Auth hợp lệ; CountryInAddress thuộc Knock-out list | D72: 1. Gửi POST với transactionType=MSB003 2. Body có CountryInAddress thuộc Knock-out 3. Kiểm tra result=KNOCKED-OUT | E72: Headers: Authorization: Basic a3ljYWRtbjpwYXNzd29yZDM= Content-Type: application/json Params: transactionId: TF_MSB003_003 requestId: REQ_TF_MSB003_003 transactionType: MSB003 branchCd: HN channel: T24 isCallBack: N Body: [ { "MSB003": { "Debtor":{"Name":"CONG TY TNHH THUONG MAI VA XUAT NHAP KHAU ABC", "FullAddress":"So 12 Duong Lang Ha, Ba Dinh, Ha Noi, Viet Nam", "CountryInAddress":"VNM","Identifier":"0101234567"}, "Creditor":{"Name":"SHENZHEN GLOBAL ELECTRONICS CO., LTD", "FullAddress":"No. 88 Huaqiang North Road, Shenzhen, China", "CountryInAddress":"CHN","Identifier":"91440300MA5XXXXX1K"}, "InvolvedParty":[{"PartyType":"PARTY_01","Role":"Exporter", "Name":"SHENZHEN GLOBAL ELECTRONICS","CountryInAddress":"CHN", "Identifier":"91440300MA5XXXXX1K"}] } } ] | F72: HTTP Status: 200 OK result: KNOCKED-OUT errorCode: 00 errorDetail: No Error score: 100 alertId: (not null) | G72: SIT | H72: High | I72: Manual | J72: Untested | K72: Untested
A73: AML_API_MSB003_04 | B73: MSB003 – body JSON Object thay vì JSON Array | C73: Auth hợp lệ | D73: 1. Gửi POST với transactionType=MSB003 2. Body là JSON Object ({}) thay vì JSON Array ([{}]) 3. Kiểm tra errorCode=03 | E73: Headers: Authorization: Basic a3ljYWRtbjpwYXNzd29yZDM= Content-Type: application/json Params: transactionId: TF_MSB003_004 requestId: REQ_TF_MSB003_004 transactionType: MSB003 branchCd: HN channel: T24 isCallBack: N Body: {"MSB003": {"Debtor": {}}} | F73: HTTP Status: 200 OK result: ERROR errorCode: 03 errorDetail: Invalid message format score: (rỗng) alertId: (rỗng) processDate: null MSB003 yêu cầu JSON Array; JSON Object phải bị từ chối | G73: SIT | H73: High | I73: Manual | J73: Untested | K73: Untested
A74: IX. Verify Response Body – Kiểm tra đầy đủ các fields
A75: AML_API_RESP Kiểm tra cấu trúc và giá trị response body
A76: AML_API_RESP_01 | B76: Response HIT – verify đầy đủ 12 fields | C76: Auth hợp lệ; Request MT có HIT | D76: 1. Gửi POST MT hợp lệ, có HIT 2. Nhận response 3. Verify lần lượt tất cả fields: transactionId, transactionType, result, requestId, errorCode, errorDetail, score, groupMessageId, alertId, processDate, branchCd, channel | E76: Headers: Authorization: Basic a3ljYWRtbjpwYXNzd29yZDM= Content-Type: application/json Params: transactionId: TF_RESP_001 requestId: REQ_TF_RESP_001 transactionType: MT branchCd: HN channel: T24 isCallBack: N Body: {1:F01SIIBSYDAXXXX0000000000} {2:I202ESSESESSXXXXN} {4: :20:MT202 :21:SENDEREFERENC001 :32A:170623CNY5000 :58D:/B/BENEFICIARYINST MAJESTUALIDAQ CUBA :72:PHONBEN -} {5:{MAC:12345678}{CHK:123456789ABC}} | F76: HTTP: 200 result: HIT transactionId == TF_RESP_001 (echo) requestId == REQ_TF_RESP_001 (echo) transactionType == MT (echo) errorCode: 00 errorDetail: No Error score: > 0 (số nguyên) groupMessageId: not null (Number) alertId: not null (Number) processDate: format dd-mm-yyyy hh:mi:ss branchCd == HN (echo) channel == T24 (echo) | G76: SIT | H76: High | I76: Manual | J76: Untested | K76: Untested
A77: AML_API_RESP_02 | B77: Response No-HIT – alertId rỗng, score=0 | C77: Auth hợp lệ; Request MT, kết quả No-HIT | D77: 1. Gửi POST MT không match cấm vận 2. Nhận response No-HIT 3. Verify: alertId='' và score=0 | E77: Headers: Authorization: Basic a3ljYWRtbjpwYXNzd29yZDM= Content-Type: application/json Params: transactionId: TF_RESP_002 requestId: REQ_TF_RESP_002 transactionType: MT branchCd: HN channel: T24 isCallBack: N Body: {1:F01SIIBSYDAXXXX0000000000} {2:I202ESSESESSXXXXN} {4: :20:MT202 :21:SENDEREFERENC001 :32A:170623CNY5000 :58D:/B/BENEFICIARYINST MAJESTUALIDAQ CUBA :72:PHONBEN -} {5:{MAC:12345678}{CHK:123456789ABC}} | F77: HTTP: 200 result: No-HIT errorCode: 00 score: 0 alertId: '' (rỗng) groupMessageId: not null processDate: not null (dd-mm-yyyy hh:mi:ss) | G77: SIT | H77: High | I77: Manual | J77: Untested | K77: Untested
A78: AML_API_RESP_03 | B78: Response KNOCKED-OUT – score=100, alertId not null | C78: Auth hợp lệ; Request MT có Knock-out country | D78: 1. Gửi POST MT với Knock-out country 2. Nhận response KNOCKED-OUT 3. Verify: score=100, alertId not null | E78: Headers: Authorization: Basic a3ljYWRtbjpwYXNzd29yZDM= Content-Type: application/json Params: transactionId: TF_RESP_003 requestId: REQ_TF_RESP_003 transactionType: MT branchCd: HN channel: T24 isCallBack: N Body: {1:F01SIIBSYDAXXXX0000000000} {2:I202ESSESESSXXXXN} {4: :20:MT202 :21:SENDEREFERENC001 :32A:170623CNY5000 :58D:/B/BENEFICIARYINST MAJESTUALIDAQ CUBA :72:PHONBEN -} {5:{MAC:12345678}{CHK:123456789ABC}} | F78: HTTP: 200 result: KNOCKED-OUT errorCode: 00 score: 100 alertId: not null groupMessageId: not null processDate: not null | G78: SIT | H78: High | I78: Manual | J78: Untested | K78: Untested
A79: AML_API_RESP_04 | B79: Response ERROR – score rỗng, alertId rỗng, processDate null | C79: Auth hợp lệ; Request MT body sai format | D79: 1. Gửi POST MT với body sai format 2. Nhận response ERROR 3. Verify: score='', alertId='', processDate=null | E79: Headers: Authorization: Basic a3ljYWRtbjpwYXNzd29yZDM= Content-Type: application/json Params: transactionId: TF_RESP_004 requestId: REQ_TF_RESP_004 transactionType: MT branchCd: HN channel: T24 isCallBack: N Body: INVALID_MT_BODY_NOT_SWIFT | F79: HTTP: 200 result: ERROR errorCode: 03 score: '' (rỗng) alertId: '' (rỗng) processDate: null groupMessageId: null | G79: SIT | H79: High | I79: Manual | J79: Untested | K79: Untested
A80: AML_API_RESP_05 | B80: HTTP Status luôn là 200 kể cả khi nghiệp vụ ERROR | C80: Auth hợp lệ; Request body sai format để trigger ERROR | D80: 1. Gửi POST với body sai format 2. Kiểm tra HTTP Status Code trong response header 3. Verify HTTP = 200 (không phải 4xx hay 5xx) | E80: Headers: Authorization: Basic a3ljYWRtbjpwYXNzd29yZDM= Content-Type: application/json Params: transactionId: TF_RESP_005 requestId: REQ_TF_RESP_005 transactionType: MT branchCd: HN channel: T24 isCallBack: N Body: INVALID_MT_BODY_NOT_SWIFT | F80: HTTP Status: 200 OK ← LUÔN LUÔN Trạng thái nghiệp vụ phân biệt qua: result: ERROR errorCode: 03 KHÔNG phải qua HTTP 4xx/5xx | G80: SIT | H80: High | I80: Manual | J80: Untested | K80: Untested
A81: AML_API_RESP_06 | B81: transactionId trong response echo đúng giá trị đã gửi | C81: Auth hợp lệ | D81: 1. Gửi POST với transactionId='TF_ECHO_CHECK_001' 2. Kiểm tra response.transactionId | E81: Headers: Authorization: Basic a3ljYWRtbjpwYXNzd29yZDM= Content-Type: application/json Params: transactionId: TF_ECHO_CHECK_001 requestId: REQ_TF_ECHO_CHECK_001 transactionType: MT branchCd: HN channel: T24 isCallBack: N Body: {1:F01SIIBSYDAXXXX0000000000} {2:I202ESSESESSXXXXN} {4: :20:MT202 :21:SENDEREFERENC001 :32A:170623CNY5000 :58D:/B/BENEFICIARYINST MAJESTUALIDAQ CUBA :72:PHONBEN -} {5:{MAC:12345678}{CHK:123456789ABC}} | F81: HTTP: 200 response.transactionId == 'TF_ECHO_CHECK_001' (phản hồi lại đúng giá trị đã gửi) | G81: SIT | H81: High | I81: Manual | J81: Untested | K81: Untested
A82: AML_API_RESP_07 | B82: requestId trong response echo đúng giá trị đã gửi | C82: Auth hợp lệ | D82: 1. Gửi POST với requestId='REQ_ECHO_CHECK_001' 2. Kiểm tra response.requestId | E82: Headers: Authorization: Basic a3ljYWRtbjpwYXNzd29yZDM= Content-Type: application/json Params: transactionId: TF_RESP_007 requestId: REQ_TF_RESP_007 transactionType: MT branchCd: HN channel: T24 isCallBack: N Body: {1:F01SIIBSYDAXXXX0000000000} {2:I202ESSESESSXXXXN} {4: :20:MT202 :21:SENDEREFERENC001 :32A:170623CNY5000 :58D:/B/BENEFICIARYINST MAJESTUALIDAQ CUBA :72:PHONBEN -} {5:{MAC:12345678}{CHK:123456789ABC}} | F82: HTTP: 200 response.requestId == 'REQ_TF_RESP_007' (phản hồi lại đúng giá trị đã gửi) | G82: SIT | H82: High | I82: Manual | J82: Untested | K82: Untested
A83: AML_API_RESP_08 | B83: processDate đúng format dd-mm-yyyy hh:mi:ss | C83: Auth hợp lệ; Request MT có kết quả HIT hoặc No-HIT | D83: 1. Gửi POST MT hợp lệ 2. Nhận response 3. Parse processDate 4. Verify đúng pattern: dd-mm-yyyy hh:mi:ss | E83: Headers: Authorization: Basic a3ljYWRtbjpwYXNzd29yZDM= Content-Type: application/json Params: transactionId: TF_RESP_008 requestId: REQ_TF_RESP_008 transactionType: MT branchCd: HN channel: T24 isCallBack: N Body: {1:F01SIIBSYDAXXXX0000000000} {2:I202ESSESESSXXXXN} {4: :20:MT202 :21:SENDEREFERENC001 :32A:170623CNY5000 :58D:/B/BENEFICIARYINST MAJESTUALIDAQ CUBA :72:PHONBEN -} {5:{MAC:12345678}{CHK:123456789ABC}} | F83: processDate match regex: ^\d{2}-\d{2}-\d{4} \d{2}:\d{2}:\d{2}$ Ví dụ hợp lệ: 11-06-2026 14:35:22 Ví dụ KHÔNG hợp lệ: 2026-06-11 / 11/06/2026 | G83: SIT | H83: Medium | I83: Manual | J83: Untested | K83: Untested
A84: AML_API_RESP_09 | B84: branchCd và channel echo đúng giá trị đã gửi | C84: Auth hợp lệ | D84: 1. Gửi POST với branchCd='SGN' và channel='IB' 2. Kiểm tra response.branchCd và response.channel | E84: Headers: Authorization: Basic a3ljYWRtbjpwYXNzd29yZDM= Content-Type: application/json Params: transactionId: TF_RESP_009 requestId: REQ_TF_RESP_009 transactionType: MT branchCd: SGN channel: IB isCallBack: N Body: {1:F01SIIBSYDAXXXX0000000000} {2:I202ESSESESSXXXXN} {4: :20:MT202 :21:SENDEREFERENC001 :32A:170623CNY5000 :58D:/B/BENEFICIARYINST MAJESTUALIDAQ CUBA :72:PHONBEN -} {5:{MAC:12345678}{CHK:123456789ABC}} | F84: HTTP: 200 response.branchCd == 'SGN' response.channel == 'IB' (cả 2 phải echo đúng giá trị request) | G84: SIT | H84: Medium | I84: Manual | J84: Untested | K84: Untested
A85: AML_API_RESP_10 | B85: groupMessageId là số nguyên duy nhất cho mỗi request | C85: Auth hợp lệ; Gửi 2 request riêng biệt | D85: 1. Gửi POST request lần 1 → ghi nhận groupMessageId 2. Gửi POST request lần 2 (transactionId khác) 3. Verify groupMessageId hai lần KHÁC nhau | E85: Headers: Authorization: Basic a3ljYWRtbjpwYXNzd29yZDM= Content-Type: application/json Params: transactionId: TF_RESP_010 requestId: REQ_TF_RESP_010 transactionType: MT branchCd: HN channel: T24 isCallBack: N Body: {1:F01SIIBSYDAXXXX0000000000} {2:I202ESSESESSXXXXN} {4: :20:MT202 :21:SENDEREFERENC001 :32A:170623CNY5000 :58D:/B/BENEFICIARYINST MAJESTUALIDAQ CUBA :72:PHONBEN -} {5:{MAC:12345678}{CHK:123456789ABC}} | F85: Lần 1: groupMessageId = X (Number > 0) Lần 2: groupMessageId = Y (Number > 0) Verify: X ≠ Y (unique per request) | G85: SIT | H85: Medium | I85: Manual | J85: Untested | K85: Untested
A86: X. Verify Error Codes (Bảng mã lỗi)
A87: AML_API_ERR Kiểm tra các mã lỗi trả về trong response
A88: AML_API_ERR_01 | B88: errorCode=00 – Xử lý thành công (No Error) | C88: Auth hợp lệ; Request hoàn toàn hợp lệ | D88: 1. Gửi POST request hợp lệ (MT) 2. Verify errorCode=00 trong response 3. Verify errorDetail='No Error' | E88: Headers: Authorization: Basic a3ljYWRtbjpwYXNzd29yZDM= Content-Type: application/json Params: transactionId: TF_ERR_001 requestId: REQ_TF_ERR_001 transactionType: MT branchCd: HN channel: T24 isCallBack: N Body: {1:F01SIIBSYDAXXXX0000000000} {2:I202ESSESESSXXXXN} {4: :20:MT202 :21:SENDEREFERENC001 :32A:170623CNY5000 :58D:/B/BENEFICIARYINST MAJESTUALIDAQ CUBA :72:PHONBEN -} {5:{MAC:12345678}{CHK:123456789ABC}} | F88: HTTP: 200 result: HIT hoặc No-HIT errorCode: '00' errorDetail: 'No Error' (Không có lỗi nào trong quá trình xử lý) | G88: SIT | H88: High | I88: Manual | J88: Untested | K88: Untested
A89: AML_API_ERR_02 | B89: errorCode=01 – Missing parameter (thiếu field bắt buộc) | C89: Auth hợp lệ; Gửi request thiếu transactionId | D89: 1. Gửi POST thiếu transactionId 2. Kiểm tra response: result=ERROR, errorCode=01 3. Verify errorDetail mô tả field bị thiếu | E89: Headers: Authorization: Basic a3ljYWRtbjpwYXNzd29yZDM= Content-Type: application/json Params (thiếu transactionId): requestId: REQ_ERR_002 transactionType: MT branchCd: HN channel: T24 isCallBack: N Body: {1:F01SIIBSYDAXXXX0000000000} {2:I202ESSESESSXXXXN} {4: :20:MT202 :21:SENDEREFERENC001 :32A:170623CNY5000 :58D:/B/BENEFICIARYINST MAJESTUALIDAQ CUBA :72:PHONBEN -} {5:{MAC:12345678}{CHK:123456789ABC}} | F89: HTTP: 200 result: ERROR errorCode: '01' errorDetail: 'Missing parameter' score: '' (rỗng) alertId: '' (rỗng) processDate: null | G89: SIT | H89: High | I89: Manual | J89: Untested | K89: Untested
A90: AML_API_ERR_03 | B90: errorCode=03 – Invalid message format (sai format điện) | C90: Auth hợp lệ; Body MT sai chuẩn SWIFT | D90: 1. Gửi POST với transactionType=MT 2. Body: 'INVALID_MT_BODY' 3. Verify errorCode=03 | E90: Headers: Authorization: Basic a3ljYWRtbjpwYXNzd29yZDM= Content-Type: application/json Params: transactionId: TF_ERR_003 requestId: REQ_TF_ERR_003 transactionType: MT branchCd: HN channel: T24 isCallBack: N Body: INVALID_MT_BODY_NOT_SWIFT | F90: HTTP: 200 result: ERROR errorCode: '03' errorDetail: 'Message is not valid. Please correct the message and repost it' score: '' (rỗng) alertId: '' (rỗng) processDate: null | G90: SIT | H90: High | I90: Manual | J90: Untested | K90: Untested
A91: AML_API_ERR_04 | B91: errorCode=05 – Webservices not responding (EDQ service down) | C91: Auth hợp lệ; EDQ/screening service bị tắt hoặc quá tải | D91: 1. Tắt EDQ service (hoặc giả lập) 2. Gửi POST request hợp lệ 3. Verify errorCode=05 | E91: Headers: Authorization: Basic a3ljYWRtbjpwYXNzd29yZDM= Content-Type: application/json Params: transactionId: TF_ERR_004 requestId: REQ_TF_ERR_004 transactionType: MT branchCd: HN channel: T24 isCallBack: N Body: {1:F01SIIBSYDAXXXX0000000000} {2:I202ESSESESSXXXXN} {4: :20:MT202 :21:SENDEREFERENC001 :32A:170623CNY5000 :58D:/B/BENEFICIARYINST MAJESTUALIDAQ CUBA :72:PHONBEN -} {5:{MAC:12345678}{CHK:123456789ABC}} | F91: HTTP: 200 result: ERROR errorCode: '05' errorDetail: 'Webservices are not responding' score: '' (rỗng) alertId: '' (rỗng) processDate: null Precondition: Cần môi trường test với EDQ down | G91: SIT | H91: High | I91: Manual | J91: Untested | K91: Untested
A92: AML_API_ERR_05 | B92: errorCode=07 – Others exception (lỗi ngoài kịch bản) | C92: Auth hợp lệ; Điều kiện đặc biệt để trigger lỗi ngoài kịch bản | D92: 1. Tạo điều kiện gây lỗi không xác định 2. Gửi POST request 3. Verify errorCode=07 | E92: Headers: Authorization: Basic a3ljYWRtbjpwYXNzd29yZDM= Content-Type: application/json Params: transactionId: TF_ERR_005 requestId: REQ_TF_ERR_005 transactionType: MT branchCd: HN channel: T24 isCallBack: N Body: {1:F01SIIBSYDAXXXX0000000000} {2:I202ESSESESSXXXXN} {4: :20:MT202 :21:SENDEREFERENC001 :32A:170623CNY5000 :58D:/B/BENEFICIARYINST MAJESTUALIDAQ CUBA :72:PHONBEN -} {5:{MAC:12345678}{CHK:123456789ABC}} | F92: HTTP: 200 result: ERROR errorCode: '07' errorDetail: 'Others exception' score: '' (rỗng) alertId: '' (rỗng) processDate: null Note: Cần môi trường đặc biệt để trigger lỗi 07 | G92: SIT | H92: Medium | I92: Manual | J92: Untested | K92: Untested
A93: AML_API_ERR_06 | B93: errorCode=08 – Request Timeout (EDQ xử lý >30 giây) | C93: Auth hợp lệ; EDQ service phản hồi chậm >30 giây | D93: 1. Giả lập EDQ delay >30 giây 2. Gửi POST request hợp lệ 3. Verify errorCode=08 sau 30 giây | E93: Headers: Authorization: Basic a3ljYWRtbjpwYXNzd29yZDM= Content-Type: application/json Params: transactionId: TF_ERR_006 requestId: REQ_TF_ERR_006 transactionType: MT branchCd: HN channel: T24 isCallBack: N Body: {1:F01SIIBSYDAXXXX0000000000} {2:I202ESSESESSXXXXN} {4: :20:MT202 :21:SENDEREFERENC001 :32A:170623CNY5000 :58D:/B/BENEFICIARYINST MAJESTUALIDAQ CUBA :72:PHONBEN -} {5:{MAC:12345678}{CHK:123456789ABC}} | F93: HTTP: 200 result: ERROR errorCode: '08' errorDetail: 'Request Timeout' score: '' (rỗng) alertId: '' (rỗng) processDate: null Timeout config: 30 giây | G93: SIT | H93: High | I93: Manual | J93: Untested | K93: Untested
A94: XI. Verify HTTP Status Codes
A95: AML_API_HTTP Kiểm tra HTTP Status Code trả về
A96: AML_API_HTTP_01 | B96: HTTP 200 – Request hợp lệ (mọi kết quả nghiệp vụ) | C96: Auth hợp lệ; Request đầy đủ, hợp lệ | D96: 1. Gửi POST request hợp lệ 2. Kiểm tra HTTP Status Code trong response header 3. Verify HTTP = 200 cho cả HIT / No-HIT / KNOCKED-OUT / ERROR | E96: Headers: Authorization: Basic a3ljYWRtbjpwYXNzd29yZDM= Content-Type: application/json Params: transactionId: TF_HTTP_001 requestId: REQ_TF_HTTP_001 transactionType: MT branchCd: HN channel: T24 isCallBack: N Body: {1:F01SIIBSYDAXXXX0000000000} {2:I202ESSESESSXXXXN} {4: :20:MT202 :21:SENDEREFERENC001 :32A:170623CNY5000 :58D:/B/BENEFICIARYINST MAJESTUALIDAQ CUBA :72:PHONBEN -} {5:{MAC:12345678}{CHK:123456789ABC}} | F96: HTTP Status: 200 OK Áp dụng cho mọi kết quả nghiệp vụ: HIT → HTTP 200 No-HIT → HTTP 200 KNOCKED-OUT → HTTP 200 ERROR → HTTP 200 | G96: SIT | H96: High | I96: Manual | J96: Untested | K96: Untested
A97: AML_API_HTTP_02 | B97: HTTP 400 – Request không hợp lệ ở tầng HTTP | C97: Auth hợp lệ; Request body malformed (không phải JSON/text hợp lệ) | D97: 1. Gửi POST với body không hợp lệ ở tầng HTTP 2. Kiểm tra HTTP Status Code | E97: POST POST http://server:port/transaction-screening/v1/transaction-screening Authorization: Basic a3ljYWRtbjpwYXNzd29yZDM= Content-Type: application/json Body: %%%MALFORMED%%% | F97: HTTP Status: 400 Bad Request (Không có body nghiệp vụ) | G97: SIT | H97: Medium | I97: Manual | J97: Untested | K97: Untested
A98: AML_API_HTTP_03 | B98: HTTP 401 – Unauthorized (thiếu hoặc sai auth) | C98: Server đang chạy; Không có Authorization header | D98: 1. Gửi POST không có Authorization header 2. Kiểm tra HTTP Status Code = 401 | E98: POST POST http://server:port/transaction-screening/v1/transaction-screening Content-Type: application/json Body: {1:F01SIIBSYDAXXXX0000000000} {2:I202ESSESESSXXXXN} {4: :20:MT202 :21:SENDEREFERENC001 :32A:170623CNY5000 :58D:/B/BENEFICIARYINST MAJESTUALIDAQ CUBA :72:PHONBEN -} {5:{MAC:12345678}{CHK:123456789ABC}} | F98: HTTP Status: 401 Unauthorized (Không có body nghiệp vụ) | G98: SIT | H98: High | I98: Manual | J98: Untested | K98: Untested
A99: AML_API_HTTP_04 | B99: HTTP 404 – Not Found (sai endpoint URL) | C99: Server đang chạy; Auth hợp lệ | D99: 1. Gửi POST đến URL sai: /wrong-endpoint 2. Kiểm tra HTTP Status Code = 404 | E99: POST http://server:port/wrong-endpoint Authorization: Basic a3ljYWRtbjpwYXNzd29yZDM= Content-Type: application/json | F99: HTTP Status: 404 Not Found (Không có body nghiệp vụ) | G99: SIT | H99: High | I99: Manual | J99: Untested | K99: Untested
A100: AML_API_HTTP_05 | B100: HTTP 500 – Internal Server Error | C100: Server gặp lỗi nội bộ không xử lý được; (Cần môi trường test đặc biệt) | D100: 1. Giả lập lỗi nội bộ server 2. Gửi POST request 3. Kiểm tra HTTP Status Code = 500 | E100: Headers: Authorization: Basic a3ljYWRtbjpwYXNzd29yZDM= Content-Type: application/json Params: transactionId: TF_HTTP_005 requestId: REQ_TF_HTTP_005 transactionType: MT branchCd: HN channel: T24 isCallBack: N Body: {1:F01SIIBSYDAXXXX0000000000} {2:I202ESSESESSXXXXN} {4: :20:MT202 :21:SENDEREFERENC001 :32A:170623CNY5000 :58D:/B/BENEFICIARYINST MAJESTUALIDAQ CUBA :72:PHONBEN -} {5:{MAC:12345678}{CHK:123456789ABC}} | F100: HTTP Status: 500 Internal Server Error (Không có body nghiệp vụ) | G100: SIT | H100: Medium | I100: Manual | J100: Untested | K100: Untested
A101: XII. Non-Functional & Edge Cases
...
