Workbook

Sheet Cover
E8: Test Report
C11: Project Name: | E11: DỰ ÁN TRIỂN KHAI BẢN QUYỀN PHẦN MỀM HỆ THỐNG AML MỚI | G11: Reviewer:
C12: Document Code: | E12: MSB_AML_Testcase_KYC_UI_customize | G12: Position:
C13: Originator: | G13: Reviewed Date:
C14: Position: | G14: Approver:
C15: Created Date: | E15: 46153 | G15: Position:
C16: Version: | E16: 1.0 | G16: Approved Date:

Sheet Records
A1: TABLE OF CONTENT
A3: No | B3: Items | C3: Content
A4: 1 | B4: Cover | C4: Cover
A5: 2 | B5: Records | C5: Record of changes
A6: 3 | B6: Function | C6: List out all test cases of the application
A7: 4 | B7: Screen Element | C7: Screen Element test cases, which are based on the application's SRS
A9: Effective Date | B9: A, M, D | C9: Change Description | F9: New Version | G9: Author
A10: 46153 | B10: A | C10: Create new TC | F10: 1

Sheet Test Report
B2: SYSTEM TEST REPORT
A5: Project | B5: =#NAME? -> #NAME? | D5: Project manager
A6: Application | D6: Approved Date
A7: Consolidated By | D7: Reviewed By
A8: Build Versions | D8: Reviewed date
A9: Test Environment | B9: SIT
A10: Last Updated Date
A11: Test Execution Summary
A12: Reported by
A13: Date
A14: Test Results | B14: Passed | C14: Failed | D14: Pending | E14: Next | F14: Canel | G14: Untested | H14: Total
A15: Total | B15: =SUM(B16:B18) -> 190 | C15: =SUM(C16:C18) -> 0 | D15: =SUM(D16:D18) -> 0 | E15: =SUM(E16:E18) -> 0 | F15: =SUM(F16:F18) -> 0 | G15: =SUM(G16:G18) -> 69 | H15: =SUM(B15:G15) -> 259
A16: Cấu hình điện | B16: ='Cấu hình điện'!E6 -> 104 | C16: ='Cấu hình điện'!E7 -> 0 | D16: ='Cấu hình điện'!E8 -> 0 | E16: ='Cấu hình điện'!E12 -> 0 | F16: ='Cấu hình điện'!E9 -> 0 | G16: ='Cấu hình điện'!E10 -> 15 | H16: =SUM(B16:G16) -> 119
A17: Cấu hình chủ thể | B17: ='Cấu hình chủ thể'!E6 -> 86 | C17: ='Cấu hình chủ thể'!E7 -> 0 | D17: ='Cấu hình chủ thể'!E8 -> 0 | E17: ='Cấu hình chủ thể'!E11 -> 0 | F17: ='Cấu hình chủ thể'!E10 -> 0 | G17: ='Cấu hình chủ thể'!E9 -> 54 | H17: =SUM(B17:G17) -> 140
A18: Sàng lọc điện | B18: ='Sàng lọc điện'!E6 -> 0 | C18: ='Sàng lọc điện'!E7 -> 0 | D18: ='Sàng lọc điện'!E11 -> 0 | E18: ='Sàng lọc điện'!E10 -> 0 | F18: ='Sàng lọc điện'!E9 -> 0 | G18: ='Sàng lọc điện'!E8 -> 0 | H18: =SUM(B18:G18) -> 0
A19: Test coverage
A20: Test coverage | H20: =IFERROR(SUM(B15,C15,F15)/H15, 0) -> 0.73359073
A21: Test successful coverage | H21: =IFERROR(SUM(B15,F15)/H15, 0) -> 0.73359073
A22: Issues
A23: 1. Block testing issue
A24: 2. Critical defects
A29: Kết quả test mtr SIT
A30: Test Results | B30: Passed | C30: Failed | D30: Pending | E30: Next | F30: Canel | G30: Untested | H30: Total
A31: Total | B31: =SUM(B32:B96) -> 667 | C31: =SUM(C32:C96) -> 1 | D31: =SUM(D32:D96) -> 0 | E31: =SUM(E32:E96) -> 0 | F31: =SUM(F32:F96) -> 0 | G31: =SUM(G32:G96) -> 103 | H31: =SUM(B31:G31) -> 771
A32: Cấu hình điện | B32: =SUM(B33,B39,B47,B51,B56) -> 104 | C32: =SUM(C33,C39,C47,C51,C56) -> 0 | D32: =SUM(D33,D39,D47,D51,D56) -> 0 | E32: =SUM(E33,E39,E47,E51,E56) -> 0 | F32: =SUM(F33,F39,F47,F51,F56) -> 0 | G32: =SUM(G33,G39,G47,G51,G56) -> 0 | H32: =SUM(B32:G32) -> 104
A33: Bàn giao đợt 1 | B33: =SUM(B34:B38) -> 20 | C33: =SUM(C34:C38) -> 0 | D33: =SUM(D34:D38) -> 0 | E33: =SUM(E34:E38) -> 0 | F33: =SUM(F34:F38) -> 0 | G33: =SUM(G34:G38) -> 0 | H33: =SUM(B33:G33) -> 20
A34: MT195 | B34: =COUNTIFS('Cấu hình điện'!$O:$O,'Test Report'!$A34,'Cấu hình điện'!$K:$K,'Test Report'!B$30) -> 4 | C34: =COUNTIFS('Cấu hình điện'!$O:$O,'Test Report'!$A34,'Cấu hình điện'!$K:$K,'Test Report'!C$30) -> 0 | D34: =COUNTIFS('Cấu hình điện'!$O:$O,'Test Report'!$A34,'Cấu hình điện'!$K:$K,'Test Report'!D$30) -> 0 | E34: =COUNTIFS('Cấu hình điện'!$O:$O,'Test Report'!$A34,'Cấu hình điện'!$K:$K,'Test Report'!E$30) -> 0 | F34: =COUNTIFS('Cấu hình điện'!$O:$O,'Test Report'!$A34,'Cấu hình điện'!$K:$K,'Test Report'!F$30) -> 0 | G34: =COUNTIFS('Cấu hình điện'!$O:$O,'Test Report'!$A34,'Cấu hình điện'!$K:$K,'Test Report'!G$30) -> 0 | H34: =SUM(B34:G34) -> 4
A35: MT196 | B35: =COUNTIFS('Cấu hình điện'!$O:$O,'Test Report'!$A35,'Cấu hình điện'!$K:$K,'Test Report'!B$30) -> 4 | C35: =COUNTIFS('Cấu hình điện'!$O:$O,'Test Report'!$A35,'Cấu hình điện'!$K:$K,'Test Report'!C$30) -> 0 | D35: =COUNTIFS('Cấu hình điện'!$O:$O,'Test Report'!$A35,'Cấu hình điện'!$K:$K,'Test Report'!D$30) -> 0 | E35: =COUNTIFS('Cấu hình điện'!$O:$O,'Test Report'!$A35,'Cấu hình điện'!$K:$K,'Test Report'!E$30) -> 0 | F35: =COUNTIFS('Cấu hình điện'!$O:$O,'Test Report'!$A35,'Cấu hình điện'!$K:$K,'Test Report'!F$30) -> 0 | G35: =COUNTIFS('Cấu hình điện'!$O:$O,'Test Report'!$A35,'Cấu hình điện'!$K:$K,'Test Report'!G$30) -> 0 | H35: =SUM(B35:G35) -> 4
A36: MT199 | B36: =COUNTIFS('Cấu hình điện'!$O:$O,'Test Report'!$A36,'Cấu hình điện'!$K:$K,'Test Report'!B$30) -> 4 | C36: =COUNTIFS('Cấu hình điện'!$O:$O,'Test Report'!$A36,'Cấu hình điện'!$K:$K,'Test Report'!C$30) -> 0 | D36: =COUNTIFS('Cấu hình điện'!$O:$O,'Test Report'!$A36,'Cấu hình điện'!$K:$K,'Test Report'!D$30) -> 0 | E36: =COUNTIFS('Cấu hình điện'!$O:$O,'Test Report'!$A36,'Cấu hình điện'!$K:$K,'Test Report'!E$30) -> 0 | F36: =COUNTIFS('Cấu hình điện'!$O:$O,'Test Report'!$A36,'Cấu hình điện'!$K:$K,'Test Report'!F$30) -> 0 | G36: =COUNTIFS('Cấu hình điện'!$O:$O,'Test Report'!$A36,'Cấu hình điện'!$K:$K,'Test Report'!G$30) -> 0 | H36: =SUM(B36:G36) -> 4
A37: MT295 | B37: =COUNTIFS('Cấu hình điện'!$O:$O,'Test Report'!$A37,'Cấu hình điện'!$K:$K,'Test Report'!B$30) -> 4 | C37: =COUNTIFS('Cấu hình điện'!$O:$O,'Test Report'!$A37,'Cấu hình điện'!$K:$K,'Test Report'!C$30) -> 0 | D37: =COUNTIFS('Cấu hình điện'!$O:$O,'Test Report'!$A37,'Cấu hình điện'!$K:$K,'Test Report'!D$30) -> 0 | E37: =COUNTIFS('Cấu hình điện'!$O:$O,'Test Report'!$A37,'Cấu hình điện'!$K:$K,'Test Report'!E$30) -> 0 | F37: =COUNTIFS('Cấu hình điện'!$O:$O,'Test Report'!$A37,'Cấu hình điện'!$K:$K,'Test Report'!F$30) -> 0 | G37: =COUNTIFS('Cấu hình điện'!$O:$O,'Test Report'!$A37,'Cấu hình điện'!$K:$K,'Test Report'!G$30) -> 0 | H37: =SUM(B37:G37) -> 4
A38: MT296 | B38: =COUNTIFS('Cấu hình điện'!$O:$O,'Test Report'!$A38,'Cấu hình điện'!$K:$K,'Test Report'!B$30) -> 4 | C38: =COUNTIFS('Cấu hình điện'!$O:$O,'Test Report'!$A38,'Cấu hình điện'!$K:$K,'Test Report'!C$30) -> 0 | D38: =COUNTIFS('Cấu hình điện'!$O:$O,'Test Report'!$A38,'Cấu hình điện'!$K:$K,'Test Report'!D$30) -> 0 | E38: =COUNTIFS('Cấu hình điện'!$O:$O,'Test Report'!$A38,'Cấu hình điện'!$K:$K,'Test Report'!E$30) -> 0 | F38: =COUNTIFS('Cấu hình điện'!$O:$O,'Test Report'!$A38,'Cấu hình điện'!$K:$K,'Test Report'!F$30) -> 0 | G38: =COUNTIFS('Cấu hình điện'!$O:$O,'Test Report'!$A38,'Cấu hình điện'!$K:$K,'Test Report'!G$30) -> 0 | H38: =SUM(B38:G38) -> 4
A39: Bàn giao đợt 2 | B39: =SUM(B40:B46) -> 28 | C39: =SUM(C40:C46) -> 0 | D39: =SUM(D40:D46) -> 0 | E39: =SUM(E40:E46) -> 0 | F39: =SUM(F40:F46) -> 0 | G39: =SUM(G40:G46) -> 0 | H39: =SUM(H40:H46) -> 28
A40: MT299 | B40: =COUNTIFS('Cấu hình điện'!$O:$O,'Test Report'!$A40,'Cấu hình điện'!$K:$K,'Test Report'!B$30) -> 4 | C40: =COUNTIFS('Cấu hình điện'!$O:$O,'Test Report'!$A40,'Cấu hình điện'!$K:$K,'Test Report'!C$30) -> 0 | D40: =COUNTIFS('Cấu hình điện'!$O:$O,'Test Report'!$A40,'Cấu hình điện'!$K:$K,'Test Report'!D$30) -> 0 | E40: =COUNTIFS('Cấu hình điện'!$O:$O,'Test Report'!$A40,'Cấu hình điện'!$K:$K,'Test Report'!E$30) -> 0 | F40: =COUNTIFS('Cấu hình điện'!$O:$O,'Test Report'!$A40,'Cấu hình điện'!$K:$K,'Test Report'!F$30) -> 0 | G40: =COUNTIFS('Cấu hình điện'!$O:$O,'Test Report'!$A40,'Cấu hình điện'!$K:$K,'Test Report'!G$30) -> 0 | H40: =SUM(B40:G40) -> 4
A41: pacs.008 | B41: =COUNTIFS('Cấu hình điện'!$O:$O,'Test Report'!$A41,'Cấu hình điện'!$K:$K,'Test Report'!B$30) -> 4 | C41: =COUNTIFS('Cấu hình điện'!$O:$O,'Test Report'!$A41,'Cấu hình điện'!$K:$K,'Test Report'!C$30) -> 0 | D41: =COUNTIFS('Cấu hình điện'!$O:$O,'Test Report'!$A41,'Cấu hình điện'!$K:$K,'Test Report'!D$30) -> 0 | E41: =COUNTIFS('Cấu hình điện'!$O:$O,'Test Report'!$A41,'Cấu hình điện'!$K:$K,'Test Report'!E$30) -> 0 | F41: =COUNTIFS('Cấu hình điện'!$O:$O,'Test Report'!$A41,'Cấu hình điện'!$K:$K,'Test Report'!F$30) -> 0 | G41: =COUNTIFS('Cấu hình điện'!$O:$O,'Test Report'!$A41,'Cấu hình điện'!$K:$K,'Test Report'!G$30) -> 0 | H41: =SUM(B41:G41) -> 4
A42: MT499 | B42: =COUNTIFS('Cấu hình điện'!$O:$O,'Test Report'!$A42,'Cấu hình điện'!$K:$K,'Test Report'!B$30) -> 4 | C42: =COUNTIFS('Cấu hình điện'!$O:$O,'Test Report'!$A42,'Cấu hình điện'!$K:$K,'Test Report'!C$30) -> 0 | D42: =COUNTIFS('Cấu hình điện'!$O:$O,'Test Report'!$A42,'Cấu hình điện'!$K:$K,'Test Report'!D$30) -> 0 | E42: =COUNTIFS('Cấu hình điện'!$O:$O,'Test Report'!$A42,'Cấu hình điện'!$K:$K,'Test Report'!E$30) -> 0 | F42: =COUNTIFS('Cấu hình điện'!$O:$O,'Test Report'!$A42,'Cấu hình điện'!$K:$K,'Test Report'!F$30) -> 0 | G42: =COUNTIFS('Cấu hình điện'!$O:$O,'Test Report'!$A42,'Cấu hình điện'!$K:$K,'Test Report'!G$30) -> 0 | H42: =SUM(B42:G42) -> 4
A43: MT711 | B43: =COUNTIFS('Cấu hình điện'!$O:$O,'Test Report'!$A43,'Cấu hình điện'!$K:$K,'Test Report'!B$30) -> 4 | C43: =COUNTIFS('Cấu hình điện'!$O:$O,'Test Report'!$A43,'Cấu hình điện'!$K:$K,'Test Report'!C$30) -> 0 | D43: =COUNTIFS('Cấu hình điện'!$O:$O,'Test Report'!$A43,'Cấu hình điện'!$K:$K,'Test Report'!D$30) -> 0 | E43: =COUNTIFS('Cấu hình điện'!$O:$O,'Test Report'!$A43,'Cấu hình điện'!$K:$K,'Test Report'!E$30) -> 0 | F43: =COUNTIFS('Cấu hình điện'!$O:$O,'Test Report'!$A43,'Cấu hình điện'!$K:$K,'Test Report'!F$30) -> 0 | G43: =COUNTIFS('Cấu hình điện'!$O:$O,'Test Report'!$A43,'Cấu hình điện'!$K:$K,'Test Report'!G$30) -> 0 | H43: =SUM(B43:G43) -> 4
A44: MT799 | B44: =COUNTIFS('Cấu hình điện'!$O:$O,'Test Report'!$A44,'Cấu hình điện'!$K:$K,'Test Report'!B$30) -> 4 | C44: =COUNTIFS('Cấu hình điện'!$O:$O,'Test Report'!$A44,'Cấu hình điện'!$K:$K,'Test Report'!C$30) -> 0 | D44: =COUNTIFS('Cấu hình điện'!$O:$O,'Test Report'!$A44,'Cấu hình điện'!$K:$K,'Test Report'!D$30) -> 0 | E44: =COUNTIFS('Cấu hình điện'!$O:$O,'Test Report'!$A44,'Cấu hình điện'!$K:$K,'Test Report'!E$30) -> 0 | F44: =COUNTIFS('Cấu hình điện'!$O:$O,'Test Report'!$A44,'Cấu hình điện'!$K:$K,'Test Report'!F$30) -> 0 | G44: =COUNTIFS('Cấu hình điện'!$O:$O,'Test Report'!$A44,'Cấu hình điện'!$K:$K,'Test Report'!G$30) -> 0 | H44: =SUM(B44:G44) -> 4
A45: MT999 | B45: =COUNTIFS('Cấu hình điện'!$O:$O,'Test Report'!$A45,'Cấu hình điện'!$K:$K,'Test Report'!B$30) -> 4 | C45: =COUNTIFS('Cấu hình điện'!$O:$O,'Test Report'!$A45,'Cấu hình điện'!$K:$K,'Test Report'!C$30) -> 0 | D45: =COUNTIFS('Cấu hình điện'!$O:$O,'Test Report'!$A45,'Cấu hình điện'!$K:$K,'Test Report'!D$30) -> 0 | E45: =COUNTIFS('Cấu hình điện'!$O:$O,'Test Report'!$A45,'Cấu hình điện'!$K:$K,'Test Report'!E$30) -> 0 | F45: =COUNTIFS('Cấu hình điện'!$O:$O,'Test Report'!$A45,'Cấu hình điện'!$K:$K,'Test Report'!F$30) -> 0 | G45: =COUNTIFS('Cấu hình điện'!$O:$O,'Test Report'!$A45,'Cấu hình điện'!$K:$K,'Test Report'!G$30) -> 0 | H45: =SUM(B45:G45) -> 4
A46: pacs.009 | B46: =COUNTIFS('Cấu hình điện'!$O:$O,'Test Report'!$A46,'Cấu hình điện'!$K:$K,'Test Report'!B$30) -> 4 | C46: =COUNTIFS('Cấu hình điện'!$O:$O,'Test Report'!$A46,'Cấu hình điện'!$K:$K,'Test Report'!C$30) -> 0 | D46: =COUNTIFS('Cấu hình điện'!$O:$O,'Test Report'!$A46,'Cấu hình điện'!$K:$K,'Test Report'!D$30) -> 0 | E46: =COUNTIFS('Cấu hình điện'!$O:$O,'Test Report'!$A46,'Cấu hình điện'!$K:$K,'Test Report'!E$30) -> 0 | F46: =COUNTIFS('Cấu hình điện'!$O:$O,'Test Report'!$A46,'Cấu hình điện'!$K:$K,'Test Report'!F$30) -> 0 | G46: =COUNTIFS('Cấu hình điện'!$O:$O,'Test Report'!$A46,'Cấu hình điện'!$K:$K,'Test Report'!G$30) -> 0 | H46: =SUM(B46:G46) -> 4
A47: Bàn giao đợt 3 | B47: =SUM(B48:B50) -> 12 | C47: =SUM(C48:C50) -> 0 | D47: =SUM(D48:D50) -> 0 | E47: =SUM(E48:E50) -> 0 | F47: =SUM(F48:F50) -> 0 | G47: =SUM(G48:G50) -> 0 | H47: =SUM(H48:H50) -> 12
A48: MT701 | B48: =COUNTIFS('Cấu hình điện'!$O:$O,'Test Report'!$A48,'Cấu hình điện'!$K:$K,'Test Report'!B$30) -> 4 | C48: =COUNTIFS('Cấu hình điện'!$O:$O,'Test Report'!$A48,'Cấu hình điện'!$K:$K,'Test Report'!C$30) -> 0 | D48: =COUNTIFS('Cấu hình điện'!$O:$O,'Test Report'!$A48,'Cấu hình điện'!$K:$K,'Test Report'!D$30) -> 0 | E48: =COUNTIFS('Cấu hình điện'!$O:$O,'Test Report'!$A48,'Cấu hình điện'!$K:$K,'Test Report'!E$30) -> 0 | F48: =COUNTIFS('Cấu hình điện'!$O:$O,'Test Report'!$A48,'Cấu hình điện'!$K:$K,'Test Report'!F$30) -> 0 | G48: =COUNTIFS('Cấu hình điện'!$O:$O,'Test Report'!$A48,'Cấu hình điện'!$K:$K,'Test Report'!G$30) -> 0 | H48: =SUM(B48:G48) -> 4
A49: MT742 | B49: =COUNTIFS('Cấu hình điện'!$O:$O,'Test Report'!$A49,'Cấu hình điện'!$K:$K,'Test Report'!B$30) -> 4 | C49: =COUNTIFS('Cấu hình điện'!$O:$O,'Test Report'!$A49,'Cấu hình điện'!$K:$K,'Test Report'!C$30) -> 0 | D49: =COUNTIFS('Cấu hình điện'!$O:$O,'Test Report'!$A49,'Cấu hình điện'!$K:$K,'Test Report'!D$30) -> 0 | E49: =COUNTIFS('Cấu hình điện'!$O:$O,'Test Report'!$A49,'Cấu hình điện'!$K:$K,'Test Report'!E$30) -> 0 | F49: =COUNTIFS('Cấu hình điện'!$O:$O,'Test Report'!$A49,'Cấu hình điện'!$K:$K,'Test Report'!F$30) -> 0 | G49: =COUNTIFS('Cấu hình điện'!$O:$O,'Test Report'!$A49,'Cấu hình điện'!$K:$K,'Test Report'!G$30) -> 0 | H49: =SUM(B49:G49) -> 4
A50: MT747 | B50: =COUNTIFS('Cấu hình điện'!$O:$O,'Test Report'!$A50,'Cấu hình điện'!$K:$K,'Test Report'!B$30) -> 4 | C50: =COUNTIFS('Cấu hình điện'!$O:$O,'Test Report'!$A50,'Cấu hình điện'!$K:$K,'Test Report'!C$30) -> 0 | D50: =COUNTIFS('Cấu hình điện'!$O:$O,'Test Report'!$A50,'Cấu hình điện'!$K:$K,'Test Report'!D$30) -> 0 | E50: =COUNTIFS('Cấu hình điện'!$O:$O,'Test Report'!$A50,'Cấu hình điện'!$K:$K,'Test Report'!E$30) -> 0 | F50: =COUNTIFS('Cấu hình điện'!$O:$O,'Test Report'!$A50,'Cấu hình điện'!$K:$K,'Test Report'!F$30) -> 0 | G50: =COUNTIFS('Cấu hình điện'!$O:$O,'Test Report'!$A50,'Cấu hình điện'!$K:$K,'Test Report'!G$30) -> 0 | H50: =SUM(B50:G50) -> 4
A51: Bàn giao đợt 4 | B51: =SUM(B52:B55) -> 12 | C51: =SUM(C52:C55) -> 0 | D51: =SUM(D52:D55) -> 0 | E51: =SUM(E52:E55) -> 0 | F51: =SUM(F52:F55) -> 0 | G51: =SUM(G52:G55) -> 0 | H51: =SUM(H52:H55) -> 12
A52: pacs.004 | B52: =COUNTIFS('Cấu hình điện'!$O:$O,'Test Report'!$A52,'Cấu hình điện'!$K:$K,'Test Report'!B$30) -> 4 | C52: =COUNTIFS('Cấu hình điện'!$O:$O,'Test Report'!$A52,'Cấu hình điện'!$K:$K,'Test Report'!C$30) -> 0 | D52: =COUNTIFS('Cấu hình điện'!$O:$O,'Test Report'!$A52,'Cấu hình điện'!$K:$K,'Test Report'!D$30) -> 0 | E52: =COUNTIFS('Cấu hình điện'!$O:$O,'Test Report'!$A52,'Cấu hình điện'!$K:$K,'Test Report'!E$30) -> 0 | F52: =COUNTIFS('Cấu hình điện'!$O:$O,'Test Report'!$A52,'Cấu hình điện'!$K:$K,'Test Report'!F$30) -> 0 | G52: =COUNTIFS('Cấu hình điện'!$O:$O,'Test Report'!$A52,'Cấu hình điện'!$K:$K,'Test Report'!G$30) -> 0 | H52: =SUM(B52:G52) -> 4
A53: pacs.009COV | B53: =COUNTIFS('Cấu hình điện'!$O:$O,'Test Report'!$A53,'Cấu hình điện'!$K:$K,'Test Report'!B$30) -> 0 | C53: =COUNTIFS('Cấu hình điện'!$O:$O,'Test Report'!$A53,'Cấu hình điện'!$K:$K,'Test Report'!C$30) -> 0 | D53: =COUNTIFS('Cấu hình điện'!$O:$O,'Test Report'!$A53,'Cấu hình điện'!$K:$K,'Test Report'!D$30) -> 0 | E53: =COUNTIFS('Cấu hình điện'!$O:$O,'Test Report'!$A53,'Cấu hình điện'!$K:$K,'Test Report'!E$30) -> 0 | F53: =COUNTIFS('Cấu hình điện'!$O:$O,'Test Report'!$A53,'Cấu hình điện'!$K:$K,'Test Report'!F$30) -> 0 | G53: =COUNTIFS('Cấu hình điện'!$O:$O,'Test Report'!$A53,'Cấu hình điện'!$K:$K,'Test Report'!G$30) -> 0 | H53: =SUM(B53:G53) -> 0
A54: camt.110 | B54: =COUNTIFS('Cấu hình điện'!$O:$O,'Test Report'!$A54,'Cấu hình điện'!$K:$K,'Test Report'!B$30) -> 4 | C54: =COUNTIFS('Cấu hình điện'!$O:$O,'Test Report'!$A54,'Cấu hình điện'!$K:$K,'Test Report'!C$30) -> 0 | D54: =COUNTIFS('Cấu hình điện'!$O:$O,'Test Report'!$A54,'Cấu hình điện'!$K:$K,'Test Report'!D$30) -> 0 | E54: =COUNTIFS('Cấu hình điện'!$O:$O,'Test Report'!$A54,'Cấu hình điện'!$K:$K,'Test Report'!E$30) -> 0 | F54: =COUNTIFS('Cấu hình điện'!$O:$O,'Test Report'!$A54,'Cấu hình điện'!$K:$K,'Test Report'!F$30) -> 0 | G54: =COUNTIFS('Cấu hình điện'!$O:$O,'Test Report'!$A54,'Cấu hình điện'!$K:$K,'Test Report'!G$30) -> 0 | H54: =SUM(B54:G54) -> 4
A55: camt.111 | B55: =COUNTIFS('Cấu hình điện'!$O:$O,'Test Report'!$A55,'Cấu hình điện'!$K:$K,'Test Report'!B$30) -> 4 | C55: =COUNTIFS('Cấu hình điện'!$O:$O,'Test Report'!$A55,'Cấu hình điện'!$K:$K,'Test Report'!C$30) -> 0 | D55: =COUNTIFS('Cấu hình điện'!$O:$O,'Test Report'!$A55,'Cấu hình điện'!$K:$K,'Test Report'!D$30) -> 0 | E55: =COUNTIFS('Cấu hình điện'!$O:$O,'Test Report'!$A55,'Cấu hình điện'!$K:$K,'Test Report'!E$30) -> 0 | F55: =COUNTIFS('Cấu hình điện'!$O:$O,'Test Report'!$A55,'Cấu hình điện'!$K:$K,'Test Report'!F$30) -> 0 | G55: =COUNTIFS('Cấu hình điện'!$O:$O,'Test Report'!$A55,'Cấu hình điện'!$K:$K,'Test Report'!G$30) -> 0 | H55: =SUM(B55:G55) -> 4
A56: Bàn giao đợt 5 | B56: =SUM(B57:B63) -> 32 | C56: =SUM(C57:C63) -> 0 | D56: =SUM(D57:D63) -> 0 | E56: =SUM(E57:E63) -> 0 | F56: =SUM(F57:F63) -> 0 | G56: =SUM(G57:G63) -> 0 | H56: =SUM(H57:H63) -> 32
A57: MT700 | B57: =COUNTIFS('Cấu hình điện'!$O:$O,'Test Report'!$A57,'Cấu hình điện'!$K:$K,'Test Report'!B$30) -> 5 | C57: =COUNTIFS('Cấu hình điện'!$O:$O,'Test Report'!$A57,'Cấu hình điện'!$K:$K,'Test Report'!C$30) -> 0 | D57: =COUNTIFS('Cấu hình điện'!$O:$O,'Test Report'!$A57,'Cấu hình điện'!$K:$K,'Test Report'!D$30) -> 0 | E57: =COUNTIFS('Cấu hình điện'!$O:$O,'Test Report'!$A57,'Cấu hình điện'!$K:$K,'Test Report'!E$30) -> 0 | F57: =COUNTIFS('Cấu hình điện'!$O:$O,'Test Report'!$A57,'Cấu hình điện'!$K:$K,'Test Report'!F$30) -> 0 | G57: =COUNTIFS('Cấu hình điện'!$O:$O,'Test Report'!$A57,'Cấu hình điện'!$K:$K,'Test Report'!G$30) -> 0 | H57: =SUM(B57:G57) -> 5
A58: MT707 | B58: =COUNTIFS('Cấu hình điện'!$O:$O,'Test Report'!$A58,'Cấu hình điện'!$K:$K,'Test Report'!B$30) -> 5 | C58: =COUNTIFS('Cấu hình điện'!$O:$O,'Test Report'!$A58,'Cấu hình điện'!$K:$K,'Test Report'!C$30) -> 0 | D58: =COUNTIFS('Cấu hình điện'!$O:$O,'Test Report'!$A58,'Cấu hình điện'!$K:$K,'Test Report'!D$30) -> 0 | E58: =COUNTIFS('Cấu hình điện'!$O:$O,'Test Report'!$A58,'Cấu hình điện'!$K:$K,'Test Report'!E$30) -> 0 | F58: =COUNTIFS('Cấu hình điện'!$O:$O,'Test Report'!$A58,'Cấu hình điện'!$K:$K,'Test Report'!F$30) -> 0 | G58: =COUNTIFS('Cấu hình điện'!$O:$O,'Test Report'!$A58,'Cấu hình điện'!$K:$K,'Test Report'!G$30) -> 0 | H58: =SUM(B58:G58) -> 5
A59: MT710 | B59: =COUNTIFS('Cấu hình điện'!$O:$O,'Test Report'!$A59,'Cấu hình điện'!$K:$K,'Test Report'!B$30) -> 5 | C59: =COUNTIFS('Cấu hình điện'!$O:$O,'Test Report'!$A59,'Cấu hình điện'!$K:$K,'Test Report'!C$30) -> 0 | D59: =COUNTIFS('Cấu hình điện'!$O:$O,'Test Report'!$A59,'Cấu hình điện'!$K:$K,'Test Report'!D$30) -> 0 | E59: =COUNTIFS('Cấu hình điện'!$O:$O,'Test Report'!$A59,'Cấu hình điện'!$K:$K,'Test Report'!E$30) -> 0 | F59: =COUNTIFS('Cấu hình điện'!$O:$O,'Test Report'!$A59,'Cấu hình điện'!$K:$K,'Test Report'!F$30) -> 0 | G59: =COUNTIFS('Cấu hình điện'!$O:$O,'Test Report'!$A59,'Cấu hình điện'!$K:$K,'Test Report'!G$30) -> 0 | H59: =SUM(B59:G59) -> 5
A60: MT767 | B60: =COUNTIFS('Cấu hình điện'!$O:$O,'Test Report'!$A60,'Cấu hình điện'!$K:$K,'Test Report'!B$30) -> 4 | C60: =COUNTIFS('Cấu hình điện'!$O:$O,'Test Report'!$A60,'Cấu hình điện'!$K:$K,'Test Report'!C$30) -> 0 | D60: =COUNTIFS('Cấu hình điện'!$O:$O,'Test Report'!$A60,'Cấu hình điện'!$K:$K,'Test Report'!D$30) -> 0 | E60: =COUNTIFS('Cấu hình điện'!$O:$O,'Test Report'!$A60,'Cấu hình điện'!$K:$K,'Test Report'!E$30) -> 0 | F60: =COUNTIFS('Cấu hình điện'!$O:$O,'Test Report'!$A60,'Cấu hình điện'!$K:$K,'Test Report'!F$30) -> 0 | G60: =COUNTIFS('Cấu hình điện'!$O:$O,'Test Report'!$A60,'Cấu hình điện'!$K:$K,'Test Report'!G$30) -> 0 | H60: =SUM(B60:G60) -> 4
A61: MT720 | B61: =COUNTIFS('Cấu hình điện'!$O:$O,'Test Report'!$A61,'Cấu hình điện'!$K:$K,'Test Report'!B$30) -> 5 | C61: =COUNTIFS('Cấu hình điện'!$O:$O,'Test Report'!$A61,'Cấu hình điện'!$K:$K,'Test Report'!C$30) -> 0 | D61: =COUNTIFS('Cấu hình điện'!$O:$O,'Test Report'!$A61,'Cấu hình điện'!$K:$K,'Test Report'!D$30) -> 0 | E61: =COUNTIFS('Cấu hình điện'!$O:$O,'Test Report'!$A61,'Cấu hình điện'!$K:$K,'Test Report'!E$30) -> 0 | F61: =COUNTIFS('Cấu hình điện'!$O:$O,'Test Report'!$A61,'Cấu hình điện'!$K:$K,'Test Report'!F$30) -> 0 | G61: =COUNTIFS('Cấu hình điện'!$O:$O,'Test Report'!$A61,'Cấu hình điện'!$K:$K,'Test Report'!G$30) -> 0 | H61: =SUM(B61:G61) -> 5
A62: MT740 | B62: =COUNTIFS('Cấu hình điện'!$O:$O,'Test Report'!$A62,'Cấu hình điện'!$K:$K,'Test Report'!B$30) -> 4 | C62: =COUNTIFS('Cấu hình điện'!$O:$O,'Test Report'!$A62,'Cấu hình điện'!$K:$K,'Test Report'!C$30) -> 0 | D62: =COUNTIFS('Cấu hình điện'!$O:$O,'Test Report'!$A62,'Cấu hình điện'!$K:$K,'Test Report'!D$30) -> 0 | E62: =COUNTIFS('Cấu hình điện'!$O:$O,'Test Report'!$A62,'Cấu hình điện'!$K:$K,'Test Report'!E$30) -> 0 | F62: =COUNTIFS('Cấu hình điện'!$O:$O,'Test Report'!$A62,'Cấu hình điện'!$K:$K,'Test Report'!F$30) -> 0 | G62: =COUNTIFS('Cấu hình điện'!$O:$O,'Test Report'!$A62,'Cấu hình điện'!$K:$K,'Test Report'!G$30) -> 0 | H62: =SUM(B62:G62) -> 4
A63: MT760 | B63: =COUNTIFS('Cấu hình điện'!$O:$O,'Test Report'!$A63,'Cấu hình điện'!$K:$K,'Test Report'!B$30) -> 4 | C63: =COUNTIFS('Cấu hình điện'!$O:$O,'Test Report'!$A63,'Cấu hình điện'!$K:$K,'Test Report'!C$30) -> 0 | D63: =COUNTIFS('Cấu hình điện'!$O:$O,'Test Report'!$A63,'Cấu hình điện'!$K:$K,'Test Report'!D$30) -> 0 | E63: =COUNTIFS('Cấu hình điện'!$O:$O,'Test Report'!$A63,'Cấu hình điện'!$K:$K,'Test Report'!E$30) -> 0 | F63: =COUNTIFS('Cấu hình điện'!$O:$O,'Test Report'!$A63,'Cấu hình điện'!$K:$K,'Test Report'!F$30) -> 0 | G63: =COUNTIFS('Cấu hình điện'!$O:$O,'Test Report'!$A63,'Cấu hình điện'!$K:$K,'Test Report'!G$30) -> 0 | H63: =SUM(B63:G63) -> 4
A64: Cấu hình chủ thể | B64: =SUM(B65,B71,B79,B83,B88) -> 86 | C64: =SUM(C65,C71,C79,C83,C88) -> 0 | D64: =SUM(D65,D71,D79,D83,D88) -> 0 | E64: =SUM(E65,E71,E79,E83,E88) -> 0 | F64: =SUM(F65,F71,F79,F83,F88) -> 0 | G64: =SUM(G65,G71,G79,G83,G88) -> 26 | H64: =SUM(B64:G64) -> 112
A65: Bàn giao đợt 1 | B65: =SUM(B66:B70) -> 20 | C65: =SUM(C66:C70) -> 0 | D65: =SUM(D66:D70) -> 0 | E65: =SUM(E66:E70) -> 0 | F65: =SUM(F66:F70) -> 0 | G65: =SUM(G66:G70) -> 0 | H65: =SUM(B65:G65) -> 20
A66: MT195 | B66: =COUNTIFS('Cấu hình chủ thể'!$O:$O,'Test Report'!$A66,'Cấu hình chủ thể'!$K:$K,'Test Report'!B$30) -> 4 | C66: =COUNTIFS('Cấu hình chủ thể'!$O:$O,'Test Report'!$A66,'Cấu hình chủ thể'!$K:$K,'Test Report'!C$30) -> 0 | D66: =COUNTIFS('Cấu hình chủ thể'!$O:$O,'Test Report'!$A66,'Cấu hình chủ thể'!$K:$K,'Test Report'!D$30) -> 0 | E66: =COUNTIFS('Cấu hình chủ thể'!$O:$O,'Test Report'!$A66,'Cấu hình chủ thể'!$K:$K,'Test Report'!E$30) -> 0 | F66: =COUNTIFS('Cấu hình chủ thể'!$O:$O,'Test Report'!$A66,'Cấu hình chủ thể'!$K:$K,'Test Report'!F$30) -> 0 | G66: =COUNTIFS('Cấu hình chủ thể'!$O:$O,'Test Report'!$A66,'Cấu hình chủ thể'!$K:$K,'Test Report'!G$30) -> 0 | H66: =SUM(B66:G66) -> 4
A67: MT196 | B67: =COUNTIFS('Cấu hình chủ thể'!$O:$O,'Test Report'!$A67,'Cấu hình chủ thể'!$K:$K,'Test Report'!B$30) -> 4 | C67: =COUNTIFS('Cấu hình chủ thể'!$O:$O,'Test Report'!$A67,'Cấu hình chủ thể'!$K:$K,'Test Report'!C$30) -> 0 | D67: =COUNTIFS('Cấu hình chủ thể'!$O:$O,'Test Report'!$A67,'Cấu hình chủ thể'!$K:$K,'Test Report'!D$30) -> 0 | E67: =COUNTIFS('Cấu hình chủ thể'!$O:$O,'Test Report'!$A67,'Cấu hình chủ thể'!$K:$K,'Test Report'!E$30) -> 0 | F67: =COUNTIFS('Cấu hình chủ thể'!$O:$O,'Test Report'!$A67,'Cấu hình chủ thể'!$K:$K,'Test Report'!F$30) -> 0 | G67: =COUNTIFS('Cấu hình chủ thể'!$O:$O,'Test Report'!$A67,'Cấu hình chủ thể'!$K:$K,'Test Report'!G$30) -> 0 | H67: =SUM(B67:G67) -> 4
A68: MT199 | B68: =COUNTIFS('Cấu hình chủ thể'!$O:$O,'Test Report'!$A68,'Cấu hình chủ thể'!$K:$K,'Test Report'!B$30) -> 4 | C68: =COUNTIFS('Cấu hình chủ thể'!$O:$O,'Test Report'!$A68,'Cấu hình chủ thể'!$K:$K,'Test Report'!C$30) -> 0 | D68: =COUNTIFS('Cấu hình chủ thể'!$O:$O,'Test Report'!$A68,'Cấu hình chủ thể'!$K:$K,'Test Report'!D$30) -> 0 | E68: =COUNTIFS('Cấu hình chủ thể'!$O:$O,'Test Report'!$A68,'Cấu hình chủ thể'!$K:$K,'Test Report'!E$30) -> 0 | F68: =COUNTIFS('Cấu hình chủ thể'!$O:$O,'Test Report'!$A68,'Cấu hình chủ thể'!$K:$K,'Test Report'!F$30) -> 0 | G68: =COUNTIFS('Cấu hình chủ thể'!$O:$O,'Test Report'!$A68,'Cấu hình chủ thể'!$K:$K,'Test Report'!G$30) -> 0 | H68: =SUM(B68:G68) -> 4
A69: MT295 | B69: =COUNTIFS('Cấu hình chủ thể'!$O:$O,'Test Report'!$A69,'Cấu hình chủ thể'!$K:$K,'Test Report'!B$30) -> 4 | C69: =COUNTIFS('Cấu hình chủ thể'!$O:$O,'Test Report'!$A69,'Cấu hình chủ thể'!$K:$K,'Test Report'!C$30) -> 0 | D69: =COUNTIFS('Cấu hình chủ thể'!$O:$O,'Test Report'!$A69,'Cấu hình chủ thể'!$K:$K,'Test Report'!D$30) -> 0 | E69: =COUNTIFS('Cấu hình chủ thể'!$O:$O,'Test Report'!$A69,'Cấu hình chủ thể'!$K:$K,'Test Report'!E$30) -> 0 | F69: =COUNTIFS('Cấu hình chủ thể'!$O:$O,'Test Report'!$A69,'Cấu hình chủ thể'!$K:$K,'Test Report'!F$30) -> 0 | G69: =COUNTIFS('Cấu hình chủ thể'!$O:$O,'Test Report'!$A69,'Cấu hình chủ thể'!$K:$K,'Test Report'!G$30) -> 0 | H69: =SUM(B69:G69) -> 4
A70: MT296 | B70: =COUNTIFS('Cấu hình chủ thể'!$O:$O,'Test Report'!$A70,'Cấu hình chủ thể'!$K:$K,'Test Report'!B$30) -> 4 | C70: =COUNTIFS('Cấu hình chủ thể'!$O:$O,'Test Report'!$A70,'Cấu hình chủ thể'!$K:$K,'Test Report'!C$30) -> 0 | D70: =COUNTIFS('Cấu hình chủ thể'!$O:$O,'Test Report'!$A70,'Cấu hình chủ thể'!$K:$K,'Test Report'!D$30) -> 0 | E70: =COUNTIFS('Cấu hình chủ thể'!$O:$O,'Test Report'!$A70,'Cấu hình chủ thể'!$K:$K,'Test Report'!E$30) -> 0 | F70: =COUNTIFS('Cấu hình chủ thể'!$O:$O,'Test Report'!$A70,'Cấu hình chủ thể'!$K:$K,'Test Report'!F$30) -> 0 | G70: =COUNTIFS('Cấu hình chủ thể'!$O:$O,'Test Report'!$A70,'Cấu hình chủ thể'!$K:$K,'Test Report'!G$30) -> 0 | H70: =SUM(B70:G70) -> 4
A71: Bàn giao đợt 2 | B71: =SUM(B72:B78) -> 25 | C71: =SUM(C72:C78) -> 0 | D71: =SUM(D72:D78) -> 0 | E71: =SUM(E72:E78) -> 0 | F71: =SUM(F72:F78) -> 0 | G71: =SUM(G72:G78) -> 7 | H71: =SUM(H72:H78) -> 32
A72: MT299 | B72: =COUNTIFS('Cấu hình chủ thể'!$O:$O,'Test Report'!$A72,'Cấu hình chủ thể'!$K:$K,'Test Report'!B$30) -> 4 | C72: =COUNTIFS('Cấu hình chủ thể'!$O:$O,'Test Report'!$A72,'Cấu hình chủ thể'!$K:$K,'Test Report'!C$30) -> 0 | D72: =COUNTIFS('Cấu hình chủ thể'!$O:$O,'Test Report'!$A72,'Cấu hình chủ thể'!$K:$K,'Test Report'!D$30) -> 0 | E72: =COUNTIFS('Cấu hình chủ thể'!$O:$O,'Test Report'!$A72,'Cấu hình chủ thể'!$K:$K,'Test Report'!E$30) -> 0 | F72: =COUNTIFS('Cấu hình chủ thể'!$O:$O,'Test Report'!$A72,'Cấu hình chủ thể'!$K:$K,'Test Report'!F$30) -> 0 | G72: =COUNTIFS('Cấu hình chủ thể'!$O:$O,'Test Report'!$A72,'Cấu hình chủ thể'!$K:$K,'Test Report'!G$30) -> 0 | H72: =SUM(B72:G72) -> 4
A73: pacs.008 | B73: =COUNTIFS('Cấu hình chủ thể'!$O:$O,'Test Report'!$A73,'Cấu hình chủ thể'!$K:$K,'Test Report'!B$30) -> 0 | C73: =COUNTIFS('Cấu hình chủ thể'!$O:$O,'Test Report'!$A73,'Cấu hình chủ thể'!$K:$K,'Test Report'!C$30) -> 0 | D73: =COUNTIFS('Cấu hình chủ thể'!$O:$O,'Test Report'!$A73,'Cấu hình chủ thể'!$K:$K,'Test Report'!D$30) -> 0 | E73: =COUNTIFS('Cấu hình chủ thể'!$O:$O,'Test Report'!$A73,'Cấu hình chủ thể'!$K:$K,'Test Report'!E$30) -> 0 | F73: =COUNTIFS('Cấu hình chủ thể'!$O:$O,'Test Report'!$A73,'Cấu hình chủ thể'!$K:$K,'Test Report'!F$30) -> 0 | G73: =COUNTIFS('Cấu hình chủ thể'!$O:$O,'Test Report'!$A73,'Cấu hình chủ thể'!$K:$K,'Test Report'!G$30) -> 6 | H73: =SUM(B73:G73) -> 6
A74: MT499 | B74: =COUNTIFS('Cấu hình chủ thể'!$O:$O,'Test Report'!$A74,'Cấu hình chủ thể'!$K:$K,'Test Report'!B$30) -> 4 | C74: =COUNTIFS('Cấu hình chủ thể'!$O:$O,'Test Report'!$A74,'Cấu hình chủ thể'!$K:$K,'Test Report'!C$30) -> 0 | D74: =COUNTIFS('Cấu hình chủ thể'!$O:$O,'Test Report'!$A74,'Cấu hình chủ thể'!$K:$K,'Test Report'!D$30) -> 0 | E74: =COUNTIFS('Cấu hình chủ thể'!$O:$O,'Test Report'!$A74,'Cấu hình chủ thể'!$K:$K,'Test Report'!E$30) -> 0 | F74: =COUNTIFS('Cấu hình chủ thể'!$O:$O,'Test Report'!$A74,'Cấu hình chủ thể'!$K:$K,'Test Report'!F$30) -> 0 | G74: =COUNTIFS('Cấu hình chủ thể'!$O:$O,'Test Report'!$A74,'Cấu hình chủ thể'!$K:$K,'Test Report'!G$30) -> 0 | H74: =SUM(B74:G74) -> 4
A75: MT711 | B75: =COUNTIFS('Cấu hình chủ thể'!$O:$O,'Test Report'!$A75,'Cấu hình chủ thể'!$K:$K,'Test Report'!B$30) -> 3 | C75: =COUNTIFS('Cấu hình chủ thể'!$O:$O,'Test Report'!$A75,'Cấu hình chủ thể'!$K:$K,'Test Report'!C$30) -> 0 | D75: =COUNTIFS('Cấu hình chủ thể'!$O:$O,'Test Report'!$A75,'Cấu hình chủ thể'!$K:$K,'Test Report'!D$30) -> 0 | E75: =COUNTIFS('Cấu hình chủ thể'!$O:$O,'Test Report'!$A75,'Cấu hình chủ thể'!$K:$K,'Test Report'!E$30) -> 0 | F75: =COUNTIFS('Cấu hình chủ thể'!$O:$O,'Test Report'!$A75,'Cấu hình chủ thể'!$K:$K,'Test Report'!F$30) -> 0 | G75: =COUNTIFS('Cấu hình chủ thể'!$O:$O,'Test Report'!$A75,'Cấu hình chủ thể'!$K:$K,'Test Report'!G$30) -> 1 | H75: =SUM(B75:G75) -> 4
A76: MT799 | B76: =COUNTIFS('Cấu hình chủ thể'!$O:$O,'Test Report'!$A76,'Cấu hình chủ thể'!$K:$K,'Test Report'!B$30) -> 4 | C76: =COUNTIFS('Cấu hình chủ thể'!$O:$O,'Test Report'!$A76,'Cấu hình chủ thể'!$K:$K,'Test Report'!C$30) -> 0 | D76: =COUNTIFS('Cấu hình chủ thể'!$O:$O,'Test Report'!$A76,'Cấu hình chủ thể'!$K:$K,'Test Report'!D$30) -> 0 | E76: =COUNTIFS('Cấu hình chủ thể'!$O:$O,'Test Report'!$A76,'Cấu hình chủ thể'!$K:$K,'Test Report'!E$30) -> 0 | F76: =COUNTIFS('Cấu hình chủ thể'!$O:$O,'Test Report'!$A76,'Cấu hình chủ thể'!$K:$K,'Test Report'!F$30) -> 0 | G76: =COUNTIFS('Cấu hình chủ thể'!$O:$O,'Test Report'!$A76,'Cấu hình chủ thể'!$K:$K,'Test Report'!G$30) -> 0 | H76: =SUM(B76:G76) -> 4
A77: MT999 | B77: =COUNTIFS('Cấu hình chủ thể'!$O:$O,'Test Report'!$A77,'Cấu hình chủ thể'!$K:$K,'Test Report'!B$30) -> 4 | C77: =COUNTIFS('Cấu hình chủ thể'!$O:$O,'Test Report'!$A77,'Cấu hình chủ thể'!$K:$K,'Test Report'!C$30) -> 0 | D77: =COUNTIFS('Cấu hình chủ thể'!$O:$O,'Test Report'!$A77,'Cấu hình chủ thể'!$K:$K,'Test Report'!D$30) -> 0 | E77: =COUNTIFS('Cấu hình chủ thể'!$O:$O,'Test Report'!$A77,'Cấu hình chủ thể'!$K:$K,'Test Report'!E$30) -> 0 | F77: =COUNTIFS('Cấu hình chủ thể'!$O:$O,'Test Report'!$A77,'Cấu hình chủ thể'!$K:$K,'Test Report'!F$30) -> 0 | G77: =COUNTIFS('Cấu hình chủ thể'!$O:$O,'Test Report'!$A77,'Cấu hình chủ thể'!$K:$K,'Test Report'!G$30) -> 0 | H77: =SUM(B77:G77) -> 4
A78: pacs.009 | B78: =COUNTIFS('Cấu hình chủ thể'!$O:$O,'Test Report'!$A78,'Cấu hình chủ thể'!$K:$K,'Test Report'!B$30) -> 6 | C78: =COUNTIFS('Cấu hình chủ thể'!$O:$O,'Test Report'!$A78,'Cấu hình chủ thể'!$K:$K,'Test Report'!C$30) -> 0 | D78: =COUNTIFS('Cấu hình chủ thể'!$O:$O,'Test Report'!$A78,'Cấu hình chủ thể'!$K:$K,'Test Report'!D$30) -> 0 | E78: =COUNTIFS('Cấu hình chủ thể'!$O:$O,'Test Report'!$A78,'Cấu hình chủ thể'!$K:$K,'Test Report'!E$30) -> 0 | F78: =COUNTIFS('Cấu hình chủ thể'!$O:$O,'Test Report'!$A78,'Cấu hình chủ thể'!$K:$K,'Test Report'!F$30) -> 0 | G78: =COUNTIFS('Cấu hình chủ thể'!$O:$O,'Test Report'!$A78,'Cấu hình chủ thể'!$K:$K,'Test Report'!G$30) -> 0 | H78: =SUM(B78:G78) -> 6
A79: Bàn giao đợt 3 | B79: =SUM(B80:B82) -> 10 | C79: =SUM(C80:C82) -> 0 | D79: =SUM(D80:D82) -> 0 | E79: =SUM(E80:E82) -> 0 | F79: =SUM(F80:F82) -> 0 | G79: =SUM(G80:G82) -> 1 | H79: =SUM(H80:H82) -> 11
A80: MT701 | B80: =COUNTIFS('Cấu hình chủ thể'!$O:$O,'Test Report'!$A80,'Cấu hình chủ thể'!$K:$K,'Test Report'!B$30) -> 4 | C80: =COUNTIFS('Cấu hình chủ thể'!$O:$O,'Test Report'!$A80,'Cấu hình chủ thể'!$K:$K,'Test Report'!C$30) -> 0 | D80: =COUNTIFS('Cấu hình chủ thể'!$O:$O,'Test Report'!$A80,'Cấu hình chủ thể'!$K:$K,'Test Report'!D$30) -> 0 | E80: =COUNTIFS('Cấu hình chủ thể'!$O:$O,'Test Report'!$A80,'Cấu hình chủ thể'!$K:$K,'Test Report'!E$30) -> 0 | F80: =COUNTIFS('Cấu hình chủ thể'!$O:$O,'Test Report'!$A80,'Cấu hình chủ thể'!$K:$K,'Test Report'!F$30) -> 0 | G80: =COUNTIFS('Cấu hình chủ thể'!$O:$O,'Test Report'!$A80,'Cấu hình chủ thể'!$K:$K,'Test Report'!G$30) -> 1 | H80: =SUM(B80:G80) -> 5
A81: MT742 | B81: =COUNTIFS('Cấu hình chủ thể'!$O:$O,'Test Report'!$A81,'Cấu hình chủ thể'!$K:$K,'Test Report'!B$30) -> 3 | C81: =COUNTIFS('Cấu hình chủ thể'!$O:$O,'Test Report'!$A81,'Cấu hình chủ thể'!$K:$K,'Test Report'!C$30) -> 0 | D81: =COUNTIFS('Cấu hình chủ thể'!$O:$O,'Test Report'!$A81,'Cấu hình chủ thể'!$K:$K,'Test Report'!D$30) -> 0 | E81: =COUNTIFS('Cấu hình chủ thể'!$O:$O,'Test Report'!$A81,'Cấu hình chủ thể'!$K:$K,'Test Report'!E$30) -> 0 | F81: =COUNTIFS('Cấu hình chủ thể'!$O:$O,'Test Report'!$A81,'Cấu hình chủ thể'!$K:$K,'Test Report'!F$30) -> 0 | G81: =COUNTIFS('Cấu hình chủ thể'!$O:$O,'Test Report'!$A81,'Cấu hình chủ thể'!$K:$K,'Test Report'!G$30) -> 0 | H81: =SUM(B81:G81) -> 3
A82: MT747 | B82: =COUNTIFS('Cấu hình chủ thể'!$O:$O,'Test Report'!$A82,'Cấu hình chủ thể'!$K:$K,'Test Report'!B$30) -> 3 | C82: =COUNTIFS('Cấu hình chủ thể'!$O:$O,'Test Report'!$A82,'Cấu hình chủ thể'!$K:$K,'Test Report'!C$30) -> 0 | D82: =COUNTIFS('Cấu hình chủ thể'!$O:$O,'Test Report'!$A82,'Cấu hình chủ thể'!$K:$K,'Test Report'!D$30) -> 0 | E82: =COUNTIFS('Cấu hình chủ thể'!$O:$O,'Test Report'!$A82,'Cấu hình chủ thể'!$K:$K,'Test Report'!E$30) -> 0 | F82: =COUNTIFS('Cấu hình chủ thể'!$O:$O,'Test Report'!$A82,'Cấu hình chủ thể'!$K:$K,'Test Report'!F$30) -> 0 | G82: =COUNTIFS('Cấu hình chủ thể'!$O:$O,'Test Report'!$A82,'Cấu hình chủ thể'!$K:$K,'Test Report'!G$30) -> 0 | H82: =SUM(B82:G82) -> 3
A83: Bàn giao đợt 4 | B83: =SUM(B84:B87) -> 0 | C83: =SUM(C84:C87) -> 0 | D83: =SUM(D84:D87) -> 0 | E83: =SUM(E84:E87) -> 0 | F83: =SUM(F84:F87) -> 0 | G83: =SUM(G84:G87) -> 14 | H83: =SUM(H84:H87) -> 14
A84: pacs.004 | B84: =COUNTIFS('Cấu hình chủ thể'!$O:$O,'Test Report'!$A84,'Cấu hình chủ thể'!$K:$K,'Test Report'!B$30) -> 0 | C84: =COUNTIFS('Cấu hình chủ thể'!$O:$O,'Test Report'!$A84,'Cấu hình chủ thể'!$K:$K,'Test Report'!C$30) -> 0 | D84: =COUNTIFS('Cấu hình chủ thể'!$O:$O,'Test Report'!$A84,'Cấu hình chủ thể'!$K:$K,'Test Report'!D$30) -> 0 | E84: =COUNTIFS('Cấu hình chủ thể'!$O:$O,'Test Report'!$A84,'Cấu hình chủ thể'!$K:$K,'Test Report'!E$30) -> 0 | F84: =COUNTIFS('Cấu hình chủ thể'!$O:$O,'Test Report'!$A84,'Cấu hình chủ thể'!$K:$K,'Test Report'!F$30) -> 0 | G84: =COUNTIFS('Cấu hình chủ thể'!$O:$O,'Test Report'!$A84,'Cấu hình chủ thể'!$K:$K,'Test Report'!G$30) -> 6 | H84: =SUM(B84:G84) -> 6
A85: pacs.009COV | B85: =COUNTIFS('Cấu hình chủ thể'!$O:$O,'Test Report'!$A85,'Cấu hình chủ thể'!$K:$K,'Test Report'!B$30) -> 0 | C85: =COUNTIFS('Cấu hình chủ thể'!$O:$O,'Test Report'!$A85,'Cấu hình chủ thể'!$K:$K,'Test Report'!C$30) -> 0 | D85: =COUNTIFS('Cấu hình chủ thể'!$O:$O,'Test Report'!$A85,'Cấu hình chủ thể'!$K:$K,'Test Report'!D$30) -> 0 | E85: =COUNTIFS('Cấu hình chủ thể'!$O:$O,'Test Report'!$A85,'Cấu hình chủ thể'!$K:$K,'Test Report'!E$30) -> 0 | F85: =COUNTIFS('Cấu hình chủ thể'!$O:$O,'Test Report'!$A85,'Cấu hình chủ thể'!$K:$K,'Test Report'!F$30) -> 0 | G85: =COUNTIFS('Cấu hình chủ thể'!$O:$O,'Test Report'!$A85,'Cấu hình chủ thể'!$K:$K,'Test Report'!G$30) -> 0 | H85: =SUM(B85:G85) -> 0
A86: camt.110 | B86: =COUNTIFS('Cấu hình chủ thể'!$O:$O,'Test Report'!$A86,'Cấu hình chủ thể'!$K:$K,'Test Report'!B$30) -> 0 | C86: =COUNTIFS('Cấu hình chủ thể'!$O:$O,'Test Report'!$A86,'Cấu hình chủ thể'!$K:$K,'Test Report'!C$30) -> 0 | D86: =COUNTIFS('Cấu hình chủ thể'!$O:$O,'Test Report'!$A86,'Cấu hình chủ thể'!$K:$K,'Test Report'!D$30) -> 0 | E86: =COUNTIFS('Cấu hình chủ thể'!$O:$O,'Test Report'!$A86,'Cấu hình chủ thể'!$K:$K,'Test Report'!E$30) -> 0 | F86: =COUNTIFS('Cấu hình chủ thể'!$O:$O,'Test Report'!$A86,'Cấu hình chủ thể'!$K:$K,'Test Report'!F$30) -> 0 | G86: =COUNTIFS('Cấu hình chủ thể'!$O:$O,'Test Report'!$A86,'Cấu hình chủ thể'!$K:$K,'Test Report'!G$30) -> 4 | H86: =SUM(B86:G86) -> 4
A87: camt.111 | B87: =COUNTIFS('Cấu hình chủ thể'!$O:$O,'Test Report'!$A87,'Cấu hình chủ thể'!$K:$K,'Test Report'!B$30) -> 0 | C87: =COUNTIFS('Cấu hình chủ thể'!$O:$O,'Test Report'!$A87,'Cấu hình chủ thể'!$K:$K,'Test Report'!C$30) -> 0 | D87: =COUNTIFS('Cấu hình chủ thể'!$O:$O,'Test Report'!$A87,'Cấu hình chủ thể'!$K:$K,'Test Report'!D$30) -> 0 | E87: =COUNTIFS('Cấu hình chủ thể'!$O:$O,'Test Report'!$A87,'Cấu hình chủ thể'!$K:$K,'Test Report'!E$30) -> 0 | F87: =COUNTIFS('Cấu hình chủ thể'!$O:$O,'Test Report'!$A87,'Cấu hình chủ thể'!$K:$K,'Test Report'!F$30) -> 0 | G87: =COUNTIFS('Cấu hình chủ thể'!$O:$O,'Test Report'!$A87,'Cấu hình chủ thể'!$K:$K,'Test Report'!G$30) -> 4 | H87: =SUM(B87:G87) -> 4
A88: Bàn giao đợt 5 | B88: =SUM(B89:B95) -> 31 | C88: =SUM(C89:C95) -> 0 | D88: =SUM(D89:D95) -> 0 | E88: =SUM(E89:E95) -> 0 | F88: =SUM(F89:F95) -> 0 | G88: =SUM(G89:G95) -> 4 | H88: =SUM(H89:H95) -> 35
A89: MT700 | B89: =COUNTIFS('Cấu hình chủ thể'!$O:$O,'Test Report'!$A89,'Cấu hình chủ thể'!$K:$K,'Test Report'!B$30) -> 5 | C89: =COUNTIFS('Cấu hình chủ thể'!$O:$O,'Test Report'!$A89,'Cấu hình chủ thể'!$K:$K,'Test Report'!C$30) -> 0 | D89: =COUNTIFS('Cấu hình chủ thể'!$O:$O,'Test Report'!$A89,'Cấu hình chủ thể'!$K:$K,'Test Report'!D$30) -> 0 | E89: =COUNTIFS('Cấu hình chủ thể'!$O:$O,'Test Report'!$A89,'Cấu hình chủ thể'!$K:$K,'Test Report'!E$30) -> 0 | F89: =COUNTIFS('Cấu hình chủ thể'!$O:$O,'Test Report'!$A89,'Cấu hình chủ thể'!$K:$K,'Test Report'!F$30) -> 0 | G89: =COUNTIFS('Cấu hình chủ thể'!$O:$O,'Test Report'!$A89,'Cấu hình chủ thể'!$K:$K,'Test Report'!G$30) -> 1 | H89: =SUM(B89:G89) -> 6
A90: MT707 | B90: =COUNTIFS('Cấu hình chủ thể'!$O:$O,'Test Report'!$A90,'Cấu hình chủ thể'!$K:$K,'Test Report'!B$30) -> 5 | C90: =COUNTIFS('Cấu hình chủ thể'!$O:$O,'Test Report'!$A90,'Cấu hình chủ thể'!$K:$K,'Test Report'!C$30) -> 0 | D90: =COUNTIFS('Cấu hình chủ thể'!$O:$O,'Test Report'!$A90,'Cấu hình chủ thể'!$K:$K,'Test Report'!D$30) -> 0 | E90: =COUNTIFS('Cấu hình chủ thể'!$O:$O,'Test Report'!$A90,'Cấu hình chủ thể'!$K:$K,'Test Report'!E$30) -> 0 | F90: =COUNTIFS('Cấu hình chủ thể'!$O:$O,'Test Report'!$A90,'Cấu hình chủ thể'!$K:$K,'Test Report'!F$30) -> 0 | G90: =COUNTIFS('Cấu hình chủ thể'!$O:$O,'Test Report'!$A90,'Cấu hình chủ thể'!$K:$K,'Test Report'!G$30) -> 1 | H90: =SUM(B90:G90) -> 6
A91: MT710 | B91: =COUNTIFS('Cấu hình chủ thể'!$O:$O,'Test Report'!$A91,'Cấu hình chủ thể'!$K:$K,'Test Report'!B$30) -> 5 | C91: =COUNTIFS('Cấu hình chủ thể'!$O:$O,'Test Report'!$A91,'Cấu hình chủ thể'!$K:$K,'Test Report'!C$30) -> 0 | D91: =COUNTIFS('Cấu hình chủ thể'!$O:$O,'Test Report'!$A91,'Cấu hình chủ thể'!$K:$K,'Test Report'!D$30) -> 0 | E91: =COUNTIFS('Cấu hình chủ thể'!$O:$O,'Test Report'!$A91,'Cấu hình chủ thể'!$K:$K,'Test Report'!E$30) -> 0 | F91: =COUNTIFS('Cấu hình chủ thể'!$O:$O,'Test Report'!$A91,'Cấu hình chủ thể'!$K:$K,'Test Report'!F$30) -> 0 | G91: =COUNTIFS('Cấu hình chủ thể'!$O:$O,'Test Report'!$A91,'Cấu hình chủ thể'!$K:$K,'Test Report'!G$30) -> 1 | H91: =SUM(B91:G91) -> 6
A92: MT767 | B92: =COUNTIFS('Cấu hình chủ thể'!$O:$O,'Test Report'!$A92,'Cấu hình chủ thể'!$K:$K,'Test Report'!B$30) -> 4 | C92: =COUNTIFS('Cấu hình chủ thể'!$O:$O,'Test Report'!$A92,'Cấu hình chủ thể'!$K:$K,'Test Report'!C$30) -> 0 | D92: =COUNTIFS('Cấu hình chủ thể'!$O:$O,'Test Report'!$A92,'Cấu hình chủ thể'!$K:$K,'Test Report'!D$30) -> 0 | E92: =COUNTIFS('Cấu hình chủ thể'!$O:$O,'Test Report'!$A92,'Cấu hình chủ thể'!$K:$K,'Test Report'!E$30) -> 0 | F92: =COUNTIFS('Cấu hình chủ thể'!$O:$O,'Test Report'!$A92,'Cấu hình chủ thể'!$K:$K,'Test Report'!F$30) -> 0 | G92: =COUNTIFS('Cấu hình chủ thể'!$O:$O,'Test Report'!$A92,'Cấu hình chủ thể'!$K:$K,'Test Report'!G$30) -> 0 | H92: =SUM(B92:G92) -> 4
A93: MT720 | B93: =COUNTIFS('Cấu hình chủ thể'!$O:$O,'Test Report'!$A93,'Cấu hình chủ thể'!$K:$K,'Test Report'!B$30) -> 5 | C93: =COUNTIFS('Cấu hình chủ thể'!$O:$O,'Test Report'!$A93,'Cấu hình chủ thể'!$K:$K,'Test Report'!C$30) -> 0 | D93: =COUNTIFS('Cấu hình chủ thể'!$O:$O,'Test Report'!$A93,'Cấu hình chủ thể'!$K:$K,'Test Report'!D$30) -> 0 | E93: =COUNTIFS('Cấu hình chủ thể'!$O:$O,'Test Report'!$A93,'Cấu hình chủ thể'!$K:$K,'Test Report'!E$30) -> 0 | F93: =COUNTIFS('Cấu hình chủ thể'!$O:$O,'Test Report'!$A93,'Cấu hình chủ thể'!$K:$K,'Test Report'!F$30) -> 0 | G93: =COUNTIFS('Cấu hình chủ thể'!$O:$O,'Test Report'!$A93,'Cấu hình chủ thể'!$K:$K,'Test Report'!G$30) -> 1 | H93: =SUM(B93:G93) -> 6
A94: MT740 | B94: =COUNTIFS('Cấu hình chủ thể'!$O:$O,'Test Report'!$A94,'Cấu hình chủ thể'!$K:$K,'Test Report'!B$30) -> 3 | C94: =COUNTIFS('Cấu hình chủ thể'!$O:$O,'Test Report'!$A94,'Cấu hình chủ thể'!$K:$K,'Test Report'!C$30) -> 0 | D94: =COUNTIFS('Cấu hình chủ thể'!$O:$O,'Test Report'!$A94,'Cấu hình chủ thể'!$K:$K,'Test Report'!D$30) -> 0 | E94: =COUNTIFS('Cấu hình chủ thể'!$O:$O,'Test Report'!$A94,'Cấu hình chủ thể'!$K:$K,'Test Report'!E$30) -> 0 | F94: =COUNTIFS('Cấu hình chủ thể'!$O:$O,'Test Report'!$A94,'Cấu hình chủ thể'!$K:$K,'Test Report'!F$30) -> 0 | G94: =COUNTIFS('Cấu hình chủ thể'!$O:$O,'Test Report'!$A94,'Cấu hình chủ thể'!$K:$K,'Test Report'!G$30) -> 0 | H94: =SUM(B94:G94) -> 3
A95: MT760 | B95: =COUNTIFS('Cấu hình chủ thể'!$O:$O,'Test Report'!$A95,'Cấu hình chủ thể'!$K:$K,'Test Report'!B$30) -> 4 | C95: =COUNTIFS('Cấu hình chủ thể'!$O:$O,'Test Report'!$A95,'Cấu hình chủ thể'!$K:$K,'Test Report'!C$30) -> 0 | D95: =COUNTIFS('Cấu hình chủ thể'!$O:$O,'Test Report'!$A95,'Cấu hình chủ thể'!$K:$K,'Test Report'!D$30) -> 0 | E95: =COUNTIFS('Cấu hình chủ thể'!$O:$O,'Test Report'!$A95,'Cấu hình chủ thể'!$K:$K,'Test Report'!E$30) -> 0 | F95: =COUNTIFS('Cấu hình chủ thể'!$O:$O,'Test Report'!$A95,'Cấu hình chủ thể'!$K:$K,'Test Report'!F$30) -> 0 | G95: =COUNTIFS('Cấu hình chủ thể'!$O:$O,'Test Report'!$A95,'Cấu hình chủ thể'!$K:$K,'Test Report'!G$30) -> 0 | H95: =SUM(B95:G95) -> 4
A96: Sàng lọc điện | B96: =SUM(B97,B103,B111,B115,B120) -> 97 | C96: =SUM(C97,C103,C111,C115,C120) -> 1 | D96: =SUM(D97,D103,D111,D115,D120) -> 0 | E96: =SUM(E97,E103,E111,E115,E120) -> 0 | F96: =SUM(F97,F103,F111,F115,F120) -> 0 | G96: =SUM(G97,G103,G111,G115,G120) -> 25 | H96: =SUM(B96:G96) -> 123
A97: Bàn giao đợt 1 | B97: =SUM(B98:B102) -> 15 | C97: =SUM(C98:C102) -> 0 | D97: =SUM(D98:D102) -> 0 | E97: =SUM(E98:E102) -> 0 | F97: =SUM(F98:F102) -> 0 | G97: =SUM(G98:G102) -> 4 | H97: =SUM(B97:G97) -> 19
A98: MT195 | B98: =COUNTIFS('Sàng lọc điện'!$A:$A,'Test Report'!$A98,'Sàng lọc điện'!$K:$K,'Test Report'!B$30) -> 3 | C98: =COUNTIFS('Sàng lọc điện'!$A:$A,'Test Report'!$A98,'Sàng lọc điện'!$K:$K,'Test Report'!C$30) -> 0 | D98: =COUNTIFS('Sàng lọc điện'!$A:$A,'Test Report'!$A98,'Sàng lọc điện'!$K:$K,'Test Report'!D$30) -> 0 | E98: =COUNTIFS('Sàng lọc điện'!$A:$A,'Test Report'!$A98,'Sàng lọc điện'!$K:$K,'Test Report'!E$30) -> 0 | F98: =COUNTIFS('Sàng lọc điện'!$A:$A,'Test Report'!$A98,'Sàng lọc điện'!$K:$K,'Test Report'!F$30) -> 0 | G98: =COUNTIFS('Sàng lọc điện'!$A:$A,'Test Report'!$A98,'Sàng lọc điện'!$K:$K,'Test Report'!G$30) -> 1 | H98: =SUM(B98:G98) -> 4
A99: MT196 | B99: =COUNTIFS('Sàng lọc điện'!$A:$A,'Test Report'!$A99,'Sàng lọc điện'!$K:$K,'Test Report'!B$30) -> 3 | C99: =COUNTIFS('Sàng lọc điện'!$A:$A,'Test Report'!$A99,'Sàng lọc điện'!$K:$K,'Test Report'!C$30) -> 0 | D99: =COUNTIFS('Sàng lọc điện'!$A:$A,'Test Report'!$A99,'Sàng lọc điện'!$K:$K,'Test Report'!D$30) -> 0 | E99: =COUNTIFS('Sàng lọc điện'!$A:$A,'Test Report'!$A99,'Sàng lọc điện'!$K:$K,'Test Report'!E$30) -> 0 | F99: =COUNTIFS('Sàng lọc điện'!$A:$A,'Test Report'!$A99,'Sàng lọc điện'!$K:$K,'Test Report'!F$30) -> 0 | G99: =COUNTIFS('Sàng lọc điện'!$A:$A,'Test Report'!$A99,'Sàng lọc điện'!$K:$K,'Test Report'!G$30) -> 1 | H99: =SUM(B99:G99) -> 4
A100: MT199 | B100: =COUNTIFS('Sàng lọc điện'!$A:$A,'Test Report'!$A100,'Sàng lọc điện'!$K:$K,'Test Report'!B$30) -> 3 | C100: =COUNTIFS('Sàng lọc điện'!$A:$A,'Test Report'!$A100,'Sàng lọc điện'!$K:$K,'Test Report'!C$30) -> 0 | D100: =COUNTIFS('Sàng lọc điện'!$A:$A,'Test Report'!$A100,'Sàng lọc điện'!$K:$K,'Test Report'!D$30) -> 0 | E100: =COUNTIFS('Sàng lọc điện'!$A:$A,'Test Report'!$A100,'Sàng lọc điện'!$K:$K,'Test Report'!E$30) -> 0 | F100: =COUNTIFS('Sàng lọc điện'!$A:$A,'Test Report'!$A100,'Sàng lọc điện'!$K:$K,'Test Report'!F$30) -> 0 | G100: =COUNTIFS('Sàng lọc điện'!$A:$A,'Test Report'!$A100,'Sàng lọc điện'!$K:$K,'Test Report'!G$30) -> 0 | H100: =SUM(B100:G100) -> 3
A101: MT295 | B101: =COUNTIFS('Sàng lọc điện'!$A:$A,'Test Report'!$A101,'Sàng lọc điện'!$K:$K,'Test Report'!B$30) -> 3 | C101: =COUNTIFS('Sàng lọc điện'!$A:$A,'Test Report'!$A101,'Sàng lọc điện'!$K:$K,'Test Report'!C$30) -> 0 | D101: =COUNTIFS('Sàng lọc điện'!$A:$A,'Test Report'!$A101,'Sàng lọc điện'!$K:$K,'Test Report'!D$30) -> 0 | E101: =COUNTIFS('Sàng lọc điện'!$A:$A,'Test Report'!$A101,'Sàng lọc điện'!$K:$K,'Test Report'!E$30) -> 0 | F101: =COUNTIFS('Sàng lọc điện'!$A:$A,'Test Report'!$A101,'Sàng lọc điện'!$K:$K,'Test Report'!F$30) -> 0 | G101: =COUNTIFS('Sàng lọc điện'!$A:$A,'Test Report'!$A101,'Sàng lọc điện'!$K:$K,'Test Report'!G$30) -> 1 | H101: =SUM(B101:G101) -> 4
A102: MT296 | B102: =COUNTIFS('Sàng lọc điện'!$A:$A,'Test Report'!$A102,'Sàng lọc điện'!$K:$K,'Test Report'!B$30) -> 3 | C102: =COUNTIFS('Sàng lọc điện'!$A:$A,'Test Report'!$A102,'Sàng lọc điện'!$K:$K,'Test Report'!C$30) -> 0 | D102: =COUNTIFS('Sàng lọc điện'!$A:$A,'Test Report'!$A102,'Sàng lọc điện'!$K:$K,'Test Report'!D$30) -> 0 | E102: =COUNTIFS('Sàng lọc điện'!$A:$A,'Test Report'!$A102,'Sàng lọc điện'!$K:$K,'Test Report'!E$30) -> 0 | F102: =COUNTIFS('Sàng lọc điện'!$A:$A,'Test Report'!$A102,'Sàng lọc điện'!$K:$K,'Test Report'!F$30) -> 0 | G102: =COUNTIFS('Sàng lọc điện'!$A:$A,'Test Report'!$A102,'Sàng lọc điện'!$K:$K,'Test Report'!G$30) -> 1 | H102: =SUM(B102:G102) -> 4
A103: Bàn giao đợt 2 | B103: =SUM(B104:B110) -> 29 | C103: =SUM(C104:C110) -> 0 | D103: =SUM(D104:D110) -> 0 | E103: =SUM(E104:E110) -> 0 | F103: =SUM(F104:F110) -> 0 | G103: =SUM(G104:G110) -> 0 | H103: =SUM(H104:H110) -> 29
A104: MT299 | B104: =COUNTIFS('Sàng lọc điện'!$A:$A,'Test Report'!$A104,'Sàng lọc điện'!$K:$K,'Test Report'!B$30) -> 3 | C104: =COUNTIFS('Sàng lọc điện'!$A:$A,'Test Report'!$A104,'Sàng lọc điện'!$K:$K,'Test Report'!C$30) -> 0 | D104: =COUNTIFS('Sàng lọc điện'!$A:$A,'Test Report'!$A104,'Sàng lọc điện'!$K:$K,'Test Report'!D$30) -> 0 | E104: =COUNTIFS('Sàng lọc điện'!$A:$A,'Test Report'!$A104,'Sàng lọc điện'!$K:$K,'Test Report'!E$30) -> 0 | F104: =COUNTIFS('Sàng lọc điện'!$A:$A,'Test Report'!$A104,'Sàng lọc điện'!$K:$K,'Test Report'!F$30) -> 0 | G104: =COUNTIFS('Sàng lọc điện'!$A:$A,'Test Report'!$A104,'Sàng lọc điện'!$K:$K,'Test Report'!G$30) -> 0 | H104: =SUM(B104:G104) -> 3
A105: pacs.008 | B105: =COUNTIFS('Sàng lọc điện'!$A:$A,'Test Report'!$A105,'Sàng lọc điện'!$K:$K,'Test Report'!B$30) -> 7 | C105: =COUNTIFS('Sàng lọc điện'!$A:$A,'Test Report'!$A105,'Sàng lọc điện'!$K:$K,'Test Report'!C$30) -> 0 | D105: =COUNTIFS('Sàng lọc điện'!$A:$A,'Test Report'!$A105,'Sàng lọc điện'!$K:$K,'Test Report'!D$30) -> 0 | E105: =COUNTIFS('Sàng lọc điện'!$A:$A,'Test Report'!$A105,'Sàng lọc điện'!$K:$K,'Test Report'!E$30) -> 0 | F105: =COUNTIFS('Sàng lọc điện'!$A:$A,'Test Report'!$A105,'Sàng lọc điện'!$K:$K,'Test Report'!F$30) -> 0 | G105: =COUNTIFS('Sàng lọc điện'!$A:$A,'Test Report'!$A105,'Sàng lọc điện'!$K:$K,'Test Report'!G$30) -> 0 | H105: =SUM(B105:G105) -> 7
A106: MT499 | B106: =COUNTIFS('Sàng lọc điện'!$A:$A,'Test Report'!$A106,'Sàng lọc điện'!$K:$K,'Test Report'!B$30) -> 3 | C106: =COUNTIFS('Sàng lọc điện'!$A:$A,'Test Report'!$A106,'Sàng lọc điện'!$K:$K,'Test Report'!C$30) -> 0 | D106: =COUNTIFS('Sàng lọc điện'!$A:$A,'Test Report'!$A106,'Sàng lọc điện'!$K:$K,'Test Report'!D$30) -> 0 | E106: =COUNTIFS('Sàng lọc điện'!$A:$A,'Test Report'!$A106,'Sàng lọc điện'!$K:$K,'Test Report'!E$30) -> 0 | F106: =COUNTIFS('Sàng lọc điện'!$A:$A,'Test Report'!$A106,'Sàng lọc điện'!$K:$K,'Test Report'!F$30) -> 0 | G106: =COUNTIFS('Sàng lọc điện'!$A:$A,'Test Report'!$A106,'Sàng lọc điện'!$K:$K,'Test Report'!G$30) -> 0 | H106: =SUM(B106:G106) -> 3
A107: MT711 | B107: =COUNTIFS('Sàng lọc điện'!$A:$A,'Test Report'!$A107,'Sàng lọc điện'!$K:$K,'Test Report'!B$30) -> 3 | C107: =COUNTIFS('Sàng lọc điện'!$A:$A,'Test Report'!$A107,'Sàng lọc điện'!$K:$K,'Test Report'!C$30) -> 0 | D107: =COUNTIFS('Sàng lọc điện'!$A:$A,'Test Report'!$A107,'Sàng lọc điện'!$K:$K,'Test Report'!D$30) -> 0 | E107: =COUNTIFS('Sàng lọc điện'!$A:$A,'Test Report'!$A107,'Sàng lọc điện'!$K:$K,'Test Report'!E$30) -> 0 | F107: =COUNTIFS('Sàng lọc điện'!$A:$A,'Test Report'!$A107,'Sàng lọc điện'!$K:$K,'Test Report'!F$30) -> 0 | G107: =COUNTIFS('Sàng lọc điện'!$A:$A,'Test Report'!$A107,'Sàng lọc điện'!$K:$K,'Test Report'!G$30) -> 0 | H107: =SUM(B107:G107) -> 3
...

Sheet Cấu hình điện
A1: Functions | B1: Config EDQ
A2: Build Version | B2: v1.0
B4: High | C4: Medium | D4: Low | E4: Total
B5: =SUM(B6:B11) -> 0 | C5: =SUM(C6:C11) -> 119 | D5: =SUM(D6:D11) -> 0 | E5: =SUM(B5:D5) -> 119
A6: Passed | B6: =COUNTIFS($K$16:$K$163, $A6,$H$16:$H$163,B$4) -> 0 | C6: =COUNTIFS($K$16:$K$163, $A6,$H$16:$H$163,C$4) -> 104 | D6: =COUNTIFS($K$16:$K$163, $A6,$H$16:$H$163,D$4) -> 0 | E6: =SUM(B6:D6) -> 104
A7: Failed | B7: =COUNTIFS($K$16:$K$163, $A7,$H$16:$H$163,B$4) -> 0 | C7: =COUNTIFS($K$16:$K$163, $A7,$H$16:$H$163,C$4) -> 0 | D7: =COUNTIFS($K$16:$K$163, $A7,$H$16:$H$163,D$4) -> 0 | E7: =SUM(B7:D7) -> 0
A8: Pending | B8: =COUNTIFS($K$16:$K$163, $A8,$H$16:$H$163,B$4) -> 0 | C8: =COUNTIFS($K$16:$K$163, $A8,$H$16:$H$163,C$4) -> 0 | D8: =COUNTIFS($K$16:$K$163, $A8,$H$16:$H$163,D$4) -> 0 | E8: =SUM(B8:D8) -> 0
A9: Cancel | B9: =COUNTIFS($K$16:$K$163, $A9,$H$16:$H$163,B$4) -> 0 | C9: =COUNTIFS($K$16:$K$163, $A9,$H$16:$H$163,C$4) -> 0 | D9: =COUNTIFS($K$16:$K$163, $A9,$H$16:$H$163,D$4) -> 0 | E9: =SUM(B9:D9) -> 0
A10: Untested | B10: =COUNTIFS($K$16:$K$163, $A10,$H$16:$H$163,B$4) -> 0 | C10: =COUNTIFS($K$16:$K$163, $A10,$H$16:$H$163,C$4) -> 15 | D10: =COUNTIFS($K$16:$K$163, $A10,$H$16:$H$163,D$4) -> 0 | E10: =SUM(B10:D10) -> 15
A11: Accepted | B11: =COUNTIFS($K$16:$K$163, $A11,$H$16:$H$163,B$4) -> 0 | C11: =COUNTIFS($K$16:$K$163, $A11,$H$16:$H$163,C$4) -> 0 | D11: =COUNTIFS($K$16:$K$163, $A11,$H$16:$H$163,D$4) -> 0 | E11: =SUM(B11:D11) -> 0
A12: Next | B12: =COUNTIFS($K$16:$K$163, $A12,$H$16:$H$163,B$4) -> 0 | C12: =COUNTIFS($K$16:$K$163, $A12,$H$16:$H$163,C$4) -> 0 | D12: =COUNTIFS($K$16:$K$163, $A12,$H$16:$H$163,D$4) -> 0 | E12: =SUM(B12:D12) -> 0
A15: Test case Id | B15: Test case Title | C15: Pre-conditions | D15: Test Step | E15: Test Datas | F15: Expected result | G15: Test Environment | H15: Priority | I15: Automation Status | J15: 1st Test Results | K15: 2nd Test Results | L15: 3rd Test Result | M15: BugID | N15: Notes | O15: Key
B16: Kiểm tra config các trường của điện MT195
A17: MT195.01 | B17: Kiểm tra điện MT195 - Webservice IDENTIFIER được gán tương ứng với các trường trong điện | D17: 1. Login hệ thống TF bằng user admin 2. Truy cập theo đường dẫn Financial Services Analytical Applications Transactions Filtering/ Financial Services Sanctions Pack/ SWIFT Configuration Admin 3. Chọn điện MT195 trên drop down list 4. Sau khi bấm nút Save, click liên tiếp 2 lần button mũi tên sang phải (>) ở bên cạnh. 5. Chọn webservice IDENTIFIER trên dropdown list Screening webservice trên màn hình và kiểm tra các tags tương ứng được gán | F17: Thông tin hiển thị các field, field name tương ứng theo từng webservice đảm bảo đủ, đúng theo yêu cầu, có trạng thái Enable = Yes, bao gồm: Basic Header Block - LT Identifier Application Header Input - Receiver's Address Application Header Output - Full input SWIFT address | H17: Medium | I17: Manual | J17: Passed | K17: Passed | L17: Passed | O17: =LEFT(A17, FIND(".", A17) - 1) -> MT195
A18: MT195.02 | B18: Kiểm tra điện MT195 - Webservice COUNTRY AND CITY được gán tương ứng với các trường trong điện | D18: 1. Login hệ thống TF bằng user admin 2. Truy cập theo đường dẫn Financial Services Analytical Applications Transactions Filtering/ Financial Services Sanctions Pack/ SWIFT Configuration Admin 3. Chọn điện MT195 trên drop down list 4. Sau khi bấm nút Save, click liên tiếp 2 lần button mũi tên sang phải (>) ở bên cạnh. 5. Chọn webservice COUNTRY AND CITY trên dropdown list Screening webservice trên màn hình và kiểm tra các tags tương ứng được gán | F18: Thông tin hiển thị các field, field name tương ứng theo từng webservice đảm bảo đủ, đúng theo yêu cầu, có trạng thái Enable = Yes, bao gồm: Basic Header Block - LT Identifier Application Header Input - Receiver's Address Application Header Output - Full input SWIFT address | H18: Medium | I18: Manual | J18: Passed | K18: Passed | L18: Passed | O18: =LEFT(A18, FIND(".", A18) - 1) -> MT195
A19: MT195.03 | B19: Kiểm tra điện MT195 - Webservice NARRATIVE được gán tương ứng với các trường trong điện | D19: 1. Login hệ thống TF bằng user admin 2. Truy cập theo đường dẫn Financial Services Analytical Applications Transactions Filtering/ Financial Services Sanctions Pack/ SWIFT Configuration Admin 3. Chọn điện MT195 trên drop down list 4. Sau khi bấm nút Save, click liên tiếp 2 lần button mũi tên sang phải (>) ở bên cạnh. 5. Chọn webservice NARRATIVE trên dropdown list Screening webservice trên màn hình và kiểm tra các tags tương ứng được gán | F19: Thông tin hiển thị các field, field name tương ứng theo từng webservice đảm bảo đủ, đúng theo yêu cầu, có trạng thái Enable = Yes, bao gồm: 75 - Queries 77A - Narrative 79 - Narrative Description of the Message to Which the Query Relates Copy of at least the Mandatory Fields of the Original Message | H19: Medium | I19: Manual | J19: Passed | K19: Passed | L19: Passed | O19: =LEFT(A19, FIND(".", A19) - 1) -> MT195
A20: MT195.04 | B20: Kiểm tra điện MT195 - Webservice NAME AND ADDRESS được gán tương ứng với các trường trong điện | D20: 1. Login hệ thống TF bằng user admin 2. Truy cập theo đường dẫn Financial Services Analytical Applications Transactions Filtering/ Financial Services Sanctions Pack/ SWIFT Configuration Admin 3. Chọn điện MT195 trên drop down list 4. Sau khi bấm nút Save, click liên tiếp 2 lần button mũi tên sang phải (>) ở bên cạnh. 5. Chọn webservice NAME AND ADDRESS trên dropdown list Screening webservice trên màn hình và kiểm tra các tags tương ứng được gán | F20: Thông tin hiển thị các field, field name tương ứng theo từng webservice đảm bảo đủ, đúng theo yêu cầu, có trạng thái Enable = Yes, bao gồm: Basic Header Block - LT Identifier Application Header Input - Receiver's Address Application Header Output - Full input SWIFT address | H20: Medium | I20: Manual | J20: Passed | K20: Passed | L20: Passed | O20: =LEFT(A20, FIND(".", A20) - 1) -> MT195
B21: Kiểm tra config các trường của điện MT196 | O21: =LEFT(A21, FIND(".", A21) - 1) -> #VALUE!
A22: MT196.01 | B22: Kiểm tra điện MT196 - Webservice IDENTIFIER được gán tương ứng với các trường trong điện | D22: 1. Login hệ thống TF bằng user admin 2. Truy cập theo đường dẫn Financial Services Analytical Applications Transactions Filtering/ Financial Services Sanctions Pack/ SWIFT Configuration Admin 3. Chọn điện MT196 trên drop down list 4. Sau khi bấm nút Save, click liên tiếp 2 lần button mũi tên sang phải (>) ở bên cạnh. 5. Chọn webservice IDENTIFIER trên dropdown list Screening webservice trên màn hình và kiểm tra các tags tương ứng được gán | F22: Thông tin hiển thị các field, field name tương ứng theo từng webservice đảm bảo đủ, đúng theo yêu cầu, có trạng thái Enable = Yes, bao gồm: Basic Header Block - LT Identifier Application Header Input - Receiver's Address Application Header Output - Full input SWIFT address | H22: Medium | I22: Manual | J22: Passed | K22: Passed | L22: Passed | O22: =LEFT(A22, FIND(".", A22) - 1) -> MT196
A23: MT196.02 | B23: Kiểm tra điện MT196 - Webservice COUNTRY AND CITY được gán tương ứng với các trường trong điện | D23: 1. Login hệ thống TF bằng user admin 2. Truy cập theo đường dẫn Financial Services Analytical Applications Transactions Filtering/ Financial Services Sanctions Pack/ SWIFT Configuration Admin 3. Chọn điện MT196 trên drop down list 4. Sau khi bấm nút Save, click liên tiếp 2 lần button mũi tên sang phải (>) ở bên cạnh. 5. Chọn webservice COUNTRY AND CITY trên dropdown list Screening webservice trên màn hình và kiểm tra các tags tương ứng được gán | F23: Thông tin hiển thị các field, field name tương ứng theo từng webservice đảm bảo đủ, đúng theo yêu cầu, có trạng thái Enable = Yes, bao gồm: Basic Header Block - LT Identifier Application Header Input - Receiver's Address Application Header Output - Full input SWIFT address | H23: Medium | I23: Manual | J23: Passed | K23: Passed | L23: Passed | O23: =LEFT(A23, FIND(".", A23) - 1) -> MT196
A24: MT196.03 | B24: Kiểm tra điện MT196 - Webservice NARRATIVE được gán tương ứng với các trường trong điện | D24: 1. Login hệ thống TF bằng user admin 2. Truy cập theo đường dẫn Financial Services Analytical Applications Transactions Filtering/ Financial Services Sanctions Pack/ SWIFT Configuration Admin 3. Chọn điện MT196 trên drop down list 4. Sau khi bấm nút Save, click liên tiếp 2 lần button mũi tên sang phải (>) ở bên cạnh. 5. Chọn webservice NARRATIVE trên dropdown list Screening webservice trên màn hình và kiểm tra các tags tương ứng được gán | F24: Thông tin hiển thị các field, field name tương ứng theo từng webservice đảm bảo đủ, đúng theo yêu cầu, có trạng thái Enable = Yes, bao gồm: 76 - Answers 77A - Narrative 79 - Narrative Description of the Original Message to Which the Answer Relates Copy of at least the Mandatory Fields of the Original Message | H24: Medium | I24: Manual | J24: Passed | K24: Passed | L24: Passed | O24: =LEFT(A24, FIND(".", A24) - 1) -> MT196
A25: MT196.04 | B25: Kiểm tra điện MT196 - Webservice NAME AND ADDRESS được gán tương ứng với các trường trong điện | D25: 1. Login hệ thống TF bằng user admin 2. Truy cập theo đường dẫn Financial Services Analytical Applications Transactions Filtering/ Financial Services Sanctions Pack/ SWIFT Configuration Admin 3. Chọn điện MT196 trên drop down list 4. Sau khi bấm nút Save, click liên tiếp 2 lần button mũi tên sang phải (>) ở bên cạnh. 5. Chọn webservice NAME AND ADDRESS trên dropdown list Screening webservice trên màn hình và kiểm tra các tags tương ứng được gán | F25: Thông tin hiển thị các field, field name tương ứng theo từng webservice đảm bảo đủ, đúng theo yêu cầu, có trạng thái Enable = Yes, bao gồm: Basic Header Block - LT Identifier Application Header Input - Receiver's Address Application Header Output - Full input SWIFT address | H25: Medium | I25: Manual | J25: Passed | K25: Passed | L25: Passed | O25: =LEFT(A25, FIND(".", A25) - 1) -> MT196
B26: Kiểm tra config các trường của điện MT199 | O26: =LEFT(A26, FIND(".", A26) - 1) -> #VALUE!
A27: MT199.01 | B27: Kiểm tra điện MT199 - Webservice IDENTIFIER được gán tương ứng với các trường trong điện | D27: 1. Login hệ thống TF bằng user admin 2. Truy cập theo đường dẫn Financial Services Analytical Applications Transactions Filtering/ Financial Services Sanctions Pack/ SWIFT Configuration Admin 3. Chọn điện MT199 trên drop down list 4. Sau khi bấm nút Save, click liên tiếp 2 lần button mũi tên sang phải (>) ở bên cạnh. 5. Chọn webservice IDENTIFIER trên dropdown list Screening webservice trên màn hình và kiểm tra các tags tương ứng được gán | F27: Thông tin hiển thị các field, field name tương ứng theo từng webservice đảm bảo đủ, đúng theo yêu cầu, có trạng thái Enable = Yes, bao gồm: Basic Header Block - LT Identifier Application Header Input - Receiver's Address Application Header Output - Full input SWIFT address | H27: Medium | I27: Manual | J27: Passed | K27: Passed | L27: Passed | O27: =LEFT(A27, FIND(".", A27) - 1) -> MT199
A28: MT199.02 | B28: Kiểm tra điện MT199 - Webservice COUNTRY AND CITY được gán tương ứng với các trường trong điện | D28: 1. Login hệ thống TF bằng user admin 2. Truy cập theo đường dẫn Financial Services Analytical Applications Transactions Filtering/ Financial Services Sanctions Pack/ SWIFT Configuration Admin 3. Chọn điện MT199 trên drop down list 4. Sau khi bấm nút Save, click liên tiếp 2 lần button mũi tên sang phải (>) ở bên cạnh. 5. Chọn webservice COUNTRY AND CITY trên dropdown list Screening webservice trên màn hình và kiểm tra các tags tương ứng được gán | F28: Thông tin hiển thị các field, field name tương ứng theo từng webservice đảm bảo đủ, đúng theo yêu cầu, có trạng thái Enable = Yes, bao gồm: Basic Header Block - LT Identifier Application Header Input - Receiver's Address Application Header Output - Full input SWIFT address | H28: Medium | I28: Manual | J28: Passed | K28: Passed | L28: Passed | O28: =LEFT(A28, FIND(".", A28) - 1) -> MT199
A29: MT199.03 | B29: Kiểm tra điện MT199 - Webservice NARRATIVE được gán tương ứng với các trường trong điện | D29: 1. Login hệ thống TF bằng user admin 2. Truy cập theo đường dẫn Financial Services Analytical Applications Transactions Filtering/ Financial Services Sanctions Pack/ SWIFT Configuration Admin 3. Chọn điện MT199 trên drop down list 4. Sau khi bấm nút Save, click liên tiếp 2 lần button mũi tên sang phải (>) ở bên cạnh. 5. Chọn webservice NARRATIVE trên dropdown list Screening webservice trên màn hình và kiểm tra các tags tương ứng được gán | F29: Thông tin hiển thị các field, field name tương ứng theo từng webservice đảm bảo đủ, đúng theo yêu cầu, có trạng thái Enable = Yes, bao gồm: 79 - Narrative | H29: Medium | I29: Manual | J29: Passed | K29: Passed | L29: Passed | O29: =LEFT(A29, FIND(".", A29) - 1) -> MT199
A30: MT199.04 | B30: Kiểm tra điện MT199 - Webservice NAME AND ADDRESS được gán tương ứng với các trường trong điện | D30: 1. Login hệ thống TF bằng user admin 2. Truy cập theo đường dẫn Financial Services Analytical Applications Transactions Filtering/ Financial Services Sanctions Pack/ SWIFT Configuration Admin 3. Chọn điện MT199 trên drop down list 4. Sau khi bấm nút Save, click liên tiếp 2 lần button mũi tên sang phải (>) ở bên cạnh. 5. Chọn webservice NAME AND ADDRESS trên dropdown list Screening webservice trên màn hình và kiểm tra các tags tương ứng được gán | F30: Thông tin hiển thị các field, field name tương ứng theo từng webservice đảm bảo đủ, đúng theo yêu cầu, có trạng thái Enable = Yes, bao gồm: Basic Header Block - LT Identifier Application Header Input - Receiver's Address Application Header Output - Full input SWIFT address | H30: Medium | I30: Manual | J30: Passed | K30: Passed | L30: Passed | O30: =LEFT(A30, FIND(".", A30) - 1) -> MT199
B31: Kiểm tra config các trường của điện MT295 | O31: =LEFT(A31, FIND(".", A31) - 1) -> #VALUE!
A32: MT295.01 | B32: Kiểm tra điện MT295 - Webservice IDENTIFIER được gán tương ứng với các trường trong điện | D32: 1. Login hệ thống TF bằng user admin 2. Truy cập theo đường dẫn Financial Services Analytical Applications Transactions Filtering/ Financial Services Sanctions Pack/ SWIFT Configuration Admin 3. Chọn điện MT295 trên drop down list 4. Sau khi bấm nút Save, click liên tiếp 2 lần button mũi tên sang phải (>) ở bên cạnh. 5. Chọn webservice IDENTIFIER trên dropdown list Screening webservice trên màn hình và kiểm tra các tags tương ứng được gán | F32: Thông tin hiển thị các field, field name tương ứng theo từng webservice đảm bảo đủ, đúng theo yêu cầu, có trạng thái Enable = Yes, bao gồm: Basic Header Block - LT Identifier Application Header Input - Receiver's Address Application Header Output - Full input SWIFT address | H32: Medium | I32: Manual | J32: Passed | K32: Passed | L32: Passed | O32: =LEFT(A32, FIND(".", A32) - 1) -> MT295
A33: MT295.02 | B33: Kiểm tra điện MT295 - Webservice COUNTRY AND CITY được gán tương ứng với các trường trong điện | D33: 1. Login hệ thống TF bằng user admin 2. Truy cập theo đường dẫn Financial Services Analytical Applications Transactions Filtering/ Financial Services Sanctions Pack/ SWIFT Configuration Admin 3. Chọn điện MT295 trên drop down list 4. Sau khi bấm nút Save, click liên tiếp 2 lần button mũi tên sang phải (>) ở bên cạnh. 5. Chọn webservice COUNTRY AND CITY trên dropdown list Screening webservice trên màn hình và kiểm tra các tags tương ứng được gán | F33: Thông tin hiển thị các field, field name tương ứng theo từng webservice đảm bảo đủ, đúng theo yêu cầu, có trạng thái Enable = Yes, bao gồm: Basic Header Block - LT Identifier Application Header Input - Receiver's Address Application Header Output - Full input SWIFT address | H33: Medium | I33: Manual | J33: Passed | K33: Passed | L33: Passed | O33: =LEFT(A33, FIND(".", A33) - 1) -> MT295
A34: MT295.03 | B34: Kiểm tra điện MT295 - Webservice NARRATIVE được gán tương ứng với các trường trong điện | D34: 1. Login hệ thống TF bằng user admin 2. Truy cập theo đường dẫn Financial Services Analytical Applications Transactions Filtering/ Financial Services Sanctions Pack/ SWIFT Configuration Admin 3. Chọn điện MT295 trên drop down list 4. Sau khi bấm nút Save, click liên tiếp 2 lần button mũi tên sang phải (>) ở bên cạnh. 5. Chọn webservice NARRATIVE trên dropdown list Screening webservice trên màn hình và kiểm tra các tags tương ứng được gán | F34: Thông tin hiển thị các field, field name tương ứng theo từng webservice đảm bảo đủ, đúng theo yêu cầu, có trạng thái Enable = Yes, bao gồm: 75 - Queries 77A - Narrative 79 - Narrative Description of the Message to Which the Query Relates Copy of at least the Mandatory Fields of the Original Message | H34: Medium | I34: Manual | J34: Passed | K34: Passed | L34: Passed | O34: =LEFT(A34, FIND(".", A34) - 1) -> MT295
A35: MT295.04 | B35: Kiểm tra điện MT295 - Webservice NAME AND ADDRESS được gán tương ứng với các trường trong điện | D35: 1. Login hệ thống TF bằng user admin 2. Truy cập theo đường dẫn Financial Services Analytical Applications Transactions Filtering/ Financial Services Sanctions Pack/ SWIFT Configuration Admin 3. Chọn điện MT295 trên drop down list 4. Sau khi bấm nút Save, click liên tiếp 2 lần button mũi tên sang phải (>) ở bên cạnh. 5. Chọn webservice NAME AND ADDRESS trên dropdown list Screening webservice trên màn hình và kiểm tra các tags tương ứng được gán | F35: Thông tin hiển thị các field, field name tương ứng theo từng webservice đảm bảo đủ, đúng theo yêu cầu, có trạng thái Enable = Yes, bao gồm: Basic Header Block - LT Identifier Application Header Input - Receiver's Address Application Header Output - Full input SWIFT address | H35: Medium | I35: Manual | J35: Passed | K35: Passed | L35: Passed | O35: =LEFT(A35, FIND(".", A35) - 1) -> MT295
B36: Kiểm tra config các trường của điện MT296 | O36: =LEFT(A36, FIND(".", A36) - 1) -> #VALUE!
A37: MT296.01 | B37: Kiểm tra điện MT296 - Webservice IDENTIFIER được gán tương ứng với các trường trong điện | D37: 1. Login hệ thống TF bằng user admin 2. Truy cập theo đường dẫn Financial Services Analytical Applications Transactions Filtering/ Financial Services Sanctions Pack/ SWIFT Configuration Admin 3. Chọn điện MT296 trên drop down list 4. Sau khi bấm nút Save, click liên tiếp 2 lần button mũi tên sang phải (>) ở bên cạnh. 5. Chọn webservice IDENTIFIER trên dropdown list Screening webservice trên màn hình và kiểm tra các tags tương ứng được gán | F37: Thông tin hiển thị các field, field name tương ứng theo từng webservice đảm bảo đủ, đúng theo yêu cầu, có trạng thái Enable = Yes, bao gồm: Basic Header Block - LT Identifier Application Header Input - Receiver's Address Application Header Output - Full input SWIFT address | H37: Medium | I37: Manual | J37: Passed | K37: Passed | L37: Untested | O37: =LEFT(A37, FIND(".", A37) - 1) -> MT296
A38: MT296.02 | B38: Kiểm tra điện MT296 - Webservice COUNTRY AND CITY được gán tương ứng với các trường trong điện | D38: 1. Login hệ thống TF bằng user admin 2. Truy cập theo đường dẫn Financial Services Analytical Applications Transactions Filtering/ Financial Services Sanctions Pack/ SWIFT Configuration Admin 3. Chọn điện MT296 trên drop down list 4. Sau khi bấm nút Save, click liên tiếp 2 lần button mũi tên sang phải (>) ở bên cạnh. 5. Chọn webservice COUNTRY AND CITY trên dropdown list Screening webservice trên màn hình và kiểm tra các tags tương ứng được gán | F38: Thông tin hiển thị các field, field name tương ứng theo từng webservice đảm bảo đủ, đúng theo yêu cầu, có trạng thái Enable = Yes, bao gồm: Basic Header Block - LT Identifier Application Header Input - Receiver's Address Application Header Output - Full input SWIFT address | H38: Medium | I38: Manual | J38: Passed | K38: Passed | L38: Untested | O38: =LEFT(A38, FIND(".", A38) - 1) -> MT296
A39: MT296.03 | B39: Kiểm tra điện MT296 - Webservice NARRATIVE được gán tương ứng với các trường trong điện | D39: 1. Login hệ thống TF bằng user admin 2. Truy cập theo đường dẫn Financial Services Analytical Applications Transactions Filtering/ Financial Services Sanctions Pack/ SWIFT Configuration Admin 3. Chọn điện MT296 trên drop down list 4. Sau khi bấm nút Save, click liên tiếp 2 lần button mũi tên sang phải (>) ở bên cạnh. 5. Chọn webservice NARRATIVE trên dropdown list Screening webservice trên màn hình và kiểm tra các tags tương ứng được gán | F39: Thông tin hiển thị các field, field name tương ứng theo từng webservice đảm bảo đủ, đúng theo yêu cầu, có trạng thái Enable = Yes, bao gồm: 76 - Answers 77A - Narrative 79 - Narrative Description of the Message to Which the Query Relates Copy of at least the Mandatory Fields of the Original Message | H39: Medium | I39: Manual | J39: Passed | K39: Passed | L39: Untested | O39: =LEFT(A39, FIND(".", A39) - 1) -> MT296
A40: MT296.04 | B40: Kiểm tra điện MT296 - Webservice NAME AND ADDRESS được gán tương ứng với các trường trong điện | D40: 1. Login hệ thống TF bằng user admin 2. Truy cập theo đường dẫn Financial Services Analytical Applications Transactions Filtering/ Financial Services Sanctions Pack/ SWIFT Configuration Admin 3. Chọn điện MT296 trên drop down list 4. Sau khi bấm nút Save, click liên tiếp 2 lần button mũi tên sang phải (>) ở bên cạnh. 5. Chọn webservice NAME AND ADDRESS trên dropdown list Screening webservice trên màn hình và kiểm tra các tags tương ứng được gán | F40: Thông tin hiển thị các field, field name tương ứng theo từng webservice đảm bảo đủ, đúng theo yêu cầu, có trạng thái Enable = Yes, bao gồm: Basic Header Block - LT Identifier Application Header Input - Receiver's Address Application Header Output - Full input SWIFT address | H40: Medium | I40: Manual | J40: Passed | K40: Passed | L40: Untested | O40: =LEFT(A40, FIND(".", A40) - 1) -> MT296
B41: Kiểm tra config các trường của điện MT299 | O41: =LEFT(A41, FIND(".", A41) - 1) -> #VALUE!
A42: MT299.01 | B42: Kiểm tra điện MT299 - Webservice IDENTIFIER được gán tương ứng với các trường trong điện | D42: 1. Login hệ thống TF bằng user admin 2. Truy cập theo đường dẫn Financial Services Analytical Applications Transactions Filtering/ Financial Services Sanctions Pack/ SWIFT Configuration Admin 3. Chọn điện MT299 trên drop down list 4. Sau khi bấm nút Save, click liên tiếp 2 lần button mũi tên sang phải (>) ở bên cạnh. 5. Chọn webservice IDENTIFIER trên dropdown list Screening webservice trên màn hình và kiểm tra các tags tương ứng được gán | F42: Thông tin hiển thị các field, field name tương ứng theo từng webservice đảm bảo đủ, đúng theo yêu cầu, có trạng thái Enable = Yes, bao gồm: Basic Header Block - LT Identifier Application Header Input - Receiver's Address Application Header Output - Full input SWIFT address | H42: Medium | I42: Manual | J42: Passed | K42: Passed | L42: Untested | O42: =LEFT(A42, FIND(".", A42) - 1) -> MT299
A43: MT299.02 | B43: Kiểm tra điện MT299 - Webservice COUNTRY AND CITY được gán tương ứng với các trường trong điện | D43: 1. Login hệ thống TF bằng user admin 2. Truy cập theo đường dẫn Financial Services Analytical Applications Transactions Filtering/ Financial Services Sanctions Pack/ SWIFT Configuration Admin 3. Chọn điện MT299 trên drop down list 4. Sau khi bấm nút Save, click liên tiếp 2 lần button mũi tên sang phải (>) ở bên cạnh. 5. Chọn webservice COUNTRY AND CITY trên dropdown list Screening webservice trên màn hình và kiểm tra các tags tương ứng được gán | F43: Thông tin hiển thị các field, field name tương ứng theo từng webservice đảm bảo đủ, đúng theo yêu cầu, có trạng thái Enable = Yes, bao gồm: Basic Header Block - LT Identifier Application Header Input - Receiver's Address Application Header Output - Full input SWIFT address | H43: Medium | I43: Manual | J43: Passed | K43: Passed | L43: Untested | O43: =LEFT(A43, FIND(".", A43) - 1) -> MT299
A44: MT299.03 | B44: Kiểm tra điện MT299 - Webservice NARRATIVE được gán tương ứng với các trường trong điện | D44: 1. Login hệ thống TF bằng user admin 2. Truy cập theo đường dẫn Financial Services Analytical Applications Transactions Filtering/ Financial Services Sanctions Pack/ SWIFT Configuration Admin 3. Chọn điện MT299 trên drop down list 4. Sau khi bấm nút Save, click liên tiếp 2 lần button mũi tên sang phải (>) ở bên cạnh. 5. Chọn webservice NARRATIVE trên dropdown list Screening webservice trên màn hình và kiểm tra các tags tương ứng được gán | F44: Thông tin hiển thị các field, field name tương ứng theo từng webservice đảm bảo đủ, đúng theo yêu cầu, có trạng thái Enable = Yes, bao gồm: 79 - Narrative | H44: Medium | I44: Manual | J44: Passed | K44: Passed | L44: Untested | O44: =LEFT(A44, FIND(".", A44) - 1) -> MT299
A45: MT299.04 | B45: Kiểm tra điện MT299 - Webservice NAME AND ADDRESS được gán tương ứng với các trường trong điện | D45: 1. Login hệ thống TF bằng user admin 2. Truy cập theo đường dẫn Financial Services Analytical Applications Transactions Filtering/ Financial Services Sanctions Pack/ SWIFT Configuration Admin 3. Chọn điện MT299 trên drop down list 4. Sau khi bấm nút Save, click liên tiếp 2 lần button mũi tên sang phải (>) ở bên cạnh. 5. Chọn webservice NAME AND ADDRESS trên dropdown list Screening webservice trên màn hình và kiểm tra các tags tương ứng được gán | F45: Thông tin hiển thị các field, field name tương ứng theo từng webservice đảm bảo đủ, đúng theo yêu cầu, có trạng thái Enable = Yes, bao gồm: Basic Header Block - LT Identifier Application Header Input - Receiver's Address Application Header Output - Full input SWIFT address | H45: Medium | I45: Manual | J45: Passed | K45: Passed | L45: Untested | O45: =LEFT(A45, FIND(".", A45) - 1) -> MT299
B46: Kiểm tra config các trường của điện MT499 | O46: =LEFT(A46, FIND(".", A46) - 1) -> #VALUE!
A47: MT499.01 | B47: Kiểm tra điện MT499 - Webservice IDENTIFIER được gán tương ứng với các trường trong điện | D47: 1. Login hệ thống TF bằng user admin 2. Truy cập theo đường dẫn Financial Services Analytical Applications Transactions Filtering/ Financial Services Sanctions Pack/ SWIFT Configuration Admin 3. Chọn điện MT499 trên drop down list 4. Sau khi bấm nút Save, click liên tiếp 2 lần button mũi tên sang phải (>) ở bên cạnh. 5. Chọn webservice IDENTIFIER trên dropdown list Screening webservice trên màn hình và kiểm tra các tags tương ứng được gán | F47: Thông tin hiển thị các field, field name tương ứng theo từng webservice đảm bảo đủ, đúng theo yêu cầu, có trạng thái Enable = Yes, bao gồm: Basic Header Block - LT Identifier Application Header Input - Receiver's Address Application Header Output - Full input SWIFT address | H47: Medium | I47: Manual | J47: Passed | K47: Passed | L47: Untested | O47: =LEFT(A47, FIND(".", A47) - 1) -> MT499
A48: MT499.02 | B48: Kiểm tra điện MT499 - Webservice COUNTRY AND CITY được gán tương ứng với các trường trong điện | D48: 1. Login hệ thống TF bằng user admin 2. Truy cập theo đường dẫn Financial Services Analytical Applications Transactions Filtering/ Financial Services Sanctions Pack/ SWIFT Configuration Admin 3. Chọn điện MT499 trên drop down list 4. Sau khi bấm nút Save, click liên tiếp 2 lần button mũi tên sang phải (>) ở bên cạnh. 5. Chọn webservice COUNTRY AND CITY trên dropdown list Screening webservice trên màn hình và kiểm tra các tags tương ứng được gán | F48: Thông tin hiển thị các field, field name tương ứng theo từng webservice đảm bảo đủ, đúng theo yêu cầu, có trạng thái Enable = Yes, bao gồm: Basic Header Block - LT Identifier Application Header Input - Receiver's Address Application Header Output - Full input SWIFT address | H48: Medium | I48: Manual | J48: Passed | K48: Passed | L48: Untested | O48: =LEFT(A48, FIND(".", A48) - 1) -> MT499
A49: MT499.03 | B49: Kiểm tra điện MT499 - Webservice NARRATIVE được gán tương ứng với các trường trong điện | D49: 1. Login hệ thống TF bằng user admin 2. Truy cập theo đường dẫn Financial Services Analytical Applications Transactions Filtering/ Financial Services Sanctions Pack/ SWIFT Configuration Admin 3. Chọn điện MT499 trên drop down list 4. Sau khi bấm nút Save, click liên tiếp 2 lần button mũi tên sang phải (>) ở bên cạnh. 5. Chọn webservice NARRATIVE trên dropdown list Screening webservice trên màn hình và kiểm tra các tags tương ứng được gán | F49: Thông tin hiển thị các field, field name tương ứng theo từng webservice đảm bảo đủ, đúng theo yêu cầu, có trạng thái Enable = Yes, bao gồm: 79 - Narrative | H49: Medium | I49: Manual | J49: Passed | K49: Passed | L49: Untested | O49: =LEFT(A49, FIND(".", A49) - 1) -> MT499
A50: MT499.04 | B50: Kiểm tra điện MT499 - Webservice NAME AND ADDRESS được gán tương ứng với các trường trong điện | D50: 1. Login hệ thống TF bằng user admin 2. Truy cập theo đường dẫn Financial Services Analytical Applications Transactions Filtering/ Financial Services Sanctions Pack/ SWIFT Configuration Admin 3. Chọn điện MT499 trên drop down list 4. Sau khi bấm nút Save, click liên tiếp 2 lần button mũi tên sang phải (>) ở bên cạnh. 5. Chọn webservice NAME AND ADDRESS trên dropdown list Screening webservice trên màn hình và kiểm tra các tags tương ứng được gán | F50: Thông tin hiển thị các field, field name tương ứng theo từng webservice đảm bảo đủ, đúng theo yêu cầu, có trạng thái Enable = Yes, bao gồm: Basic Header Block - LT Identifier Application Header Input - Receiver's Address Application Header Output - Full input SWIFT address | H50: Medium | I50: Manual | J50: Passed | K50: Passed | L50: Untested | O50: =LEFT(A50, FIND(".", A50) - 1) -> MT499
B51: Kiểm tra config các trường của điện MT700 | O51: =LEFT(A51, FIND(".", A51) - 1) -> #VALUE!
A52: MT700.01 | B52: Kiểm tra điện MT700 - Webservice IDENTIFIER được gán tương ứng với các trường trong điện | D52: 1. Login hệ thống TF bằng user admin 2. Truy cập theo đường dẫn Financial Services Analytical Applications Transactions Filtering/ Financial Services Sanctions Pack/ SWIFT Configuration Admin 3. Chọn điện MT700 trên drop down list 4. Sau khi bấm nút Save, click liên tiếp 2 lần button mũi tên sang phải (>) ở bên cạnh. 5. Chọn webservice IDENTIFIER trên dropdown list Screening webservice trên màn hình và kiểm tra các tags tương ứng được gán | F52: Thông tin hiển thị các field, field name tương ứng theo từng webservice đảm bảo đủ, đúng theo yêu cầu, có trạng thái Enable = Yes, bao gồm: Basic Header Block - LT Identifier Application Header Input - Receiver's Address Application Header Output - Full input SWIFT address 51A - Party Identifier 51A - Identifier Code 51D - Party Identifier 41A - Identifier Code 42A - Party Identifier 42A - Identifier Code 42D - Party Identifier 58A - Party Identifier 58A - Identifier Code 58D - Party Identifier 53A - Party Identifier 53A - Identifier Code 53D - Party Identifier 57A - Party Identifier 57A - Identifier Code 57B - Party Identifier 57D - Party Identifier | H52: Medium | I52: Manual | J52: Passed | K52: Passed | L52: Untested | O52: =LEFT(A52, FIND(".", A52) - 1) -> MT700
A53: MT700.02 | B53: Kiểm tra điện MT700 - Webservice COUNTRY AND CITY được gán tương ứng với các trường trong điện | D53: 1. Login hệ thống TF bằng user admin 2. Truy cập theo đường dẫn Financial Services Analytical Applications Transactions Filtering/ Financial Services Sanctions Pack/ SWIFT Configuration Admin 3. Chọn điện MT700 trên drop down list 4. Sau khi bấm nút Save, click liên tiếp 2 lần button mũi tên sang phải (>) ở bên cạnh. 5. Chọn webservice COUNTRY AND CITY trên dropdown list Screening webservice trên màn hình và kiểm tra các tags tương ứng được gán | F53: Thông tin hiển thị các field, field name tương ứng theo từng webservice đảm bảo đủ, đúng theo yêu cầu, có trạng thái Enable = Yes, bao gồm: Basic Header Block - LT Identifier Application Header Input - Receiver's Address Application Header Output - Full input SWIFT address 51A - Identifier Code 41A - Identifier Code 42A - Identifier Code 58A - Identifier Code 53A - Identifier Code 57A - Identifier Code | H53: Medium | I53: Manual | J53: Passed | K53: Passed | L53: Untested | O53: =LEFT(A53, FIND(".", A53) - 1) -> MT700
A54: MT700.03 | B54: Kiểm tra điện MT700 - Webservice PORT được gán tương ứng với các trường trong điện | D54: 1. Login hệ thống TF bằng user admin 2. Truy cập theo đường dẫn Financial Services Analytical Applications Transactions Filtering/ Financial Services Sanctions Pack/ SWIFT Configuration Admin 3. Chọn điện MT700 trên drop down list 4. Sau khi bấm nút Save, click liên tiếp 2 lần button mũi tên sang phải (>) ở bên cạnh. 5. Chọn webservice PORT trên dropdown list Screening webservice trên màn hình và kiểm tra các tags tương ứng được gán | F54: Thông tin hiển thị các field, field name tương ứng theo từng webservice đảm bảo đủ, đúng theo yêu cầu, có trạng thái Enable = Yes, bao gồm: 44A - Place of Taking in Charge/Dispatch from .../Place of Receipt 44E - Port of Loading/Airport of Departure 44F - Port of Discharge/Airport of Destination 44B - Place of Final Destination/For Transportation to .../Place of Delivery | H54: Medium | I54: Manual | J54: Passed | K54: Passed | L54: Untested | O54: =LEFT(A54, FIND(".", A54) - 1) -> MT700
A55: MT700.04 | B55: Kiểm tra điện MT700 - Webservice NARRATIVE được gán tương ứng với các trường trong điện | D55: 1. Login hệ thống TF bằng user admin 2. Truy cập theo đường dẫn Financial Services Analytical Applications Transactions Filtering/ Financial Services Sanctions Pack/ SWIFT Configuration Admin 3. Chọn điện MT700 trên drop down list 4. Sau khi bấm nút Save, click liên tiếp 2 lần button mũi tên sang phải (>) ở bên cạnh. 5. Chọn webservice NARRATIVE trên dropdown list Screening webservice trên màn hình và kiểm tra các tags tương ứng được gán | F55: Thông tin hiển thị các field, field name tương ứng theo từng webservice đảm bảo đủ, đúng theo yêu cầu, có trạng thái Enable = Yes, bao gồm: 42M - Mixed Payment Details 42P - Negotiation/Deferred Payment Details 44A - Place of Taking in Charge/Dispatch from .../Place of Receipt 44E - Port of Loading/Airport of Departure 44F - Port of Discharge/Airport of Destination 44B - Place of Final Destination/For Transportation to .../Place of Delivery 45A - Description of Goods and/or Services 46A - Documents Required 47A - Additional Conditions 49G - Special Payment Conditions for Beneficiary 49H - Special Payment Conditions for Bank Only 71D - Charges 78 - Instructions to the Paying/Accepting/Negotiating Bank 72Z - Sender to Receiver Information | H55: Medium | I55: Manual | J55: Passed | K55: Passed | L55: Untested | O55: =LEFT(A55, FIND(".", A55) - 1) -> MT700
A56: MT700.05 | B56: Kiểm tra điện MT700 - Webservice NAME AND ADDRESS được gán tương ứng với các trường trong điện | D56: 1. Login hệ thống TF bằng user admin 2. Truy cập theo đường dẫn Financial Services Analytical Applications Transactions Filtering/ Financial Services Sanctions Pack/ SWIFT Configuration Admin 3. Chọn điện MT700 trên drop down list 4. Sau khi bấm nút Save, click liên tiếp 2 lần button mũi tên sang phải (>) ở bên cạnh. 5. Chọn webservice NAME AND ADDRESS trên dropdown list Screening webservice trên màn hình và kiểm tra các tags tương ứng được gán | F56: Thông tin hiển thị các field, field name tương ứng theo từng webservice đảm bảo đủ, đúng theo yêu cầu, có trạng thái Enable = Yes, bao gồm: Basic Header Block - LT Identifier Application Header Input - Receiver's Address Application Header Output - Full input SWIFT address 51A - Identifier Code 51D - Name and Address 50 - Applicant 59 - Name and Address 41A - Identifier Code 41D - Name and Address 42A - Identifier Code 42D - Name and Address 58A - Identifier Code 58D - Name and Address 53A - Identifier Code 53D - Name and Address 57A - Identifier Code 57D - Name and Address | H56: Medium | I56: Manual | J56: Passed | K56: Passed | L56: Untested | O56: =LEFT(A56, FIND(".", A56) - 1) -> MT700
B57: Kiểm tra config các trường của điện MT701 | O57: =LEFT(A57, FIND(".", A57) - 1) -> #VALUE!
A58: MT701.01 | B58: Kiểm tra điện MT701 - Webservice IDENTIFIER được gán tương ứng với các trường trong điện | D58: 1. Login hệ thống TF bằng user admin 2. Truy cập theo đường dẫn Financial Services Analytical Applications Transactions Filtering/ Financial Services Sanctions Pack/ SWIFT Configuration Admin 3. Chọn điện MT701 trên drop down list 4. Sau khi bấm nút Save, click liên tiếp 2 lần button mũi tên sang phải (>) ở bên cạnh. 5. Chọn webservice IDENTIFIER trên dropdown list Screening webservice trên màn hình và kiểm tra các tags tương ứng được gán | F58: Thông tin hiển thị các field, field name tương ứng theo từng webservice đảm bảo đủ, đúng theo yêu cầu, có trạng thái Enable = Yes, bao gồm: Basic Header Block - LT Identifier Application Header Input - Receiver's Address Application Header Output - Full input SWIFT address | H58: Medium | I58: Manual | J58: Passed | K58: Passed | L58: Untested | O58: =LEFT(A58, FIND(".", A58) - 1) -> MT701
A59: MT701.02 | B59: Kiểm tra điện MT701 - Webservice COUNTRY AND CITY được gán tương ứng với các trường trong điện | D59: 1. Login hệ thống TF bằng user admin 2. Truy cập theo đường dẫn Financial Services Analytical Applications Transactions Filtering/ Financial Services Sanctions Pack/ SWIFT Configuration Admin 3. Chọn điện MT701 trên drop down list 4. Sau khi bấm nút Save, click liên tiếp 2 lần button mũi tên sang phải (>) ở bên cạnh. 5. Chọn webservice COUNTRY AND CITY trên dropdown list Screening webservice trên màn hình và kiểm tra các tags tương ứng được gán | F59: Thông tin hiển thị các field, field name tương ứng theo từng webservice đảm bảo đủ, đúng theo yêu cầu, có trạng thái Enable = Yes, bao gồm: Basic Header Block - LT Identifier Application Header Input - Receiver's Address Application Header Output - Full input SWIFT address | H59: Medium | I59: Manual | J59: Passed | K59: Passed | L59: Untested | O59: =LEFT(A59, FIND(".", A59) - 1) -> MT701
A60: MT701.03 | B60: Kiểm tra điện MT701 - Webservice NARRATIVE được gán tương ứng với các trường trong điện | D60: 1. Login hệ thống TF bằng user admin 2. Truy cập theo đường dẫn Financial Services Analytical Applications Transactions Filtering/ Financial Services Sanctions Pack/ SWIFT Configuration Admin 3. Chọn điện MT701 trên drop down list 4. Sau khi bấm nút Save, click liên tiếp 2 lần button mũi tên sang phải (>) ở bên cạnh. 5. Chọn webservice NARRATIVE trên dropdown list Screening webservice trên màn hình và kiểm tra các tags tương ứng được gán | F60: Thông tin hiển thị các field, field name tương ứng theo từng webservice đảm bảo đủ, đúng theo yêu cầu, có trạng thái Enable = Yes, bao gồm: 45A - Description of Goods and/or Services 46A - Documents Required 47A - Additional Conditions 49G - Special Payment Conditions for Beneficiary 49H - Special Payment Conditions for Bank Only | H60: Medium | I60: Manual | J60: Passed | K60: Passed | L60: Untested | O60: =LEFT(A60, FIND(".", A60) - 1) -> MT701
A61: MT701.04 | B61: Kiểm tra điện MT701 - Webservice NAME AND ADDRESS được gán tương ứng với các trường trong điện | D61: 1. Login hệ thống TF bằng user admin 2. Truy cập theo đường dẫn Financial Services Analytical Applications Transactions Filtering/ Financial Services Sanctions Pack/ SWIFT Configuration Admin 3. Chọn điện MT701 trên drop down list 4. Sau khi bấm nút Save, click liên tiếp 2 lần button mũi tên sang phải (>) ở bên cạnh. 5. Chọn webservice NAME AND ADDRESS trên dropdown list Screening webservice trên màn hình và kiểm tra các tags tương ứng được gán | F61: Thông tin hiển thị các field, field name tương ứng theo từng webservice đảm bảo đủ, đúng theo yêu cầu, có trạng thái Enable = Yes, bao gồm: Basic Header Block - LT Identifier Application Header Input - Receiver's Address Application Header Output - Full input SWIFT address | H61: Medium | I61: Manual | J61: Passed | K61: Passed | L61: Untested | O61: =LEFT(A61, FIND(".", A61) - 1) -> MT701
B62: Kiểm tra config các trường của điện MT707 | O62: =LEFT(A62, FIND(".", A62) - 1) -> #VALUE!
A63: MT707.01 | B63: Kiểm tra điện MT707 - Webservice IDENTIFIER được gán tương ứng với các trường trong điện | D63: 1. Login hệ thống TF bằng user admin 2. Truy cập theo đường dẫn Financial Services Analytical Applications Transactions Filtering/ Financial Services Sanctions Pack/ SWIFT Configuration Admin 3. Chọn điện MT707 trên drop down list 4. Sau khi bấm nút Save, click liên tiếp 2 lần button mũi tên sang phải (>) ở bên cạnh. 5. Chọn webservice IDENTIFIER trên dropdown list Screening webservice trên màn hình và kiểm tra các tags tương ứng được gán | F63: Thông tin hiển thị các field, field name tương ứng theo từng webservice đảm bảo đủ, đúng theo yêu cầu, có trạng thái Enable = Yes, bao gồm: Basic Header Block - LT Identifier Application Header Input - Receiver's Address Application Header Output - Full input SWIFT address 52A - Party Identifier 52A - Identifier Code 52D - Party Identifier 41A - Identifier Code 42A - Party Identifier 42A - Identifier Code 42D - Party Identifier 58A - Party Identifier 58A - Identifier Code 58D - Party Identifier 53A - Party Identifier 53A - Identifier Code 53D - Party Identifier 57A - Party Identifier 57A - Identifier Code 57B - Party Identifier 57D - Party Identifier | H63: Medium | I63: Manual | J63: Passed | K63: Passed | L63: Untested | O63: =LEFT(A63, FIND(".", A63) - 1) -> MT707
A64: MT707.02 | B64: Kiểm tra điện MT707 - Webservice COUNTRY AND CITY được gán tương ứng với các trường trong điện | D64: 1. Login hệ thống TF bằng user admin 2. Truy cập theo đường dẫn Financial Services Analytical Applications Transactions Filtering/ Financial Services Sanctions Pack/ SWIFT Configuration Admin 3. Chọn điện MT707 trên drop down list 4. Sau khi bấm nút Save, click liên tiếp 2 lần button mũi tên sang phải (>) ở bên cạnh. 5. Chọn webservice COUNTRY AND CITY trên dropdown list Screening webservice trên màn hình và kiểm tra các tags tương ứng được gán | F64: Thông tin hiển thị các field, field name tương ứng theo từng webservice đảm bảo đủ, đúng theo yêu cầu, có trạng thái Enable = Yes, bao gồm: Basic Header Block - LT Identifier Application Header Input - Receiver's Address Application Header Output - Full input SWIFT address 52A - Identifier Code 41A - Identifier Code 42A - Identifier Code 58A - Identifier Code 53A - Identifier Code 57A - Identifier Code | H64: Medium | I64: Manual | J64: Passed | K64: Passed | L64: Untested | O64: =LEFT(A64, FIND(".", A64) - 1) -> MT707
A65: MT707.03 | B65: Kiểm tra điện MT707 - Webservice PORT được gán tương ứng với các trường trong điện | D65: 1. Login hệ thống TF bằng user admin 2. Truy cập theo đường dẫn Financial Services Analytical Applications Transactions Filtering/ Financial Services Sanctions Pack/ SWIFT Configuration Admin 3. Chọn điện MT707 trên drop down list 4. Sau khi bấm nút Save, click liên tiếp 2 lần button mũi tên sang phải (>) ở bên cạnh. 5. Chọn webservice PORT trên dropdown list Screening webservice trên màn hình và kiểm tra các tags tương ứng được gán | F65: Thông tin hiển thị các field, field name tương ứng theo từng webservice đảm bảo đủ, đúng theo yêu cầu, có trạng thái Enable = Yes, bao gồm: 44A - Place of Taking in Charge/Dispatch from .../Place of Receipt 44E - Port of Loading/Airport of Departure 44F - Port of Discharge/Airport of Destination 44B - Place of Final Destination/For Transportation to .../Place of Delivery | H65: Medium | I65: Manual | J65: Passed | K65: Passed | L65: Untested | O65: =LEFT(A65, FIND(".", A65) - 1) -> MT707
A66: MT707.04 | B66: Kiểm tra điện MT707 - Webservice NARRATIVE được gán tương ứng với các trường trong điện | D66: 1. Login hệ thống TF bằng user admin 2. Truy cập theo đường dẫn Financial Services Analytical Applications Transactions Filtering/ Financial Services Sanctions Pack/ SWIFT Configuration Admin 3. Chọn điện MT707 trên drop down list 4. Sau khi bấm nút Save, click liên tiếp 2 lần button mũi tên sang phải (>) ở bên cạnh. 5. Chọn webservice NARRATIVE trên dropdown list Screening webservice trên màn hình và kiểm tra các tags tương ứng được gán | F66: Thông tin hiển thị các field, field name tương ứng theo từng webservice đảm bảo đủ, đúng theo yêu cầu, có trạng thái Enable = Yes, bao gồm: 42M - Mixed Payment Details 42P - Negotiation/Deferred Payment Details 44A - Place of Taking in Charge/Dispatch from .../Place of Receipt 44E - Port of Loading/Airport of Departure 44F - Port of Discharge/Airport of Destination 44B - Place of Final Destination/For Transportation to .../Place of Delivery 45B - Description of Goods and/or Services 46B - Documents Required 47B - Additional Conditions 49M - Special Payment Conditions for Beneficiary 49N - Special Payment Conditions for Bank Only 71D - Charges 71N - Narrative or Free Text Information 78 - Instructions to the Paying/Accepting/Negotiating Bank 72Z - Sender to Receiver Information | H66: Medium | I66: Manual | J66: Passed | K66: Passed | L66: Untested | O66: =LEFT(A66, FIND(".", A66) - 1) -> MT707
A67: MT707.05 | B67: Kiểm tra điện MT707 - Webservice NAME AND ADDRESS được gán tương ứng với các trường trong điện | D67: 1. Login hệ thống TF bằng user admin 2. Truy cập theo đường dẫn Financial Services Analytical Applications Transactions Filtering/ Financial Services Sanctions Pack/ SWIFT Configuration Admin 3. Chọn điện MT707 trên drop down list 4. Sau khi bấm nút Save, click liên tiếp 2 lần button mũi tên sang phải (>) ở bên cạnh. 5. Chọn webservice NAME AND ADDRESS trên dropdown list Screening webservice trên màn hình và kiểm tra các tags tương ứng được gán | F67: Thông tin hiển thị các field, field name tương ứng theo từng webservice đảm bảo đủ, đúng theo yêu cầu, có trạng thái Enable = Yes, bao gồm: Basic Header Block - LT Identifier Application Header Input - Receiver's Address Application Header Output - Full input SWIFT address 52A - Identifier Code 52D - Name and Address 50B - Non-Bank Issuer 50 - Changed Applicant Details 59 - Name and Address 41A - Identifier Code 41D - Name and Address 42A - Identifier Code 42D - Name and Address 58A - Identifier Code 58D - Name and Address 53A - Identifier Code 53D - Name and Address 57A - Identifier Code 57D - Name and Address | H67: Medium | I67: Manual | J67: Passed | K67: Passed | L67: Untested | O67: =LEFT(A67, FIND(".", A67) - 1) -> MT707
B68: Kiểm tra config các trường của điện MT710 | O68: =LEFT(A68, FIND(".", A68) - 1) -> #VALUE!
A69: MT710.01 | B69: Kiểm tra điện MT710 - Webservice IDENTIFIER được gán tương ứng với các trường trong điện | D69: 1. Login hệ thống TF bằng user admin 2. Truy cập theo đường dẫn Financial Services Analytical Applications Transactions Filtering/ Financial Services Sanctions Pack/ SWIFT Configuration Admin 3. Chọn điện MT710 trên drop down list 4. Sau khi bấm nút Save, click liên tiếp 2 lần button mũi tên sang phải (>) ở bên cạnh. 5. Chọn webservice IDENTIFIER trên dropdown list Screening webservice trên màn hình và kiểm tra các tags tương ứng được gán | F69: Thông tin hiển thị các field, field name tương ứng theo từng webservice đảm bảo đủ, đúng theo yêu cầu, có trạng thái Enable = Yes, bao gồm: Basic Header Block - LT Identifier Application Header Input - Receiver's Address Application Header Output - Full input SWIFT address 52A - Party Identifier 52A - Identifier Code 52D - Party Identifier 51A - Party Identifier 51A - Identifier Code 51D - Party Identifier 41A - Identifier Code 42A - Party Identifier 42A - Identifier Code 42D - Party Identifier 58A - Party Identifier 58A - Identifier Code 58D - Party Identifier 53A - Party Identifier 53A - Identifier Code 53D - Party Identifier 57A - Party Identifier 57A - Identifier Code 57B - Party Identifier 57D - Party Identifier | H69: Medium | I69: Manual | J69: Passed | K69: Passed | L69: Untested | O69: =LEFT(A69, FIND(".", A69) - 1) -> MT710
A70: MT710.02 | B70: Kiểm tra điện MT710 - Webservice COUNTRY AND CITY được gán tương ứng với các trường trong điện | D70: 1. Login hệ thống TF bằng user admin 2. Truy cập theo đường dẫn Financial Services Analytical Applications Transactions Filtering/ Financial Services Sanctions Pack/ SWIFT Configuration Admin 3. Chọn điện MT710 trên drop down list 4. Sau khi bấm nút Save, click liên tiếp 2 lần button mũi tên sang phải (>) ở bên cạnh. 5. Chọn webservice COUNTRY AND CITY trên dropdown list Screening webservice trên màn hình và kiểm tra các tags tương ứng được gán | F70: Thông tin hiển thị các field, field name tương ứng theo từng webservice đảm bảo đủ, đúng theo yêu cầu, có trạng thái Enable = Yes, bao gồm: Basic Header Block - LT Identifier Application Header Input - Receiver's Address Application Header Output - Full input SWIFT address 52A - Identifier Code 51A - Identifier Code 41A - Identifier Code 42A - Identifier Code 58A - Identifier Code 53A - Identifier Code 57A - Identifier Code | H70: Medium | I70: Manual | J70: Passed | K70: Passed | L70: Untested | O70: =LEFT(A70, FIND(".", A70) - 1) -> MT710
A71: MT710.03 | B71: Kiểm tra điện MT710 - Webservice PORT được gán tương ứng với các trường trong điện | D71: 1. Login hệ thống TF bằng user admin 2. Truy cập theo đường dẫn Financial Services Analytical Applications Transactions Filtering/ Financial Services Sanctions Pack/ SWIFT Configuration Admin 3. Chọn điện MT710 trên drop down list 4. Sau khi bấm nút Save, click liên tiếp 2 lần button mũi tên sang phải (>) ở bên cạnh. 5. Chọn webservice PORT trên dropdown list Screening webservice trên màn hình và kiểm tra các tags tương ứng được gán | F71: Thông tin hiển thị các field, field name tương ứng theo từng webservice đảm bảo đủ, đúng theo yêu cầu, có trạng thái Enable = Yes, bao gồm: 44A - Place of Taking in Charge/Dispatch from .../Place of Receipt 44E - Port of Loading/Airport of Departure 44F - Port of Discharge/Airport of Destination 44B - Place of Final Destination/For Transportation to .../Place of Delivery | H71: Medium | I71: Manual | J71: Passed | K71: Passed | L71: Untested | O71: =LEFT(A71, FIND(".", A71) - 1) -> MT710
A72: MT710.04 | B72: Kiểm tra điện MT710 - Webservice NARRATIVE được gán tương ứng với các trường trong điện | D72: 1. Login hệ thống TF bằng user admin 2. Truy cập theo đường dẫn Financial Services Analytical Applications Transactions Filtering/ Financial Services Sanctions Pack/ SWIFT Configuration Admin 3. Chọn điện MT710 trên drop down list 4. Sau khi bấm nút Save, click liên tiếp 2 lần button mũi tên sang phải (>) ở bên cạnh. 5. Chọn webservice NARRATIVE trên dropdown list Screening webservice trên màn hình và kiểm tra các tags tương ứng được gán | F72: Thông tin hiển thị các field, field name tương ứng theo từng webservice đảm bảo đủ, đúng theo yêu cầu, có trạng thái Enable = Yes, bao gồm: 42M - Mixed Payment Details 42P - Negotiation/Deferred Payment Details 44A - Place of Taking in Charge/Dispatch from .../Place of Receipt 44E - Port of Loading/Airport of Departure 44F - Port of Discharge/Airport of Destination 44B - Place of Final Destination/For Transportation to .../Place of Delivery 45A - Description of Goods and/or Services 46A - Documents Required 47A - Additional Conditions 49G - Special Payment Conditions for Beneficiary 49H - Special Payment Conditions for Bank Only 71D - Charges 78 - Instructions to the Paying/Accepting/Negotiating Bank 78D - Instructions from Intermediary Bank 72Z - Sender to Receiver Information | H72: Medium | I72: Manual | J72: Passed | K72: Passed | L72: Untested | O72: =LEFT(A72, FIND(".", A72) - 1) -> MT710
A73: MT710.05 | B73: Kiểm tra điện MT710 - Webservice NAME AND ADDRESS được gán tương ứng với các trường trong điện | D73: 1. Login hệ thống TF bằng user admin 2. Truy cập theo đường dẫn Financial Services Analytical Applications Transactions Filtering/ Financial Services Sanctions Pack/ SWIFT Configuration Admin 3. Chọn điện MT710 trên drop down list 4. Sau khi bấm nút Save, click liên tiếp 2 lần button mũi tên sang phải (>) ở bên cạnh. 5. Chọn webservice NAME AND ADDRESS trên dropdown list Screening webservice trên màn hình và kiểm tra các tags tương ứng được gán | F73: Thông tin hiển thị các field, field name tương ứng theo từng webservice đảm bảo đủ, đúng theo yêu cầu, có trạng thái Enable = Yes, bao gồm: Basic Header Block - LT Identifier Application Header Input - Receiver's Address Application Header Output - Full input SWIFT address 52A - Identifier Code 52D - Name and Address 50B - Non-Bank Issuer 51A - Identifier Code 51D - Name and Address 50 - Applicant 59 - Name and Address 41A - Identifier Code 41D - Name and Address 42A - Identifier Code 42D - Name and Address 58A - Identifier Code 58D - Name and Address 53A - Identifier Code 53D - Name and Address 57A - Identifier Code 57D - Name and Address | H73: Medium | I73: Manual | J73: Passed | K73: Passed | L73: Untested | O73: =LEFT(A73, FIND(".", A73) - 1) -> MT710
B74: Kiểm tra config các trường của điện MT711 | O74: =LEFT(A74, FIND(".", A74) - 1) -> #VALUE!
A75: MT711.01 | B75: Kiểm tra điện MT711 - Webservice IDENTIFIER được gán tương ứng với các trường trong điện | D75: 1. Login hệ thống TF bằng user admin 2. Truy cập theo đường dẫn Financial Services Analytical Applications Transactions Filtering/ Financial Services Sanctions Pack/ SWIFT Configuration Admin 3. Chọn điện MT711 trên drop down list 4. Sau khi bấm nút Save, click liên tiếp 2 lần button mũi tên sang phải (>) ở bên cạnh. 5. Chọn webservice IDENTIFIER trên dropdown list Screening webservice trên màn hình và kiểm tra các tags tương ứng được gán | F75: Thông tin hiển thị các field, field name tương ứng theo từng webservice đảm bảo đủ, đúng theo yêu cầu, có trạng thái Enable = Yes, bao gồm: Basic Header Block - LT Identifier Application Header Input - Receiver's Address Application Header Output - Full input SWIFT address | H75: Medium | I75: Manual | J75: Passed | K75: Passed | L75: Untested | O75: =LEFT(A75, FIND(".", A75) - 1) -> MT711
A76: MT711.02 | B76: Kiểm tra điện MT711 - Webservice COUNTRY AND CITY được gán tương ứng với các trường trong điện | D76: 1. Login hệ thống TF bằng user admin 2. Truy cập theo đường dẫn Financial Services Analytical Applications Transactions Filtering/ Financial Services Sanctions Pack/ SWIFT Configuration Admin 3. Chọn điện MT711 trên drop down list 4. Sau khi bấm nút Save, click liên tiếp 2 lần button mũi tên sang phải (>) ở bên cạnh. 5. Chọn webservice COUNTRY AND CITY trên dropdown list Screening webservice trên màn hình và kiểm tra các tags tương ứng được gán | F76: Thông tin hiển thị các field, field name tương ứng theo từng webservice đảm bảo đủ, đúng theo yêu cầu, có trạng thái Enable = Yes, bao gồm: Basic Header Block - LT Identifier Application Header Input - Receiver's Address Application Header Output - Full input SWIFT address | H76: Medium | I76: Manual | J76: Passed | K76: Passed | L76: Untested | O76: =LEFT(A76, FIND(".", A76) - 1) -> MT711
A77: MT711.03 | B77: Kiểm tra điện MT711 - Webservice NARRATIVE được gán tương ứng với các trường trong điện | D77: 1. Login hệ thống TF bằng user admin 2. Truy cập theo đường dẫn Financial Services Analytical Applications Transactions Filtering/ Financial Services Sanctions Pack/ SWIFT Configuration Admin 3. Chọn điện MT711 trên drop down list 4. Sau khi bấm nút Save, click liên tiếp 2 lần button mũi tên sang phải (>) ở bên cạnh. 5. Chọn webservice NARRATIVE trên dropdown list Screening webservice trên màn hình và kiểm tra các tags tương ứng được gán | F77: Thông tin hiển thị các field, field name tương ứng theo từng webservice đảm bảo đủ, đúng theo yêu cầu, có trạng thái Enable = Yes, bao gồm: 45A - Description of Goods and/or Services 46A - Documents Required 47A - Additional Conditions 49G - Special Payment Conditions for Beneficiary 49H - Special Payment Conditions for Bank Only | H77: Medium | I77: Manual | J77: Passed | K77: Passed | L77: Untested | O77: =LEFT(A77, FIND(".", A77) - 1) -> MT711
A78: MT711.04 | B78: Kiểm tra điện MT711 - Webservice NAME AND ADDRESS được gán tương ứng với các trường trong điện | D78: 1. Login hệ thống TF bằng user admin 2. Truy cập theo đường dẫn Financial Services Analytical Applications Transactions Filtering/ Financial Services Sanctions Pack/ SWIFT Configuration Admin 3. Chọn điện MT711 trên drop down list 4. Sau khi bấm nút Save, click liên tiếp 2 lần button mũi tên sang phải (>) ở bên cạnh. 5. Chọn webservice NAME AND ADDRESS trên dropdown list Screening webservice trên màn hình và kiểm tra các tags tương ứng được gán | F78: Thông tin hiển thị các field, field name tương ứng theo từng webservice đảm bảo đủ, đúng theo yêu cầu, có trạng thái Enable = Yes, bao gồm: Basic Header Block - LT Identifier Application Header Input - Receiver's Address Application Header Output - Full input SWIFT address | H78: Medium | I78: Manual | J78: Passed | K78: Passed | L78: Untested | O78: =LEFT(A78, FIND(".", A78) - 1) -> MT711
B79: Kiểm tra config các trường của điện MT720 | O79: =LEFT(A79, FIND(".", A79) - 1) -> #VALUE!
A80: MT720.01 | B80: Kiểm tra điện MT720 - Webservice IDENTIFIER được gán tương ứng với các trường trong điện | D80: 1. Login hệ thống TF bằng user admin 2. Truy cập theo đường dẫn Financial Services Analytical Applications Transactions Filtering/ Financial Services Sanctions Pack/ SWIFT Configuration Admin 3. Chọn điện MT720 trên drop down list 4. Sau khi bấm nút Save, click liên tiếp 2 lần button mũi tên sang phải (>) ở bên cạnh. 5. Chọn webservice IDENTIFIER trên dropdown list Screening webservice trên màn hình và kiểm tra các tags tương ứng được gán | F80: Thông tin hiển thị các field, field name tương ứng theo từng webservice đảm bảo đủ, đúng theo yêu cầu, có trạng thái Enable = Yes, bao gồm: Basic Header Block - LT Identifier Application Header Input - Receiver's Address Application Header Output - Full input SWIFT address 52A - Party Identifier 52A - Identifier Code 52D - Party Identifier 41A - Identifier Code 42A - Party Identifier 42A - Identifier Code 42D - Party Identifier 58A - Party Identifier 58A - Identifier Code 58D - Party Identifier 57A - Party Identifier 57A - Identifier Code 57B - Party Identifier 57D - Party Identifier | H80: Medium | I80: Manual | J80: Passed | K80: Passed | L80: Untested | O80: =LEFT(A80, FIND(".", A80) - 1) -> MT720
A81: MT720.02 | B81: Kiểm tra điện MT720 - Webservice COUNTRY AND CITY được gán tương ứng với các trường trong điện | D81: 1. Login hệ thống TF bằng user admin 2. Truy cập theo đường dẫn Financial Services Analytical Applications Transactions Filtering/ Financial Services Sanctions Pack/ SWIFT Configuration Admin 3. Chọn điện MT720 trên drop down list 4. Sau khi bấm nút Save, click liên tiếp 2 lần button mũi tên sang phải (>) ở bên cạnh. 5. Chọn webservice COUNTRY AND CITY trên dropdown list Screening webservice trên màn hình và kiểm tra các tags tương ứng được gán | F81: Thông tin hiển thị các field, field name tương ứng theo từng webservice đảm bảo đủ, đúng theo yêu cầu, có trạng thái Enable = Yes, bao gồm: Basic Header Block - LT Identifier Application Header Input - Receiver's Address Application Header Output - Full input SWIFT address 52A - Identifier Code 41A - Identifier Code 42A - Identifier Code 58A - Identifier Code 57A - Identifier Code | H81: Medium | I81: Manual | J81: Passed | K81: Passed | L81: Untested | O81: =LEFT(A81, FIND(".", A81) - 1) -> MT720
A82: MT720.03 | B82: Kiểm tra điện MT720 - Webservice PORT được gán tương ứng với các trường trong điện | D82: 1. Login hệ thống TF bằng user admin 2. Truy cập theo đường dẫn Financial Services Analytical Applications Transactions Filtering/ Financial Services Sanctions Pack/ SWIFT Configuration Admin 3. Chọn điện MT720 trên drop down list 4. Sau khi bấm nút Save, click liên tiếp 2 lần button mũi tên sang phải (>) ở bên cạnh. 5. Chọn webservice PORT trên dropdown list Screening webservice trên màn hình và kiểm tra các tags tương ứng được gán | F82: Thông tin hiển thị các field, field name tương ứng theo từng webservice đảm bảo đủ, đúng theo yêu cầu, có trạng thái Enable = Yes, bao gồm: 44A - Place of Taking in Charge/Dispatch from .../Place of Receipt 44E - Port of Loading/Airport of Departure 44F - Port of Discharge/Airport of Destination 44B - Place of Final Destination/For Transportation to .../Place of Delivery | H82: Medium | I82: Manual | J82: Passed | K82: Passed | L82: Untested | O82: =LEFT(A82, FIND(".", A82) - 1) -> MT720
A83: MT720.04 | B83: Kiểm tra điện MT720 - Webservice NARRATIVE được gán tương ứng với các trường trong điện | D83: 1. Login hệ thống TF bằng user admin 2. Truy cập theo đường dẫn Financial Services Analytical Applications Transactions Filtering/ Financial Services Sanctions Pack/ SWIFT Configuration Admin 3. Chọn điện MT720 trên drop down list 4. Sau khi bấm nút Save, click liên tiếp 2 lần button mũi tên sang phải (>) ở bên cạnh. 5. Chọn webservice NARRATIVE trên dropdown list Screening webservice trên màn hình và kiểm tra các tags tương ứng được gán | F83: Thông tin hiển thị các field, field name tương ứng theo từng webservice đảm bảo đủ, đúng theo yêu cầu, có trạng thái Enable = Yes, bao gồm: 42M - Mixed Payment Details 42P - Negotiation/Deferred Payment Details 44A - Place of Taking in Charge/Dispatch from .../Place of Receipt 44E - Port of Loading/Airport of Departure 44F - Port of Discharge/Airport of Destination 44B - Place of Final Destination/For Transportation to .../Place of Delivery 45A - Description of Goods and/or Services 46A - Documents Required 47A - Additional Conditions 49G - Special Payment Conditions for Beneficiary 49H - Special Payment Conditions for Bank Only 71D - Charges 78 - Instructions to the Paying/Accepting/Negotiating Bank 78D - Instructions from Transferring Bank 72Z - Sender to Receiver Information | H83: Medium | I83: Manual | J83: Passed | K83: Passed | L83: Untested | O83: =LEFT(A83, FIND(".", A83) - 1) -> MT720
A84: MT720.05 | B84: Kiểm tra điện MT720 - Webservice NAME AND ADDRESS được gán tương ứng với các trường trong điện | D84: 1. Login hệ thống TF bằng user admin 2. Truy cập theo đường dẫn Financial Services Analytical Applications Transactions Filtering/ Financial Services Sanctions Pack/ SWIFT Configuration Admin 3. Chọn điện MT720 trên drop down list 4. Sau khi bấm nút Save, click liên tiếp 2 lần button mũi tên sang phải (>) ở bên cạnh. 5. Chọn webservice NAME AND ADDRESS trên dropdown list Screening webservice trên màn hình và kiểm tra các tags tương ứng được gán | F84: Thông tin hiển thị các field, field name tương ứng theo từng webservice đảm bảo đủ, đúng theo yêu cầu, có trạng thái Enable = Yes, bao gồm: Basic Header Block - LT Identifier Application Header Input - Receiver's Address Application Header Output - Full input SWIFT address 52A - Identifier Code 52D - Name and Address 50B - Non-Bank Issuer of the Original Documentary Credit 50 - First Beneficiary 59 - Name and Address 41A - Identifier Code 41D - Name and Address 42A - Identifier Code 42D - Name and Address 58A - Identifier Code 58D - Name and Address 57A - Identifier Code 57D - Name and Address | H84: Medium | I84: Manual | J84: Passed | K84: Passed | L84: Untested | O84: =LEFT(A84, FIND(".", A84) - 1) -> MT720
B85: Kiểm tra config các trường của điện MT740
A86: MT740.01 | B86: Kiểm tra điện MT740 - Webservice IDENTIFIER được gán tương ứng với các trường trong điện | D86: 1. Login hệ thống TF bằng user admin 2. Truy cập theo đường dẫn Financial Services Analytical Applications Transactions Filtering/ Financial Services Sanctions Pack/ SWIFT Configuration Admin 3. Chọn điện MT740 trên drop down list 4. Sau khi bấm nút Save, click liên tiếp 2 lần button mũi tên sang phải (>) ở bên cạnh. 5. Chọn webservice IDENTIFIER trên dropdown list Screening webservice trên màn hình và kiểm tra các tags tương ứng được gán | F86: Thông tin hiển thị các field, field name tương ứng theo từng webservice đảm bảo đủ, đúng theo yêu cầu, có trạng thái Enable = Yes, bao gồm: Basic Header Block - LT Identifier Application Header Input - Receiver's Address Application Header Output - Full input SWIFT address 58A - Party Identifier 58A - Identifier Code 58D - Party Identifier 41A - Identifier Code 42A - Party Identifier 42A - Identifier Code 42D - Party Identifier | H86: Medium | I86: Manual | J86: Passed | K86: Passed | L86: Untested | O86: =LEFT(A86, FIND(".", A86) - 1) -> MT740
A87: MT740.02 | B87: Kiểm tra điện MT740 - Webservice COUNTRY AND CITY được gán tương ứng với các trường trong điện | D87: 1. Login hệ thống TF bằng user admin 2. Truy cập theo đường dẫn Financial Services Analytical Applications Transactions Filtering/ Financial Services Sanctions Pack/ SWIFT Configuration Admin 3. Chọn điện MT740 trên drop down list 4. Sau khi bấm nút Save, click liên tiếp 2 lần button mũi tên sang phải (>) ở bên cạnh. 5. Chọn webservice COUNTRY AND CITY trên dropdown list Screening webservice trên màn hình và kiểm tra các tags tương ứng được gán | F87: Thông tin hiển thị các field, field name tương ứng theo từng webservice đảm bảo đủ, đúng theo yêu cầu, có trạng thái Enable = Yes, bao gồm: Basic Header Block - LT Identifier Application Header Input - Receiver's Address Application Header Output - Full input SWIFT address 58A - Identifier Code 41A - Identifier Code 42A - Identifier Code | H87: Medium | I87: Manual | J87: Passed | K87: Passed | L87: Untested | O87: =LEFT(A87, FIND(".", A87) - 1) -> MT740
A88: MT740.03 | B88: Kiểm tra điện MT740 - Webservice NARRATIVE được gán tương ứng với các trường trong điện | D88: 1. Login hệ thống TF bằng user admin 2. Truy cập theo đường dẫn Financial Services Analytical Applications Transactions Filtering/ Financial Services Sanctions Pack/ SWIFT Configuration Admin 3. Chọn điện MT740 trên drop down list 4. Sau khi bấm nút Save, click liên tiếp 2 lần button mũi tên sang phải (>) ở bên cạnh. 5. Chọn webservice NARRATIVE trên dropdown list Screening webservice trên màn hình và kiểm tra các tags tương ứng được gán | F88: Thông tin hiển thị các field, field name tương ứng theo từng webservice đảm bảo đủ, đúng theo yêu cầu, có trạng thái Enable = Yes, bao gồm: 42M - Mixed Payment Details 42P - Negotiation/Deferred Payment Details 71D - Other Charges 72Z - Sender to Receiver Information | H88: Medium | I88: Manual | J88: Passed | K88: Passed | L88: Untested | O88: =LEFT(A88, FIND(".", A88) - 1) -> MT740
A89: MT740.04 | B89: Kiểm tra điện MT740 - Webservice NAME AND ADDRESS được gán tương ứng với các trường trong điện | D89: 1. Login hệ thống TF bằng user admin 2. Truy cập theo đường dẫn Financial Services Analytical Applications Transactions Filtering/ Financial Services Sanctions Pack/ SWIFT Configuration Admin 3. Chọn điện MT740 trên drop down list 4. Sau khi bấm nút Save, click liên tiếp 2 lần button mũi tên sang phải (>) ở bên cạnh. 5. Chọn webservice NAME AND ADDRESS trên dropdown list Screening webservice trên màn hình và kiểm tra các tags tương ứng được gán | F89: Thông tin hiển thị các field, field name tương ứng theo từng webservice đảm bảo đủ, đúng theo yêu cầu, có trạng thái Enable = Yes, bao gồm: Basic Header Block - LT Identifier Application Header Input - Receiver's Address Application Header Output - Full input SWIFT address 58A - Identifier Code 58D - Name and Address 59 - Name and Address 41A - Identifier Code 41D - Name and Address 42A - Identifier Code 42D - Name and Address | H89: Medium | I89: Manual | J89: Passed | K89: Passed | L89: Untested | O89: =LEFT(A89, FIND(".", A89) - 1) -> MT740
B90: Kiểm tra config các trường của điện MT742 | O90: =LEFT(A90, FIND(".", A90) - 1) -> #VALUE!
A91: MT742.01 | B91: Kiểm tra điện MT742 - Webservice IDENTIFIER được gán tương ứng với các trường trong điện | D91: 1. Login hệ thống TF bằng user admin 2. Truy cập theo đường dẫn Financial Services Analytical Applications Transactions Filtering/ Financial Services Sanctions Pack/ SWIFT Configuration Admin 3. Chọn điện MT742 trên drop down list 4. Sau khi bấm nút Save, click liên tiếp 2 lần button mũi tên sang phải (>) ở bên cạnh. 5. Chọn webservice IDENTIFIER trên dropdown list Screening webservice trên màn hình và kiểm tra các tags tương ứng được gán | F91: Thông tin hiển thị các field, field name tương ứng theo từng webservice đảm bảo đủ, đúng theo yêu cầu, có trạng thái Enable = Yes, bao gồm: Basic Header Block - LT Identifier Application Header Input - Receiver's Address Application Header Output - Full input SWIFT address 52A - Party Identifier 52A - Identifier Code 52D - Party Identifier 57A - Party Identifier 57A - Identifier Code 57B - Party Identifier 57D - Party Identifier 58A - Party Identifier 58A - Identifier Code 58D - Party Identifier | H91: Medium | I91: Manual | J91: Passed | K91: Passed | L91: Untested | O91: =LEFT(A91, FIND(".", A91) - 1) -> MT742
A92: MT742.02 | B92: Kiểm tra điện MT742 - Webservice COUNTRY AND CITY được gán tương ứng với các trường trong điện | D92: 1. Login hệ thống TF bằng user admin 2. Truy cập theo đường dẫn Financial Services Analytical Applications Transactions Filtering/ Financial Services Sanctions Pack/ SWIFT Configuration Admin 3. Chọn điện MT742 trên drop down list 4. Sau khi bấm nút Save, click liên tiếp 2 lần button mũi tên sang phải (>) ở bên cạnh. 5. Chọn webservice COUNTRY AND CITY trên dropdown list Screening webservice trên màn hình và kiểm tra các tags tương ứng được gán | F92: Thông tin hiển thị các field, field name tương ứng theo từng webservice đảm bảo đủ, đúng theo yêu cầu, có trạng thái Enable = Yes, bao gồm: Basic Header Block - LT Identifier Application Header Input - Receiver's Address Application Header Output - Full input SWIFT address 52A - Identifier Code 57A - Identifier Code 58A - Identifier Code | H92: Medium | I92: Manual | J92: Passed | K92: Passed | L92: Untested | O92: =LEFT(A92, FIND(".", A92) - 1) -> MT742
A93: MT742.03 | B93: Kiểm tra điện MT742 - Webservice NARRATIVE được gán tương ứng với các trường trong điện | D93: 1. Login hệ thống TF bằng user admin 2. Truy cập theo đường dẫn Financial Services Analytical Applications Transactions Filtering/ Financial Services Sanctions Pack/ SWIFT Configuration Admin 3. Chọn điện MT742 trên drop down list 4. Sau khi bấm nút Save, click liên tiếp 2 lần button mũi tên sang phải (>) ở bên cạnh. 5. Chọn webservice NARRATIVE trên dropdown list Screening webservice trên màn hình và kiểm tra các tags tương ứng được gán | F93: Thông tin hiển thị các field, field name tương ứng theo từng webservice đảm bảo đủ, đúng theo yêu cầu, có trạng thái Enable = Yes, bao gồm: 71D - Charges 72Z - Sender to Receiver Information | H93: Medium | I93: Manual | J93: Passed | K93: Passed | L93: Untested | O93: =LEFT(A93, FIND(".", A93) - 1) -> MT742
A94: MT742.04 | B94: Kiểm tra điện MT742 - Webservice NAME AND ADDRESS được gán tương ứng với các trường trong điện | D94: 1. Login hệ thống TF bằng user admin 2. Truy cập theo đường dẫn Financial Services Analytical Applications Transactions Filtering/ Financial Services Sanctions Pack/ SWIFT Configuration Admin 3. Chọn điện MT742 trên drop down list 4. Sau khi bấm nút Save, click liên tiếp 2 lần button mũi tên sang phải (>) ở bên cạnh. 5. Chọn webservice NAME AND ADDRESS trên dropdown list Screening webservice trên màn hình và kiểm tra các tags tương ứng được gán | F94: Thông tin hiển thị các field, field name tương ứng theo từng webservice đảm bảo đủ, đúng theo yêu cầu, có trạng thái Enable = Yes, bao gồm: Basic Header Block - LT Identifier Application Header Input - Receiver's Address Application Header Output - Full input SWIFT address 52A - Identifier Code 52D - Name and Address 57A - Identifier Code 57D - Name and Address 58A - Identifier Code 58D - Name and Address | H94: Medium | I94: Manual | J94: Passed | K94: Passed | L94: Untested | O94: =LEFT(A94, FIND(".", A94) - 1) -> MT742
B95: Kiểm tra config các trường của điện MT747 | O95: =LEFT(A95, FIND(".", A95) - 1) -> #VALUE!
A96: MT747.01 | B96: Kiểm tra điện MT747 - Webservice IDENTIFIER được gán tương ứng với các trường trong điện | D96: 1. Login hệ thống TF bằng user admin 2. Truy cập theo đường dẫn Financial Services Analytical Applications Transactions Filtering/ Financial Services Sanctions Pack/ SWIFT Configuration Admin 3. Chọn điện MT747 trên drop down list 4. Sau khi bấm nút Save, click liên tiếp 2 lần button mũi tên sang phải (>) ở bên cạnh. 5. Chọn webservice IDENTIFIER trên dropdown list Screening webservice trên màn hình và kiểm tra các tags tương ứng được gán | F96: Thông tin hiển thị các field, field name tương ứng theo từng webservice đảm bảo đủ, đúng theo yêu cầu, có trạng thái Enable = Yes, bao gồm: Basic Header Block - LT Identifier Application Header Input - Receiver's Address Application Header Output - Full input SWIFT address | H96: Medium | I96: Manual | J96: Passed | K96: Passed | L96: Untested | O96: =LEFT(A96, FIND(".", A96) - 1) -> MT747
A97: MT747.02 | B97: Kiểm tra điện MT747 - Webservice COUNTRY AND CITY được gán tương ứng với các trường trong điện | D97: 1. Login hệ thống TF bằng user admin 2. Truy cập theo đường dẫn Financial Services Analytical Applications Transactions Filtering/ Financial Services Sanctions Pack/ SWIFT Configuration Admin 3. Chọn điện MT747 trên drop down list 4. Sau khi bấm nút Save, click liên tiếp 2 lần button mũi tên sang phải (>) ở bên cạnh. 5. Chọn webservice COUNTRY AND CITY trên dropdown list Screening webservice trên màn hình và kiểm tra các tags tương ứng được gán | F97: Thông tin hiển thị các field, field name tương ứng theo từng webservice đảm bảo đủ, đúng theo yêu cầu, có trạng thái Enable = Yes, bao gồm: Basic Header Block - LT Identifier Application Header Input - Receiver's Address Application Header Output - Full input SWIFT address | H97: Medium | I97: Manual | J97: Passed | K97: Passed | L97: Untested | O97: =LEFT(A97, FIND(".", A97) - 1) -> MT747
A98: MT747.03 | B98: Kiểm tra điện MT747 - Webservice NARRATIVE được gán tương ứng với các trường trong điện | D98: 1. Login hệ thống TF bằng user admin 2. Truy cập theo đường dẫn Financial Services Analytical Applications Transactions Filtering/ Financial Services Sanctions Pack/ SWIFT Configuration Admin 3. Chọn điện MT747 trên drop down list 4. Sau khi bấm nút Save, click liên tiếp 2 lần button mũi tên sang phải (>) ở bên cạnh. 5. Chọn webservice NARRATIVE trên dropdown list Screening webservice trên màn hình và kiểm tra các tags tương ứng được gán | F98: Thông tin hiển thị các field, field name tương ứng theo từng webservice đảm bảo đủ, đúng theo yêu cầu, có trạng thái Enable = Yes, bao gồm: 72Z - Sender to Receiver Information 77 - Narrative | H98: Medium | I98: Manual | J98: Passed | K98: Passed | L98: Untested | O98: =LEFT(A98, FIND(".", A98) - 1) -> MT747
A99: MT747.04 | B99: Kiểm tra điện MT747 - Webservice NAME AND ADDRESS được gán tương ứng với các trường trong điện | D99: 1. Login hệ thống TF bằng user admin 2. Truy cập theo đường dẫn Financial Services Analytical Applications Transactions Filtering/ Financial Services Sanctions Pack/ SWIFT Configuration Admin 3. Chọn điện MT747 trên drop down list 4. Sau khi bấm nút Save, click liên tiếp 2 lần button mũi tên sang phải (>) ở bên cạnh. 5. Chọn webservice NAME AND ADDRESS trên dropdown list Screening webservice trên màn hình và kiểm tra các tags tương ứng được gán | F99: Thông tin hiển thị các field, field name tương ứng theo từng webservice đảm bảo đủ, đúng theo yêu cầu, có trạng thái Enable = Yes, bao gồm: Basic Header Block - LT Identifier Application Header Input - Receiver's Address Application Header Output - Full input SWIFT address | H99: Medium | I99: Manual | J99: Passed | K99: Passed | L99: Untested | O99: =LEFT(A99, FIND(".", A99) - 1) -> MT747
B100: Kiểm tra config các trường của điện MT760 | O100: =LEFT(A100, FIND(".", A100) - 1) -> #VALUE!
A101: MT760.01 | B101: Kiểm tra điện MT760 (Sequence) - Webservice IDENTIFIER được gán tương ứng với các trường trong điện | D101: 1. Login hệ thống TF bằng user admin 2. Truy cập theo đường dẫn Financial Services Analytical Applications Transactions Filtering/ Financial Services Sanctions Pack/ SWIFT Configuration Admin 3. Chọn điện MT760 trên drop down list 4. Sau khi bấm nút Save, click liên tiếp 2 lần button mũi tên sang phải (>) ở bên cạnh. 5. Chọn webservice IDENTIFIER trên dropdown list Screening webservice trên màn hình và kiểm tra các tags tương ứng được gán | F101: Thông tin hiển thị các field, field name tương ứng theo từng webservice đảm bảo đủ, đúng theo yêu cầu, có trạng thái Enable = Yes, bao gồm: Basic Header Block - LT Identifier Application Header Input - Receiver's Address Application Header Output - Full input SWIFT address 52A (Sequence B) - Party Identifier 52A (Sequence B) - Identifier Code 52D (Sequence B) - Party Identifier 59A (Sequence B) - Identifier Code 56A (Sequence B) - Party Identifier 56A (Sequence B) - Identifier Code 56D (Sequence B) - Party Identifier 57A (Sequence B) - Party Identifier 57A (Sequence B) - Identifier Code 57D (Sequence B) - Party Identifier 41F (Sequence B) - Identifier Code 58A (Sequence B) - Party Identifier 58A (Sequence B) - Identifier Code 58D (Sequence B) - Party Identifier 52A (Sequence B) - Party Identifier 52A (Sequence C) - Identifier Code 52D (Sequence C) - Party Identifier 57A (Sequence C) - Party Identifier 57A (Sequence C) - Identifier Code 57D (Sequence C) - Party Identifier 41F (Sequence C) - Identifier Code | H101: Medium | I101: Manual | J101: Passed | K101: Passed | L101: Untested | O101: =LEFT(A101, FIND(".", A101) - 1) -> MT760
A102: MT760.02 | B102: Kiểm tra điện MT760 (Sequence) - Webservice COUNTRY AND CITY được gán tương ứng với các trường trong điện | D102: 1. Login hệ thống TF bằng user admin 2. Truy cập theo đường dẫn Financial Services Analytical Applications Transactions Filtering/ Financial Services Sanctions Pack/ SWIFT Configuration Admin 3. Chọn điện MT760 trên drop down list 4. Sau khi bấm nút Save, click liên tiếp 2 lần button mũi tên sang phải (>) ở bên cạnh. 5. Chọn webservice COUNTRY AND CITY trên dropdown list Screening webservice trên màn hình và kiểm tra các tags tương ứng được gán | F102: Thông tin hiển thị các field, field name tương ứng theo từng webservice đảm bảo đủ, đúng theo yêu cầu, có trạng thái Enable = Yes, bao gồm: Basic Header Block - LT Identifier Application Header Input - Receiver's Address Application Header Output - Full input SWIFT address 52A (Sequence B) - Identifier Code 59A (Sequence B) - Identifier Code 56A (Sequence B) - Identifier Code 57A (Sequence B) - Identifier Code 41F (Sequence B) - Identifier Code 58A (Sequence B) - Identifier Code 52A (Sequence C) - Identifier Code 57A (Sequence C) - Identifier Code 41F (Sequence C) - Identifier Code | H102: Medium | I102: Manual | J102: Failed | K102: Passed | L102: Untested | O102: =LEFT(A102, FIND(".", A102) - 1) -> MT760
A103: MT760.03 | B103: Kiểm tra điện MT760 (Sequence) - Webservice NARRATIVE được gán tương ứng với các trường trong điện | D103: 1. Login hệ thống TF bằng user admin 2. Truy cập theo đường dẫn Financial Services Analytical Applications Transactions Filtering/ Financial Services Sanctions Pack/ SWIFT Configuration Admin 3. Chọn điện MT760 trên drop down list 4. Sau khi bấm nút Save, click liên tiếp 2 lần button mũi tên sang phải (>) ở bên cạnh. 5. Chọn webservice NARRATIVE trên dropdown list Screening webservice trên màn hình và kiểm tra các tags tương ứng được gán | F103: Thông tin hiển thị các field, field name tương ứng theo từng webservice đảm bảo đủ, đúng theo yêu cầu, có trạng thái Enable = Yes, bao gồm: 72Z (Sequence A) - Sender to Receiver Information 35G (Sequence B) - Expiry Condition/Event 39F (Sequence B) - Supplementary Information About Amount 71D (Sequence B) - Charges 45C (Sequence B) - Document and Presentation Instructions 77U (Sequence B) - Undertaking Terms and Conditions 78 (Sequence B) - Automatic Extension Non-Extension Notification 39E (Sequence B) - Transfer Conditions 45L (Sequence B) - Underlying Transaction Details 35G (Sequence C) - Expiry Condition/Event 39F (Sequence C) - Supplementary Information About Amount 71D (Sequence C) - Charges 45C (Sequence C) - Document and Presentation Instructions 77L (Sequence C) - Requested Local Undertaking Terms and Conditions 78 (Sequence C) - Automatic Extension Non-Extension Notification 39E (Sequence C) - Transfer Conditions 45L (Sequence C) - Underlying Transaction Details | H103: Medium | I103: Manual | J103: Passed | K103: Passed | L103: Untested | O103: =LEFT(A103, FIND(".", A103) - 1) -> MT760
...

Sheet Cấu hình chủ thể
A1: Functions | B1: Config EDQ
A2: Build Version | B2: v1.0
B4: High | C4: Medium | D4: Low | E4: Total
C5: =SUM(C6:C11) -> 134 | D5: =SUM(D6:D11) -> 0 | E5: =SUM(B5:D5) -> 134
A6: Passed | B6: =COUNTIFS($K:$K, $A$6,$H:$H,B$4) -> 0 | C6: =COUNTIFS($K:$K, $A$6,$H:$H,C$4) -> 86 | D6: =COUNTIFS($K:$K, $A$6,$H:$H,D$4) -> 0 | E6: =SUM(B6:D6) -> 86
A7: Failed | B7: =COUNTIFS($K:$K, $A$7,$H:$H,B$4) -> 0 | C7: =COUNTIFS($K:$K, $A$7,$H:$H,C$4) -> 0 | D7: =COUNTIFS($K:$K, $A$7,$H:$H,D$4) -> 0 | E7: =SUM(B7:D7) -> 0
A8: Pending | B8: =COUNTIFS($K:$K, $A$8,H:H,B$4) -> 0 | C8: =COUNTIFS($K:$K, $A$8,I:I,C$4) -> 0 | D8: =COUNTIFS($K:$K, $A$8,J:J,D$4) -> 0 | E8: =SUM(B8:D8) -> 0
A9: Untested | B9: =COUNTIFS($K:$K, $A$9,$H:$H,B$4) -> 6 | C9: =COUNTIFS($K:$K, $A$9,$H:$H,C$4) -> 48 | D9: =COUNTIFS($K:$K, $A$9,$H:$H,D$4) -> 0 | E9: =SUM(B9:D9) -> 54
A10: Cancel | B10: =COUNTIFS($K:$K, $A$10,$H:$H,B$4) -> 0 | C10: =COUNTIFS($K:$K, $A$10,$H:$H,C$4) -> 0 | D10: =COUNTIFS($K:$K, $A$10,$H:$H,D$4) -> 0 | E10: =SUM(B10:D10) -> 0
A11: Next | B11: =COUNTIFS($K:$K,$A$11,$H:$H,B$4) -> 0 | C11: =COUNTIFS($K:$K,$A$11,$H:$H,C$4) -> 0 | D11: =COUNTIFS($K:$K,$A$11,$H:$H,D$4) -> 0 | E11: =SUM(B11:D11) -> 0
A14: Test case Id | B14: Test case Title | C14: Pre-conditions | D14: Test Step | E14: Test Datas | F14: Expected result | G14: Test Environment | H14: Priority | I14: Automation Status | J14: 1st Test Results | K14: 2nd Test Results | L14: 3rd Test Results | M14: BugID | N14: Notes
B15: Kiểm tra cấu hình sàng lọc trường dữ liệu với chủ thể đối với điện MT195
A16: MT195_Config_EDQ.01 | B16: Kiểm tra các trường sàng lọc Narrative theo tất cả chủ thể | D16: 1. NSD đăng nhập EDQ Director bằng user được phân quyền 2. NSD truy cập theo đường dẫn Project/Transaction_Screening/ Reference Data/ MSB_TYPE_FOR_OBJ 3. Kiểm tra danh sách các trường được config với Type = "MT195" Webservice_Name = 4 và ENTITY = 'ALL' | F16: 3. Các trường config bao gồm: 75 77A 79 Additional data | H16: Medium | I16: Manual | J16: Passed | K16: Passed | L16: Passed | O16: =LEFT(A16, FIND("_", A16) - 1) -> MT195
A17: MT195_Config_EDQ.02 | B17: Kiểm tra các trường sàng lọc Name and Address theo chủ thể Entity | D17: 1. NSD đăng nhập EDQ Director bằng user được phân quyền 2. NSD truy cập theo đường dẫn Project/Transaction_Screening/ Reference Data/ MSB_TYPE_FOR_OBJ 3. Kiểm tra danh sách các trường được config với Type = "MT195" Webservice_Name = 1 và ENTITY = 'ENT' | F17: 3. Các trường config bao gồm: Basic Header Block Application Header - Input Application Header - Output | H17: Medium | I17: Manual | J17: Passed | K17: Passed | L17: Passed | O17: =LEFT(A17, FIND("_", A17) - 1) -> MT195
A18: MT195_Config_EDQ.03 | B18: Kiểm tra các trường sàng lọc Identifier theo chủ thể Entity | D18: 1. NSD đăng nhập EDQ Director bằng user được phân quyền 2. NSD truy cập theo đường dẫn Project/Transaction_Screening/ Reference Data/ MSB_TYPE_FOR_OBJ 3. Kiểm tra danh sách các trường được config với Type = "MT195" Webservice_Name = 2 và ENTITY = 'ENT' | F18: 3. Các trường config bao gồm: Basic Header Block Application Header - Input Application Header - Output | H18: Medium | I18: Manual | J18: Passed | K18: Passed | L18: Passed | O18: =LEFT(A18, FIND("_", A18) - 1) -> MT195
A19: MT195_Config_EDQ.04 | B19: Kiểm tra các trường sàng lọc Country | D19: 1. NSD đăng nhập EDQ Director bằng user được phân quyền 2. NSD truy cập theo đường dẫn Project/Transaction_Screening/ Reference Data/ MSB_TYPE_FOR_OBJ 3. Kiểm tra danh sách các trường được config với Type = "MT195" Webservice_Name = 3 và ENTITY = 'All' | F19: 3. Các trường config bao gồm: Basic Header Block Application Header - Input Application Header - Output | H19: Medium | I19: Manual | J19: Passed | K19: Passed | L19: Passed | O19: =LEFT(A19, FIND("_", A19) - 1) -> MT195
B20: Kiểm tra cấu hình sàng lọc trường dữ liệu với chủ thể đối với điện MT196
A21: MT196_Config_EDQ.01 | B21: Kiểm tra các trường sàng lọc Narrative theo tất cả chủ thể | D21: 1. NSD đăng nhập EDQ Director bằng user được phân quyền 2. NSD truy cập theo đường dẫn Project/Transaction_Screening/ Reference Data/ MSB_TYPE_FOR_OBJ 3. Kiểm tra danh sách các trường được config với Type = "MT196" Webservice_Name = 4 và ENTITY = 'ALL' | F21: 3. Các trường config bao gồm: 76 77A 79 Additional data | H21: Medium | I21: Manual | J21: Passed | K21: Passed | L21: Passed | O21: =LEFT(A21, FIND("_", A21) - 1) -> MT196
A22: MT196_Config_EDQ.02 | B22: Kiểm tra các trường sàng lọc Name and Address theo chủ thể Entity | D22: 1. NSD đăng nhập EDQ Director bằng user được phân quyền 2. NSD truy cập theo đường dẫn Project/Transaction_Screening/ Reference Data/ MSB_TYPE_FOR_OBJ 3. Kiểm tra danh sách các trường được config với Type = "MT196" Webservice_Name = 1 và ENTITY = 'ENT' | F22: 3. Các trường config bao gồm: Basic Header Block Application Header - Input Application Header - Output | H22: Medium | I22: Manual | J22: Passed | K22: Passed | L22: Passed | O22: =LEFT(A22, FIND("_", A22) - 1) -> MT196
A23: MT196_Config_EDQ.03 | B23: Kiểm tra các trường sàng lọc Identifier theo chủ thể Entity | D23: 1. NSD đăng nhập EDQ Director bằng user được phân quyền 2. NSD truy cập theo đường dẫn Project/Transaction_Screening/ Reference Data/ MSB_TYPE_FOR_OBJ 3. Kiểm tra danh sách các trường được config với Type = "MT196" Webservice_Name = 2 và ENTITY = 'ENT' | F23: 3. Các trường config bao gồm: Basic Header Block Application Header - Input Application Header - Output | H23: Medium | I23: Manual | J23: Passed | K23: Passed | L23: Passed | O23: =LEFT(A23, FIND("_", A23) - 1) -> MT196
A24: MT196_Config_EDQ.04 | B24: Kiểm tra các trường sàng lọc Country | D24: 1. NSD đăng nhập EDQ Director bằng user được phân quyền 2. NSD truy cập theo đường dẫn Project/Transaction_Screening/ Reference Data/ MSB_TYPE_FOR_OBJ 3. Kiểm tra danh sách các trường được config với Type = "MT196" Webservice_Name = 3 và ENTITY = 'All' | F24: 3. Các trường config bao gồm: Basic Header Block Application Header - Input Application Header - Output | H24: Medium | I24: Manual | J24: Passed | K24: Passed | L24: Passed | O24: =LEFT(A24, FIND("_", A24) - 1) -> MT196
B25: Kiểm tra cấu hình sàng lọc trường dữ liệu với chủ thể đối với điện MT199 | O25: =LEFT(A25, FIND("_", A25) - 1) -> #VALUE!
A26: MT199_Config_EDQ.01 | B26: Kiểm tra các trường sàng lọc Narrative theo tất cả chủ thể | D26: 1. NSD đăng nhập EDQ Director bằng user được phân quyền 2. NSD truy cập theo đường dẫn Project/Transaction_Screening/ Reference Data/ MSB_TYPE_FOR_OBJ 3. Kiểm tra danh sách các trường được config với Type = "MT199" Webservice_Name = 4 và ENTITY = 'ALL' | F26: 3. Các trường config bao gồm: 79 Additional data | H26: Medium | I26: Manual | J26: Passed | K26: Passed | L26: Passed | O26: =LEFT(A26, FIND("_", A26) - 1) -> MT199
A27: MT199_Config_EDQ.02 | B27: Kiểm tra các trường sàng lọc Name and Address theo chủ thể Entity | D27: 1. NSD đăng nhập EDQ Director bằng user được phân quyền 2. NSD truy cập theo đường dẫn Project/Transaction_Screening/ Reference Data/ MSB_TYPE_FOR_OBJ 3. Kiểm tra danh sách các trường được config với Type = "MT199" Webservice_Name = 1 và ENTITY = 'ENT' | F27: 3. Các trường config bao gồm: Basic Header Block Application Header - Input Application Header - Output | H27: Medium | I27: Manual | J27: Passed | K27: Passed | L27: Passed | O27: =LEFT(A27, FIND("_", A27) - 1) -> MT199
A28: MT199_Config_EDQ.03 | B28: Kiểm tra các trường sàng lọc Identifier theo chủ thể Entity | D28: 1. NSD đăng nhập EDQ Director bằng user được phân quyền 2. NSD truy cập theo đường dẫn Project/Transaction_Screening/ Reference Data/ MSB_TYPE_FOR_OBJ 3. Kiểm tra danh sách các trường được config với Type = "MT199" Webservice_Name = 2 và ENTITY = 'ENT' | F28: 3. Các trường config bao gồm: Basic Header Block Application Header - Input Application Header - Output | H28: Medium | I28: Manual | J28: Passed | K28: Passed | L28: Passed | O28: =LEFT(A28, FIND("_", A28) - 1) -> MT199
A29: MT199_Config_EDQ.04 | B29: Kiểm tra các trường sàng lọc Country | D29: 1. NSD đăng nhập EDQ Director bằng user được phân quyền 2. NSD truy cập theo đường dẫn Project/Transaction_Screening/ Reference Data/ MSB_TYPE_FOR_OBJ 3. Kiểm tra danh sách các trường được config với Type = "MT760" Webservice_Name = 3 và ENTITY = 'All' | F29: 3. Các trường config bao gồm: Basic Header Block Application Header - Input Application Header - Output | H29: Medium | I29: Manual | J29: Passed | K29: Passed | L29: Passed | O29: =LEFT(A29, FIND("_", A29) - 1) -> MT199
B30: Kiểm tra cấu hình sàng lọc trường dữ liệu với chủ thể đối với điện MT295 | O30: =LEFT(A30, FIND("_", A30) - 1) -> #VALUE!
A31: MT295_Config_EDQ.01 | B31: Kiểm tra các trường sàng lọc Narrative theo tất cả chủ thể | D31: 1. NSD đăng nhập EDQ Director bằng user được phân quyền 2. NSD truy cập theo đường dẫn Project/Transaction_Screening/ Reference Data/ MSB_TYPE_FOR_OBJ 3. Kiểm tra danh sách các trường được config với Type = "MT295" Webservice_Name = 4 và ENTITY = 'ALL' | F31: 3. Các trường config bao gồm: 75 77A 79 Additional data | H31: Medium | I31: Manual | J31: Passed | K31: Passed | L31: Passed | O31: =LEFT(A31, FIND("_", A31) - 1) -> MT295
A32: MT295_Config_EDQ.02 | B32: Kiểm tra các trường sàng lọc Name and Address theo chủ thể Entity | D32: 1. NSD đăng nhập EDQ Director bằng user được phân quyền 2. NSD truy cập theo đường dẫn Project/Transaction_Screening/ Reference Data/ MSB_TYPE_FOR_OBJ 3. Kiểm tra danh sách các trường được config với Type = "MT295" Webservice_Name = 1 và ENTITY = 'ENT' | F32: 3. Các trường config bao gồm: Basic Header Block Application Header - Input Application Header - Output | H32: Medium | I32: Manual | J32: Passed | K32: Passed | L32: Passed | O32: =LEFT(A32, FIND("_", A32) - 1) -> MT295
A33: MT295_Config_EDQ.03 | B33: Kiểm tra các trường sàng lọc Identifier theo chủ thể Entity | D33: 1. NSD đăng nhập EDQ Director bằng user được phân quyền 2. NSD truy cập theo đường dẫn Project/Transaction_Screening/ Reference Data/ MSB_TYPE_FOR_OBJ 3. Kiểm tra danh sách các trường được config với Type = "MT295" Webservice_Name = 2 và ENTITY = 'ENT' | F33: 3. Các trường config bao gồm: Basic Header Block Application Header - Input Application Header - Output | H33: Medium | I33: Manual | J33: Passed | K33: Passed | L33: Passed | O33: =LEFT(A33, FIND("_", A33) - 1) -> MT295
A34: MT295_Config_EDQ.04 | B34: Kiểm tra các trường sàng lọc Country | D34: 1. NSD đăng nhập EDQ Director bằng user được phân quyền 2. NSD truy cập theo đường dẫn Project/Transaction_Screening/ Reference Data/ MSB_TYPE_FOR_OBJ 3. Kiểm tra danh sách các trường được config với Type = "MT295" Webservice_Name = 3 và ENTITY = 'All' | F34: 3. Các trường config bao gồm: Basic Header Block Application Header - Input Application Header - Output | H34: Medium | I34: Manual | J34: Passed | K34: Passed | L34: Passed | O34: =LEFT(A34, FIND("_", A34) - 1) -> MT295
B35: Kiểm tra cấu hình sàng lọc trường dữ liệu với chủ thể đối với điện MT296 | O35: =LEFT(A35, FIND("_", A35) - 1) -> #VALUE!
A36: MT296_Config_EDQ.01 | B36: Kiểm tra các trường sàng lọc Narrative theo tất cả chủ thể | D36: 1. NSD đăng nhập EDQ Director bằng user được phân quyền 2. NSD truy cập theo đường dẫn Project/Transaction_Screening/ Reference Data/ MSB_TYPE_FOR_OBJ 3. Kiểm tra danh sách các trường được config với Type = "MT296" Webservice_Name = 4 và ENTITY = 'ALL' | F36: 3. Các trường config bao gồm: 76 77A 79 Additional data | H36: Medium | I36: Manual | J36: Passed | K36: Passed | L36: Passed | O36: =LEFT(A36, FIND("_", A36) - 1) -> MT296
A37: MT296_Config_EDQ.02 | B37: Kiểm tra các trường sàng lọc Name and Address theo chủ thể Entity | D37: 1. NSD đăng nhập EDQ Director bằng user được phân quyền 2. NSD truy cập theo đường dẫn Project/Transaction_Screening/ Reference Data/ MSB_TYPE_FOR_OBJ 3. Kiểm tra danh sách các trường được config với Type = "MT296" Webservice_Name = 1 và ENTITY = 'ENT' | F37: 3. Các trường config bao gồm: Basic Header Block Application Header - Input Application Header - Output | H37: Medium | I37: Manual | J37: Passed | K37: Passed | L37: Passed | O37: =LEFT(A37, FIND("_", A37) - 1) -> MT296
A38: MT296_Config_EDQ.03 | B38: Kiểm tra các trường sàng lọc Identifier theo chủ thể Entity | D38: 1. NSD đăng nhập EDQ Director bằng user được phân quyền 2. NSD truy cập theo đường dẫn Project/Transaction_Screening/ Reference Data/ MSB_TYPE_FOR_OBJ 3. Kiểm tra danh sách các trường được config với Type = "MT296" Webservice_Name = 2 và ENTITY = 'ENT' | F38: 3. Các trường config bao gồm: Basic Header Block Application Header - Input Application Header - Output | H38: Medium | I38: Manual | J38: Passed | K38: Passed | L38: Passed | O38: =LEFT(A38, FIND("_", A38) - 1) -> MT296
A39: MT296_Config_EDQ.04 | B39: Kiểm tra các trường sàng lọc Country | D39: 1. NSD đăng nhập EDQ Director bằng user được phân quyền 2. NSD truy cập theo đường dẫn Project/Transaction_Screening/ Reference Data/ MSB_TYPE_FOR_OBJ 3. Kiểm tra danh sách các trường được config với Type = "MT296" Webservice_Name = 3 và ENTITY = 'All' | F39: 3. Các trường config bao gồm: Basic Header Block Application Header - Input Application Header - Output | H39: Medium | I39: Manual | J39: Passed | K39: Passed | L39: Passed | O39: =LEFT(A39, FIND("_", A39) - 1) -> MT296
B40: Kiểm tra cấu hình sàng lọc trường dữ liệu với chủ thể đối với điện MT299 | O40: =LEFT(A40, FIND("_", A40) - 1) -> #VALUE!
A41: MT299_Config_EDQ.01 | B41: Kiểm tra các trường sàng lọc Narrative theo tất cả chủ thể | D41: 1. NSD đăng nhập EDQ Director bằng user được phân quyền 2. NSD truy cập theo đường dẫn Project/Transaction_Screening/ Reference Data/ MSB_TYPE_FOR_OBJ 3. Kiểm tra danh sách các trường được config với Type = "MT299" Webservice_Name = 4 và ENTITY = 'ALL' | F41: 3. Các trường config bao gồm: 79 | H41: Medium | I41: Manual | J41: Passed | K41: Passed | L41: Untested | O41: =LEFT(A41, FIND("_", A41) - 1) -> MT299
A42: MT299_Config_EDQ.02 | B42: Kiểm tra các trường sàng lọc Name and Address theo chủ thể Entity | D42: 1. NSD đăng nhập EDQ Director bằng user được phân quyền 2. NSD truy cập theo đường dẫn Project/Transaction_Screening/ Reference Data/ MSB_TYPE_FOR_OBJ 3. Kiểm tra danh sách các trường được config với Type = "MT299" Webservice_Name = 1 và ENTITY = 'ENT' | F42: 3. Các trường config bao gồm: Basic Header Block Application Header - Input Application Header - Output | H42: Medium | I42: Manual | J42: Passed | K42: Passed | L42: Untested | O42: =LEFT(A42, FIND("_", A42) - 1) -> MT299
A43: MT299_Config_EDQ.03 | B43: Kiểm tra các trường sàng lọc Identifier theo chủ thể Entity | D43: 1. NSD đăng nhập EDQ Director bằng user được phân quyền 2. NSD truy cập theo đường dẫn Project/Transaction_Screening/ Reference Data/ MSB_TYPE_FOR_OBJ 3. Kiểm tra danh sách các trường được config với Type = "MT299" Webservice_Name = 2 và ENTITY = 'ENT' | F43: 3. Các trường config bao gồm: Basic Header Block Application Header - Input Application Header - Output | H43: Medium | I43: Manual | J43: Passed | K43: Passed | L43: Untested | O43: =LEFT(A43, FIND("_", A43) - 1) -> MT299
A44: MT299_Config_EDQ.04 | B44: Kiểm tra các trường sàng lọc Country | D44: 1. NSD đăng nhập EDQ Director bằng user được phân quyền 2. NSD truy cập theo đường dẫn Project/Transaction_Screening/ Reference Data/ MSB_TYPE_FOR_OBJ 3. Kiểm tra danh sách các trường được config với Type = "MT299" Webservice_Name = 3 và ENTITY = 'All' | F44: 3. Các trường config bao gồm: Basic Header Block Application Header - Input Application Header - Output | H44: Medium | I44: Manual | J44: Passed | K44: Passed | L44: Untested | O44: =LEFT(A44, FIND("_", A44) - 1) -> MT299
B45: Kiểm tra cấu hình sàng lọc trường dữ liệu với chủ thể đối với điện MT499 | O45: =LEFT(A45, FIND("_", A45) - 1) -> #VALUE!
A46: MT499_Config_EDQ.01 | B46: Kiểm tra các trường sàng lọc Narrative theo tất cả chủ thể | D46: 1. NSD đăng nhập EDQ Director bằng user được phân quyền 2. NSD truy cập theo đường dẫn Project/Transaction_Screening/ Reference Data/ MSB_TYPE_FOR_OBJ 3. Kiểm tra danh sách các trường được config với Type = "MT499" Webservice_Name = 4 và ENTITY = 'ALL' | F46: 3. Các trường config bao gồm: 79 | H46: Medium | I46: Manual | J46: Passed | K46: Passed | L46: Untested | O46: =LEFT(A46, FIND("_", A46) - 1) -> MT499
A47: MT499_Config_EDQ.02 | B47: Kiểm tra các trường sàng lọc Name and Address theo chủ thể Entity | D47: 1. NSD đăng nhập EDQ Director bằng user được phân quyền 2. NSD truy cập theo đường dẫn Project/Transaction_Screening/ Reference Data/ MSB_TYPE_FOR_OBJ 3. Kiểm tra danh sách các trường được config với Type = "MT499" Webservice_Name = 1 và ENTITY = 'ENT' | F47: 3. Các trường config bao gồm: Basic Header Block Application Header - Input Application Header - Output | H47: Medium | I47: Manual | J47: Passed | K47: Passed | L47: Untested | O47: =LEFT(A47, FIND("_", A47) - 1) -> MT499
A48: MT499_Config_EDQ.03 | B48: Kiểm tra các trường sàng lọc Identifier theo chủ thể Entity | D48: 1. NSD đăng nhập EDQ Director bằng user được phân quyền 2. NSD truy cập theo đường dẫn Project/Transaction_Screening/ Reference Data/ MSB_TYPE_FOR_OBJ 3. Kiểm tra danh sách các trường được config với Type = "MT499" Webservice_Name = 2 và ENTITY = 'ENT' | F48: 3. Các trường config bao gồm: Basic Header Block Application Header - Input Application Header - Output | H48: Medium | I48: Manual | J48: Passed | K48: Passed | L48: Untested | O48: =LEFT(A48, FIND("_", A48) - 1) -> MT499
A49: MT499_Config_EDQ.04 | B49: Kiểm tra các trường sàng lọc Country | D49: 1. NSD đăng nhập EDQ Director bằng user được phân quyền 2. NSD truy cập theo đường dẫn Project/Transaction_Screening/ Reference Data/ MSB_TYPE_FOR_OBJ 3. Kiểm tra danh sách các trường được config với Type = "MT499" Webservice_Name = 3 và ENTITY = 'All' | F49: 3. Các trường config bao gồm: Basic Header Block Application Header - Input Application Header - Output | H49: Medium | I49: Manual | J49: Passed | K49: Passed | L49: Untested | O49: =LEFT(A49, FIND("_", A49) - 1) -> MT499
B50: Kiểm tra cấu hình sàng lọc trường dữ liệu với chủ thể đối với điện MT799 | O50: =LEFT(A50, FIND("_", A50) - 1) -> #VALUE!
A51: MT799_Config_EDQ.01 | B51: Kiểm tra các trường sàng lọc Narrative theo tất cả chủ thể | D51: 1. NSD đăng nhập EDQ Director bằng user được phân quyền 2. NSD truy cập theo đường dẫn Project/Transaction_Screening/ Reference Data/ MSB_TYPE_FOR_OBJ 3. Kiểm tra danh sách các trường được config với Type = "MT799" Webservice_Name = 4 và ENTITY = 'ALL' | F51: 3. Các trường config bao gồm: 79 | H51: Medium | I51: Manual | J51: Passed | K51: Passed | L51: Untested | O51: =LEFT(A51, FIND("_", A51) - 1) -> MT799
A52: MT799_Config_EDQ.02 | B52: Kiểm tra các trường sàng lọc Name and Address theo chủ thể Entity | D52: 1. NSD đăng nhập EDQ Director bằng user được phân quyền 2. NSD truy cập theo đường dẫn Project/Transaction_Screening/ Reference Data/ MSB_TYPE_FOR_OBJ 3. Kiểm tra danh sách các trường được config với Type = "MT799" Webservice_Name = 1 và ENTITY = 'ENT' | F52: 3. Các trường config bao gồm: Basic Header Block Application Header - Input Application Header - Output | H52: Medium | I52: Manual | J52: Passed | K52: Passed | L52: Untested | O52: =LEFT(A52, FIND("_", A52) - 1) -> MT799
A53: MT799_Config_EDQ.03 | B53: Kiểm tra các trường sàng lọc Identifier theo chủ thể Entity | D53: 1. NSD đăng nhập EDQ Director bằng user được phân quyền 2. NSD truy cập theo đường dẫn Project/Transaction_Screening/ Reference Data/ MSB_TYPE_FOR_OBJ 3. Kiểm tra danh sách các trường được config với Type = "MT799" Webservice_Name = 2 và ENTITY = 'ENT' | F53: 3. Các trường config bao gồm: Basic Header Block Application Header - Input Application Header - Output | H53: Medium | I53: Manual | J53: Passed | K53: Passed | L53: Untested | O53: =LEFT(A53, FIND("_", A53) - 1) -> MT799
A54: MT799_Config_EDQ.04 | B54: Kiểm tra các trường sàng lọc Country | D54: 1. NSD đăng nhập EDQ Director bằng user được phân quyền 2. NSD truy cập theo đường dẫn Project/Transaction_Screening/ Reference Data/ MSB_TYPE_FOR_OBJ 3. Kiểm tra danh sách các trường được config với Type = "MT799" Webservice_Name = 3 và ENTITY = 'All' | F54: 3. Các trường config bao gồm: Basic Header Block Application Header - Input Application Header - Output | H54: Medium | I54: Manual | J54: Passed | K54: Passed | L54: Untested | O54: =LEFT(A54, FIND("_", A54) - 1) -> MT799
B55: Kiểm tra cấu hình sàng lọc trường dữ liệu với chủ thể đối với điện MT700 | O55: =LEFT(A55, FIND("_", A55) - 1) -> #VALUE!
A56: MT700_Config_EDQ.01 | B56: Kiểm tra các trường sàng lọc Name and Address theo chủ thể Entity | D56: 1. NSD đăng nhập EDQ Director bằng user được phân quyền 2. NSD truy cập theo đường dẫn Project/Transaction_Screening/ Reference Data/ MSB_TYPE_FOR_OBJ 3. Kiểm tra danh sách các trường được config với Type = "MT700" Webservice_Name = 1 và ENTITY = 'ENT' | F56: 3. Các trường config bao gồm: Basic Header Block Application Header - Input Application Header - Output 41A 41D 42A 42D 50 51A 51D 53A 53D 57A 57D 58A 58D 59 | H56: Medium | I56: Manual | J56: Passed | K56: Passed | L56: Untested | O56: =LEFT(A56, FIND("_", A56) - 1) -> MT700
A57: MT700_Config_EDQ.02 | B57: Kiểm tra các trường sàng lọc Identifier theo chủ thể Entity | D57: 1. NSD đăng nhập EDQ Director bằng user được phân quyền 2. NSD truy cập theo đường dẫn Project/Transaction_Screening/ Reference Data/ MSB_TYPE_FOR_OBJ 3. Kiểm tra danh sách các trường được config với Type = "MT700" Webservice_Name = 2 và ENTITY = 'ENT' | F57: 3. Các trường config bao gồm: Basic Header Block Application Header - Input Application Header - Output 41A 42A 42D 51A 51D 53A 53D 57A 57B 57D 58A 58D | H57: Medium | I57: Manual | J57: Passed | K57: Passed | L57: Untested | O57: =LEFT(A57, FIND("_", A57) - 1) -> MT700
A58: MT700_Config_EDQ.04 | B58: Kiểm tra các trường sàng lọc Narrative theo chủ thể Port | D58: 1. NSD đăng nhập EDQ Director bằng user được phân quyền 2. NSD truy cập theo đường dẫn Project/Transaction_Screening/ Reference Data/ MSB_TYPE_FOR_OBJ 3. Kiểm tra danh sách các trường được config với Type = "MT700" Webservice_Name = 4 và ENTITY = 'POR' | F58: 3. Các trường config bao gồm: 44A 44B 44E 44F | H58: Medium | I58: Manual | J58: Passed | K58: Passed | L58: Untested | O58: =LEFT(A58, FIND("_", A58) - 1) -> MT700
A59: MT700_Config_EDQ.05 | B59: Kiểm tra các trường sàng lọc Narrative theo tất cả chủ thể | D59: 1. NSD đăng nhập EDQ Director bằng user được phân quyền 2. NSD truy cập theo đường dẫn Project/Transaction_Screening/ Reference Data/ MSB_TYPE_FOR_OBJ 3. Kiểm tra danh sách các trường được config với Type = "MT700" Webservice_Name = 4 và ENTITY = 'ALL' | F59: 3. Các trường config bao gồm: 42M 42P 46A 47A 49G 49H 71D 72Z 78 45A | H59: Medium | I59: Manual | J59: Passed | K59: Passed | L59: Untested | O59: =LEFT(A59, FIND("_", A59) - 1) -> MT700
A60: MT700_Config_EDQ.06 | B60: Kiểm tra các trường sàng lọc Port | D60: 1. NSD đăng nhập EDQ Director bằng user được phân quyền 2. NSD truy cập theo đường dẫn Project/Transaction_Screening/ Reference Data/ MSB_TYPE_FOR_OBJ 3. Kiểm tra danh sách các trường được config với Type = "MT700" Webservice_Name = 5 và ENTITY = 'All' | F60: 3. Các trường config bao gồm: 44A 44B 44E 44F | H60: Medium | I60: Manual | J60: Passed | K60: Passed | L60: Untested | O60: =LEFT(A60, FIND("_", A60) - 1) -> MT700
B61: Kiểm tra cấu hình sàng lọc trường dữ liệu với chủ thể đối với điện MT701 | O61: =LEFT(A61, FIND("_", A61) - 1) -> #VALUE!
A62: MT701_Config_EDQ.02 | B62: Kiểm tra các trường sàng lọc Narrative theo tất cả chủ thể | D62: 1. NSD đăng nhập EDQ Director bằng user được phân quyền 2. NSD truy cập theo đường dẫn Project/Transaction_Screening/ Reference Data/ MSB_TYPE_FOR_OBJ 3. Kiểm tra danh sách các trường được config với Type = "MT701" Webservice_Name = 4 và ENTITY = 'ALL' | F62: 3. Các trường config bao gồm: 46A 47A 49G 49H 45A | H62: Medium | I62: Manual | J62: Passed | K62: Passed | L62: Untested | O62: =LEFT(A62, FIND("_", A62) - 1) -> MT701
A63: MT701_Config_EDQ.03 | B63: Kiểm tra các trường sàng lọc Name and Address theo chủ thể Entity | D63: 1. NSD đăng nhập EDQ Director bằng user được phân quyền 2. NSD truy cập theo đường dẫn Project/Transaction_Screening/ Reference Data/ MSB_TYPE_FOR_OBJ 3. Kiểm tra danh sách các trường được config với Type = "MT701" Webservice_Name = 1 và ENTITY = 'ENT' | F63: 3. Các trường config bao gồm: Basic Header Block Application Header - Input Application Header - Output | H63: Medium | I63: Manual | J63: Passed | K63: Passed | L63: Untested | O63: =LEFT(A63, FIND("_", A63) - 1) -> MT701
A64: MT701_Config_EDQ.04 | B64: Kiểm tra các trường sàng lọc Identifier theo chủ thể Entity | D64: 1. NSD đăng nhập EDQ Director bằng user được phân quyền 2. NSD truy cập theo đường dẫn Project/Transaction_Screening/ Reference Data/ MSB_TYPE_FOR_OBJ 3. Kiểm tra danh sách các trường được config với Type = "MT701" Webservice_Name = 2 và ENTITY = 'ENT' | F64: 3. Các trường config bao gồm: Basic Header Block Application Header - Input Application Header - Output | H64: Medium | I64: Manual | J64: Passed | K64: Passed | L64: Untested | O64: =LEFT(A64, FIND("_", A64) - 1) -> MT701
A65: MT701_Config_EDQ.05 | B65: Kiểm tra các trường sàng lọc Country | D65: 1. NSD đăng nhập EDQ Director bằng user được phân quyền 2. NSD truy cập theo đường dẫn Project/Transaction_Screening/ Reference Data/ MSB_TYPE_FOR_OBJ 3. Kiểm tra danh sách các trường được config với Type = "MT701" Webservice_Name = 3 và ENTITY = 'All' | F65: 3. Các trường config bao gồm: Basic Header Block Application Header - Input Application Header - Output | H65: Medium | I65: Manual | J65: Passed | K65: Passed | L65: Untested | O65: =LEFT(A65, FIND("_", A65) - 1) -> MT701
B66: Kiểm tra cấu hình sàng lọc trường dữ liệu với chủ thể đối với điện MT707 | O66: =LEFT(A66, FIND("_", A66) - 1) -> #VALUE!
A67: MT707_Config_EDQ.01 | B67: Kiểm tra các trường sàng lọc Name and Address theo chủ thể Entity | D67: 1. NSD đăng nhập EDQ Director bằng user được phân quyền 2. NSD truy cập theo đường dẫn Project/Transaction_Screening/ Reference Data/ MSB_TYPE_FOR_OBJ 3. Kiểm tra danh sách các trường được config với Type = "MT707" Webservice_Name = 1 và ENTITY = 'ENT' | F67: 3. Các trường config bao gồm: Basic Header Block Application Header - Input Application Header - Output 41A 41D 42A 42D 50 50B 52A 52D 53A 53D 57A 57D 58A 58D 59 | H67: Medium | I67: Manual | J67: Passed | K67: Passed | L67: Untested | O67: =LEFT(A67, FIND("_", A67) - 1) -> MT707
A68: MT707_Config_EDQ.02 | B68: Kiểm tra các trường sàng lọc Identifier theo chủ thể Entity | D68: 1. NSD đăng nhập EDQ Director bằng user được phân quyền 2. NSD truy cập theo đường dẫn Project/Transaction_Screening/ Reference Data/ MSB_TYPE_FOR_OBJ 3. Kiểm tra danh sách các trường được config với Type = "MT707" Webservice_Name = 2 và ENTITY = 'ENT' | F68: 3. Các trường config bao gồm: Basic Header Block Application Header - Input Application Header - Output 41A 42A 42D 52A 52D 53A 53D 57A 57B 57D 58A 58D | H68: Medium | I68: Manual | J68: Passed | K68: Passed | L68: Untested | O68: =LEFT(A68, FIND("_", A68) - 1) -> MT707
A69: MT707_Config_EDQ.04 | B69: Kiểm tra các trường sàng lọc Narrative theo chủ thể Port | D69: 1. NSD đăng nhập EDQ Director bằng user được phân quyền 2. NSD truy cập theo đường dẫn Project/Transaction_Screening/ Reference Data/ MSB_TYPE_FOR_OBJ 3. Kiểm tra danh sách các trường được config với Type = "MT707" Webservice_Name = 4 và ENTITY = 'POR' | F69: 3. Các trường config bao gồm: 44A 44B 44E 44F | H69: Medium | I69: Manual | J69: Passed | K69: Passed | L69: Untested | O69: =LEFT(A69, FIND("_", A69) - 1) -> MT707
A70: MT707_Config_EDQ.05 | B70: Kiểm tra các trường sàng lọc Narrative theo tất cả chủ thể | D70: 1. NSD đăng nhập EDQ Director bằng user được phân quyền 2. NSD truy cập theo đường dẫn Project/Transaction_Screening/ Reference Data/ MSB_TYPE_FOR_OBJ 3. Kiểm tra danh sách các trường được config với Type = "MT707" Webservice_Name = 4 và ENTITY = 'ALL' | F70: 3. Các trường config bao gồm: 42M 42P 46B 47B 49M 49N 71D 71N 72Z 78 45B | H70: Medium | I70: Manual | J70: Passed | K70: Passed | L70: Untested | O70: =LEFT(A70, FIND("_", A70) - 1) -> MT707
A71: MT707_Config_EDQ.06 | B71: Kiểm tra các trường sàng lọc Port | D71: 1. NSD đăng nhập EDQ Director bằng user được phân quyền 2. NSD truy cập theo đường dẫn Project/Transaction_Screening/ Reference Data/ MSB_TYPE_FOR_OBJ 3. Kiểm tra danh sách các trường được config với Type = "MT707" Webservice_Name = 5 và ENTITY = 'All' | F71: 3. Các trường config bao gồm: 44A 44B 44E 44F | H71: Medium | I71: Manual | J71: Passed | K71: Passed | L71: Untested | O71: =LEFT(A71, FIND("_", A71) - 1) -> MT707
B72: Kiểm tra cấu hình sàng lọc trường dữ liệu với chủ thể đối với điện MT710 | O72: =LEFT(A72, FIND("_", A72) - 1) -> #VALUE!
A73: MT710_Config_EDQ.01 | B73: Kiểm tra các trường sàng lọc Name and Address theo chủ thể Entity | D73: 1. NSD đăng nhập EDQ Director bằng user được phân quyền 2. NSD truy cập theo đường dẫn Project/Transaction_Screening/ Reference Data/ MSB_TYPE_FOR_OBJ 3. Kiểm tra danh sách các trường được config với Type = "MT710" Webservice_Name = 1 và ENTITY = 'ENT' | F73: 3. Các trường config bao gồm: Basic Header Block Application Header - Input Application Header - Output 41A 41D 42A 42D 50 50B 51A 51D 52A 52D 53A 53D 57A 57D 58A 58D 59 | H73: Medium | I73: Manual | J73: Passed | K73: Passed | L73: Untested | O73: =LEFT(A73, FIND("_", A73) - 1) -> MT710
A74: MT710_Config_EDQ.02 | B74: Kiểm tra các trường sàng lọc Identifier theo chủ thể Entity | D74: 1. NSD đăng nhập EDQ Director bằng user được phân quyền 2. NSD truy cập theo đường dẫn Project/Transaction_Screening/ Reference Data/ MSB_TYPE_FOR_OBJ 3. Kiểm tra danh sách các trường được config với Type = "MT710" Webservice_Name = 2 và ENTITY = 'ENT' | F74: 3. Các trường config bao gồm: Basic Header Block Application Header - Input Application Header - Output 41A 42A 42D 51A 51D 52A 52D 53A 53D 57A 57B 57D 58A 58D | H74: Medium | I74: Manual | J74: Passed | K74: Passed | L74: Untested | O74: =LEFT(A74, FIND("_", A74) - 1) -> MT710
A75: MT710_Config_EDQ.04 | B75: Kiểm tra các trường sàng lọc Narrative theo chủ thể Port | D75: 1. NSD đăng nhập EDQ Director bằng user được phân quyền 2. NSD truy cập theo đường dẫn Project/Transaction_Screening/ Reference Data/ MSB_TYPE_FOR_OBJ 3. Kiểm tra danh sách các trường được config với Type = "MT710" Webservice_Name = 4 và ENTITY = 'POR' | F75: 3. Các trường config bao gồm: 44A 44B 44E 44F | H75: Medium | I75: Manual | J75: Passed | K75: Passed | L75: Untested | O75: =LEFT(A75, FIND("_", A75) - 1) -> MT710
A76: MT710_Config_EDQ.05 | B76: Kiểm tra các trường sàng lọc Narrative theo tất cả chủ thể | D76: 1. NSD đăng nhập EDQ Director bằng user được phân quyền 2. NSD truy cập theo đường dẫn Project/Transaction_Screening/ Reference Data/ MSB_TYPE_FOR_OBJ 3. Kiểm tra danh sách các trường được config với Type = "MT710" Webservice_Name = 4 và ENTITY = 'ALL' | F76: 3. Các trường config bao gồm: 42M 42P 46A 47A 49G 49H 71D 72Z 78 78D 45A | H76: Medium | I76: Manual | J76: Passed | K76: Passed | L76: Untested | O76: =LEFT(A76, FIND("_", A76) - 1) -> MT710
A77: MT710_Config_EDQ.06 | B77: Kiểm tra các trường sàng lọc Port | D77: 1. NSD đăng nhập EDQ Director bằng user được phân quyền 2. NSD truy cập theo đường dẫn Project/Transaction_Screening/ Reference Data/ MSB_TYPE_FOR_OBJ 3. Kiểm tra danh sách các trường được config với Type = "MT710" Webservice_Name = 5 và ENTITY = 'All' | F77: 3. Các trường config bao gồm: 44A 44B 44E 44F | H77: Medium | I77: Manual | J77: Passed | K77: Passed | L77: Untested | O77: =LEFT(A77, FIND("_", A77) - 1) -> MT710
B78: Kiểm tra cấu hình sàng lọc trường dữ liệu với chủ thể đối với điện MT711 | O78: =LEFT(A78, FIND("_", A78) - 1) -> #VALUE!
A79: MT711_Config_EDQ.02 | B79: Kiểm tra các trường sàng lọc Narrative theo tất cả chủ thể | D79: 1. NSD đăng nhập EDQ Director bằng user được phân quyền 2. NSD truy cập theo đường dẫn Project/Transaction_Screening/ Reference Data/ MSB_TYPE_FOR_OBJ 3. Kiểm tra danh sách các trường được config với Type = "MT711" Webservice_Name = 4 và ENTITY = 'ALL' | F79: 3. Các trường config bao gồm: 46A 47A 49G 49H 45A | H79: Medium | I79: Manual | J79: Passed | K79: Passed | L79: Untested | O79: =LEFT(A79, FIND("_", A79) - 1) -> MT711
A80: MT711_Config_EDQ.03 | B80: Kiểm tra các trường sàng lọc Name and Address theo chủ thể Entity | D80: 1. NSD đăng nhập EDQ Director bằng user được phân quyền 2. NSD truy cập theo đường dẫn Project/Transaction_Screening/ Reference Data/ MSB_TYPE_FOR_OBJ 3. Kiểm tra danh sách các trường được config với Type = "MT711" Webservice_Name = 1 và ENTITY = 'ENT' | F80: 3. Các trường config bao gồm: Basic Header Block Application Header - Input Application Header - Output | H80: Medium | I80: Manual | J80: Passed | K80: Passed | L80: Untested | O80: =LEFT(A80, FIND("_", A80) - 1) -> MT711
A81: MT711_Config_EDQ.04 | B81: Kiểm tra các trường sàng lọc Identifier theo chủ thể Entity | D81: 1. NSD đăng nhập EDQ Director bằng user được phân quyền 2. NSD truy cập theo đường dẫn Project/Transaction_Screening/ Reference Data/ MSB_TYPE_FOR_OBJ 3. Kiểm tra danh sách các trường được config với Type = "MT711" Webservice_Name = 2 và ENTITY = 'ENT' | F81: 3. Các trường config bao gồm: Basic Header Block Application Header - Input Application Header - Output | H81: Medium | I81: Manual | J81: Passed | K81: Passed | L81: Untested | O81: =LEFT(A81, FIND("_", A81) - 1) -> MT711
B82: Kiểm tra cấu hình sàng lọc trường dữ liệu với chủ thể đối với điện MT720 | O82: =LEFT(A82, FIND("_", A82) - 1) -> #VALUE!
A83: MT720_Config_EDQ.01 | B83: Kiểm tra các trường sàng lọc Name and Address theo chủ thể Entity | D83: 1. NSD đăng nhập EDQ Director bằng user được phân quyền 2. NSD truy cập theo đường dẫn Project/Transaction_Screening/ Reference Data/ MSB_TYPE_FOR_OBJ 3. Kiểm tra danh sách các trường được config với Type = "MT720" Webservice_Name = 1 và ENTITY = 'ENT' | F83: 3. Các trường config bao gồm: Basic Header Block Application Header - Input Application Header - Output 41A 41D 42A 42D 50 50B 52A 52D 57A 57D 58A 58D 59 | H83: Medium | I83: Manual | J83: Passed | K83: Passed | L83: Untested | N83: CẤU HÌNH THIẾU TAG '59' | O83: =LEFT(A83, FIND("_", A83) - 1) -> MT720
A84: MT720_Config_EDQ.02 | B84: Kiểm tra các trường sàng lọc Identifier theo chủ thể Entity | D84: 1. NSD đăng nhập EDQ Director bằng user được phân quyền 2. NSD truy cập theo đường dẫn Project/Transaction_Screening/ Reference Data/ MSB_TYPE_FOR_OBJ 3. Kiểm tra danh sách các trường được config với Type = "MT720" Webservice_Name = 2 và ENTITY = 'ENT' | F84: 3. Các trường config bao gồm: Basic Header Block Application Header - Input Application Header - Output 41A 42A 42D 52A 52D 57A 57B 57D 58A 58D | H84: Medium | I84: Manual | J84: Passed | K84: Passed | L84: Untested | O84: =LEFT(A84, FIND("_", A84) - 1) -> MT720
A85: MT720_Config_EDQ.04 | B85: Kiểm tra các trường sàng lọc Narrative theo chủ thể Port | D85: 1. NSD đăng nhập EDQ Director bằng user được phân quyền 2. NSD truy cập theo đường dẫn Project/Transaction_Screening/ Reference Data/ MSB_TYPE_FOR_OBJ 3. Kiểm tra danh sách các trường được config với Type = "MT720" Webservice_Name = 4 và ENTITY = 'POR' | F85: 3. Các trường config bao gồm: 44A 44B 44E 44F | H85: Medium | I85: Manual | J85: Passed | K85: Passed | L85: Untested | O85: =LEFT(A85, FIND("_", A85) - 1) -> MT720
A86: MT720_Config_EDQ.05 | B86: Kiểm tra các trường sàng lọc Narrative theo tất cả chủ thể | D86: 1. NSD đăng nhập EDQ Director bằng user được phân quyền 2. NSD truy cập theo đường dẫn Project/Transaction_Screening/ Reference Data/ MSB_TYPE_FOR_OBJ 3. Kiểm tra danh sách các trường được config với Type = "MT720" Webservice_Name = 4 và ENTITY = 'ALL' | F86: 3. Các trường config bao gồm: 42M 42P 46A 47A 49G 49H 71D 72Z 78 78D 45A | H86: Medium | I86: Manual | J86: Passed | K86: Passed | L86: Untested | O86: =LEFT(A86, FIND("_", A86) - 1) -> MT720
A87: MT720_Config_EDQ.06 | B87: Kiểm tra các trường sàng lọc Port | D87: 1. NSD đăng nhập EDQ Director bằng user được phân quyền 2. NSD truy cập theo đường dẫn Project/Transaction_Screening/ Reference Data/ MSB_TYPE_FOR_OBJ 3. Kiểm tra danh sách các trường được config với Type = "MT720" Webservice_Name = 5 và ENTITY = 'All' | F87: 3. Các trường config bao gồm: 44A 44B 44E 44F | H87: Medium | I87: Manual | J87: Passed | K87: Passed | L87: Untested | O87: =LEFT(A87, FIND("_", A87) - 1) -> MT720
B88: Kiểm tra cấu hình sàng lọc trường dữ liệu với chủ thể đối với điện MT740 | O88: =LEFT(A88, FIND("_", A88) - 1) -> #VALUE!
A89: MT740_Config_EDQ.01 | B89: Kiểm tra các trường sàng lọc Name and Address theo chủ thể Entity | D89: 1. NSD đăng nhập EDQ Director bằng user được phân quyền 2. NSD truy cập theo đường dẫn Project/Transaction_Screening/ Reference Data/ MSB_TYPE_FOR_OBJ 3. Kiểm tra danh sách các trường được config với Type = "MT740" Webservice_Name = 1 và ENTITY = 'ENT' | F89: 3. Các trường config bao gồm: Basic Header Block Application Header - Input Application Header - Output 41A 41D 42A 42D 58A 58D 59 | H89: Medium | I89: Manual | J89: Passed | K89: Passed | L89: Untested | O89: =LEFT(A89, FIND("_", A89) - 1) -> MT740
A90: MT740_Config_EDQ.02 | B90: Kiểm tra các trường sàng lọc Identifier theo chủ thể Entity | D90: 1. NSD đăng nhập EDQ Director bằng user được phân quyền 2. NSD truy cập theo đường dẫn Project/Transaction_Screening/ Reference Data/ MSB_TYPE_FOR_OBJ 3. Kiểm tra danh sách các trường được config với Type = "MT740" Webservice_Name = 2 và ENTITY = 'ENT' | F90: 3. Các trường config bao gồm: Basic Header Block Application Header - Input Application Header - Output 41A 42A 42D 58A 58D | H90: Medium | I90: Manual | J90: Passed | K90: Passed | L90: Untested | O90: =LEFT(A90, FIND("_", A90) - 1) -> MT740
A91: MT740_Config_EDQ.03 | B91: Kiểm tra các trường sàng lọc Narrative theo tất cả chủ thể | D91: 1. NSD đăng nhập EDQ Director bằng user được phân quyền 2. NSD truy cập theo đường dẫn Project/Transaction_Screening/ Reference Data/ MSB_TYPE_FOR_OBJ 3. Kiểm tra danh sách các trường được config với Type = "MT740" Webservice_Name = 4 và ENTITY = 'ALL' | F91: 3. Các trường config bao gồm: 42M 42P 71D 72Z | H91: Medium | I91: Manual | J91: Passed | K91: Passed | L91: Untested | O91: =LEFT(A91, FIND("_", A91) - 1) -> MT740
B92: Kiểm tra cấu hình sàng lọc trường dữ liệu với chủ thể đối với điện MT742 | O92: =LEFT(A92, FIND("_", A92) - 1) -> #VALUE!
A93: MT742_Config_EDQ.01 | B93: Kiểm tra các trường sàng lọc Name and Address theo chủ thể Entity | D93: 1. NSD đăng nhập EDQ Director bằng user được phân quyền 2. NSD truy cập theo đường dẫn Project/Transaction_Screening/ Reference Data/ MSB_TYPE_FOR_OBJ 3. Kiểm tra danh sách các trường được config với Type = "MT742" Webservice_Name = 1 và ENTITY = 'ENT' | F93: 3. Các trường config bao gồm: Basic Header Block Application Header - Input Application Header - Output 52A 52D 57A 57D 58A 58D | H93: Medium | I93: Manual | J93: Passed | K93: Passed | L93: Untested | O93: =LEFT(A93, FIND("_", A93) - 1) -> MT742
A94: MT742_Config_EDQ.02 | B94: Kiểm tra các trường sàng lọc Identifier theo chủ thể Entity | D94: 1. NSD đăng nhập EDQ Director bằng user được phân quyền 2. NSD truy cập theo đường dẫn Project/Transaction_Screening/ Reference Data/ MSB_TYPE_FOR_OBJ 3. Kiểm tra danh sách các trường được config với Type = "MT742" Webservice_Name = 2 và ENTITY = 'ENT' | F94: 3. Các trường config bao gồm: Basic Header Block Application Header - Input Application Header - Output 52A 52D 57A 57B 57D 58A 58D | H94: Medium | I94: Manual | J94: Passed | K94: Passed | L94: Untested | O94: =LEFT(A94, FIND("_", A94) - 1) -> MT742
A95: MT742_Config_EDQ.03 | B95: Kiểm tra các trường sàng lọc Narrative theo tất cả chủ thể | D95: 1. NSD đăng nhập EDQ Director bằng user được phân quyền 2. NSD truy cập theo đường dẫn Project/Transaction_Screening/ Reference Data/ MSB_TYPE_FOR_OBJ 3. Kiểm tra danh sách các trường được config với Type = "MT742" Webservice_Name = 4 và ENTITY = 'ALL' | F95: 3. Các trường config bao gồm: 71D 72Z | H95: Medium | I95: Manual | J95: Passed | K95: Passed | L95: Untested | O95: =LEFT(A95, FIND("_", A95) - 1) -> MT742
B96: Kiểm tra cấu hình sàng lọc trường dữ liệu với chủ thể đối với điện MT747 | O96: =LEFT(A96, FIND("_", A96) - 1) -> #VALUE!
A97: MT747_Config_EDQ.01 | B97: Kiểm tra các trường sàng lọc Narrative theo tất cả chủ thể | D97: 1. NSD đăng nhập EDQ Director bằng user được phân quyền 2. NSD truy cập theo đường dẫn Project/Transaction_Screening/ Reference Data/ MSB_TYPE_FOR_OBJ 3. Kiểm tra danh sách các trường được config với Type = "MT747" Webservice_Name = 4 và ENTITY = 'ALL' | F97: 3. Các trường config bao gồm: 72Z 77 | H97: Medium | I97: Manual | J97: Passed | K97: Passed | L97: Untested | O97: =LEFT(A97, FIND("_", A97) - 1) -> MT747
A98: MT747_Config_EDQ.02 | B98: Kiểm tra các trường sàng lọc Name and Address theo chủ thể Entity | D98: 1. NSD đăng nhập EDQ Director bằng user được phân quyền 2. NSD truy cập theo đường dẫn Project/Transaction_Screening/ Reference Data/ MSB_TYPE_FOR_OBJ 3. Kiểm tra danh sách các trường được config với Type = "MT747" Webservice_Name = 1 và ENTITY = 'ENT' | F98: 3. Các trường config bao gồm: Basic Header Block Application Header - Input Application Header - Output | H98: Medium | I98: Manual | J98: Passed | K98: Passed | L98: Untested | O98: =LEFT(A98, FIND("_", A98) - 1) -> MT747
A99: MT747_Config_EDQ.03 | B99: Kiểm tra các trường sàng lọc Identifier theo chủ thể Entity | D99: 1. NSD đăng nhập EDQ Director bằng user được phân quyền 2. NSD truy cập theo đường dẫn Project/Transaction_Screening/ Reference Data/ MSB_TYPE_FOR_OBJ 3. Kiểm tra danh sách các trường được config với Type = "MT747" Webservice_Name = 2 và ENTITY = 'ENT' | F99: 3. Các trường config bao gồm: Basic Header Block Application Header - Input Application Header - Output | H99: Medium | I99: Manual | J99: Passed | K99: Passed | L99: Untested | O99: =LEFT(A99, FIND("_", A99) - 1) -> MT747
B100: Kiểm tra cấu hình sàng lọc trường dữ liệu với chủ thể đối với điện MT760 | O100: =LEFT(A100, FIND("_", A100) - 1) -> #VALUE!
A101: MT760_Config_EDQ.01 | B101: Kiểm tra các trường sàng lọc Name and Address theo chủ thể Entity | D101: 1. NSD đăng nhập EDQ Director bằng user được phân quyền 2. NSD truy cập theo đường dẫn Project/Transaction_Screening/ Reference Data/ MSB_TYPE_FOR_OBJ 3. Kiểm tra danh sách các trường được config với Type = "MT760" Webservice_Name = 1 và ENTITY = 'ENT' | F101: 3. Các trường config bao gồm: Basic Header Block Application Header - Input Application Header - Output 24G(Sequence B) 24G(Sequence C) 41F(Sequence B) 41F(Sequence C) 41G(Sequence B) 41G(Sequence C) 50(Sequence B) 50(Sequence C) 51(Sequence B) 51(Sequence C) 52A(Sequence B) 52A(Sequence C) 52D(Sequence B) 52D(Sequence C) 56A(Sequence B) 56D(Sequence B) 57A(Sequence B) 57A(Sequence C) 57D(Sequence B) 57D(Sequence C) 58A(Sequence B) 58D(Sequence B) 59A(Sequence B) 59(Sequence B) 59(Sequence C) | H101: Medium | I101: Manual | J101: Passed | K101: Passed | L101: Untested | O101: =LEFT(A101, FIND("_", A101) - 1) -> MT760
A102: MT760_Config_EDQ.02 | B102: Kiểm tra các trường sàng lọc Name and Address theo chủ thể Individual | D102: 1. NSD đăng nhập EDQ Director bằng user được phân quyền 2. NSD truy cập theo đường dẫn Project/Transaction_Screening/ Reference Data/ MSB_TYPE_FOR_OBJ 3. Kiểm tra danh sách các trường được config với Type = "MT760" Webservice_Name = 1 và ENTITY = 'IND' | F102: 3. Các trường config bao gồm: 24G(Sequence B) 24G(Sequence C) | H102: Medium | I102: Manual | J102: Passed | K102: Passed | L102: Untested | O102: =LEFT(A102, FIND("_", A102) - 1) -> MT760
A103: MT760_Config_EDQ.03 | B103: Kiểm tra các trường sàng lọc Identifier theo chủ thể Entity | D103: 1. NSD đăng nhập EDQ Director bằng user được phân quyền 2. NSD truy cập theo đường dẫn Project/Transaction_Screening/ Reference Data/ MSB_TYPE_FOR_OBJ 3. Kiểm tra danh sách các trường được config với Type = "MT760" Webservice_Name = 2 và ENTITY = 'ENT' | F103: 3. Các trường config bao gồm: Basic Header Block Application Header - Input Application Header - Output 41F(Sequence B) 41F(Sequence C) 52A(Sequence B) 52A(Sequence C) 52D(Sequence B) 52D(Sequence C) 56A(Sequence B) 56D(Sequence B) 57A(Sequence B) 57A(Sequence C) 57D(Sequence B) 57D(Sequence C) 58A(Sequence B) 58D(Sequence B) 59A(Sequence B) | H103: Medium | I103: Manual | J103: Passed | K103: Passed | L103: Untested | O103: =LEFT(A103, FIND("_", A103) - 1) -> MT760
...

Sheet Sàng lọc điện
A1: Functions | B1: Sàng lọc giao dịch (Tổng hợp MT + MX)
A2: Build Version | B2: v1.0
A4: Trạng thái | B4: High | C4: Medium | D4: Low | E4: Total
A5: Total | E5: =SUM(B5:D5) -> 0
A6: Passed | E6: =SUM(B6:D6) -> 0 | L6: 10
A7: Failed | E7: =SUM(B7:D7) -> 0 | L7: 5
A8: Untested | E8: =SUM(B8:D8) -> 0 | L8: 115
A9: Cancel | E9: =SUM(B9:D9) -> 0
A10: Next | E10: =SUM(B10:D10) -> 0
A11: Pending | E11: =SUM(B11:D11) -> 0
A13: Loại điện | B13: Test case Id | C13: Test case Title | D13: Pre-conditions | E13: Test Step | F13: Test Datas | G13: Expected result | H13: Test Environment | I13: Priority | J13: Automation Status | K13: 1st Test Results | L13: 2nd Test Results | M13: 3rd Test Result | N13: BugID | O13: Notes
A14: Sàng lọc giao dịch MT 196
A15: MT196 | B15: MT196.01 | C15: Sàng lọc giao dịch MT 196 - Identifier, Name and Address, Country and City - Entity | E15: 1. Đẩy giao dịch vào API Post Message với trường thông tin Basic Header Block, Application Header - Input có dữ liệu nằm trong các danh sách theo dõi - Upload file thông tin giao dịch có chứa các nội dung điện giao dịch 2. Kiểm tra thông tin Event của giao dịch theo đường dẫn Financial Services Analytical Applications Transactions Filtering > Financial services Sanctions Pack > Transaction Filtering Alert List Chọn Filter, nhập thông tin tìm kiếm theo AlertID, nhấn <Search> Click mã AlertID và kiểm tra các thông tin Hoặc kiểm tra các thông tin trong file kết quả truy vấn Database | F15: {1:F01BFICCUHHAXXX0000000000} {2:I196BFICCUHHXXXXN} {3:{108:MT196TEST0001}} {4: :20:ANS2607240001 :21:NONREF :76:AMENDMENT ACCEPTED -}{5:{MAC:00000000}{CHK:1A2B3C4D5E6F}} | G15: 2. Hệ thống trả kết quả: HIT với Webservice Identifier, Name and Address, Country and City loại chủ thể Entity; đồng thời HIT danh sách Quốc gia Knock-out (quốc gia cấm vận) và không HIT với chủ thể Individual, Vessel, Aircraft Câu query kiểm tra kết quả (KET_QUA = HIT): SELECT CASE WHEN COUNT(*) = 3 THEN 'HIT' ELSE 'NO HIT' END AS KET_QUA FROM ( SELECT T.N_WEBSERVICE_ID FROM FSI_RT_AL_WLS_RESPONSE T WHERE T.N_GRP_MSG_ID = :N_GRP_MSG_ID AND T.N_WEBSERVICE_ID IN (1, 2, 3) AND T.V_TAG_NAME IN ('Basic Header Block', 'Application Header - Input') GROUP BY T.N_WEBSERVICE_ID HAVING COUNT(DISTINCT T.V_TAG_NAME) = 2 AND COUNT(CASE WHEN UPPER(NVL(T.V_MATCHED_TYPE,DECODE(T.V_MATCHED_LIST_NAME,'Blacklisted Country','ENTITY','N/A'))) = 'ENTITY' THEN 1 END) > 0 AND COUNT(CASE WHEN UPPER(T.V_MATCHED_TYPE) = 'INDIVIDUAL' THEN 1 END) = 0 AND COUNT(CASE WHEN UPPER(T.V_MATCHED_TYPE) = 'VESSEL' THEN 1 END) = 0 AND COUNT(CASE WHEN UPPER(T.V_MATCHED_TYPE) = 'AIRCRAFT' THEN 1 END) = 0 ); | I15: High | J15: Manual | K15: Passed | L15: Passed | M15: Untested | O15: Nhóm tag quét giống nhau (Identifier, Name and Address, Country and City - Entity): Basic Header Block, Application Header - Input
A16: MT196 | B16: MT196.02 | C16: Sàng lọc giao dịch MT 196 - Identifier, Name and Address, Country and City - Entity | E16: 1. Đẩy giao dịch vào API Post Message với trường thông tin Application Header - Output có dữ liệu nằm trong các danh sách theo dõi <Link URL hệ thống AML ở môi trường SIT> Path: transaction-screening/v1/transaction-screening Method: POST Request Header: Authorization: Basic Auth (Username and password to login to application) Content-Type: text/plain Accept: */* Request Body: cột Test Datas 2. Kiểm tra thông tin Event của giao dịch theo đường dẫn Financial Services Analytical Applications Transactions Filtering > Financial services Sanctions Pack > Transaction Filtering Alert List Chọn Filter, nhập thông tin tìm kiếm theo AlertID, nhấn <Search> Click mã AlertID và kiểm tra các thông tin Hoặc kiểm tra các thông tin trong file kết quả truy vấn Database | F16: {1:F01BFICCUHHAXXX0000000000} {2:O1961201260724BFICCUHHAXXX00010000012607241201N} {3:{108:MT196TEST0003}} {4: :20:ANS2607240003 :21:NONREF :76:AMENDMENT ACCEPTED -}{5:{MAC:00000000}{CHK:1A2B3C4D5E6F}} | G16: 2. Hệ thống trả kết quả: HIT với Webservice Identifier, Name and Address, Country and City loại chủ thể Entity; đồng thời HIT danh sách Quốc gia Knock-out (quốc gia cấm vận) và không HIT với chủ thể Individual, Vessel, Aircraft Câu query kiểm tra kết quả (KET_QUA = HIT): SELECT CASE WHEN COUNT(*) = 3 THEN 'HIT' ELSE 'NO HIT' END AS KET_QUA FROM ( SELECT T.N_WEBSERVICE_ID FROM FSI_RT_AL_WLS_RESPONSE T WHERE T.N_GRP_MSG_ID = :N_GRP_MSG_ID AND T.N_WEBSERVICE_ID IN (1, 2, 3) AND T.V_TAG_NAME IN ('Application Header - Output') GROUP BY T.N_WEBSERVICE_ID HAVING COUNT(DISTINCT T.V_TAG_NAME) = 1 AND COUNT(CASE WHEN UPPER(NVL(T.V_MATCHED_TYPE,DECODE(T.V_MATCHED_LIST_NAME,'Blacklisted Country','ENTITY','N/A'))) = 'ENTITY' THEN 1 END) > 0 AND COUNT(CASE WHEN UPPER(T.V_MATCHED_TYPE) = 'INDIVIDUAL' THEN 1 END) = 0 AND COUNT(CASE WHEN UPPER(T.V_MATCHED_TYPE) = 'VESSEL' THEN 1 END) = 0 AND COUNT(CASE WHEN UPPER(T.V_MATCHED_TYPE) = 'AIRCRAFT' THEN 1 END) = 0 ); | I16: High | J16: Manual | K16: Passed | L16: Passed | M16: Untested | O16: Nhóm tag quét giống nhau (Identifier, Name and Address, Country and City - Entity): Basic Header Block, Application Header - Input
A17: MT196 | B17: MT196.03 | C17: Sàng lọc giao dịch MT 196 - Narrative - All | E17: 1. Đẩy giao dịch vào API Post Message với trường thông tin 76, 77A, 79 có dữ liệu nằm trong các danh sách theo dõi <Link URL hệ thống AML ở môi trường SIT> Path: transaction-screening/v1/transaction-screening Method: POST Request Header: Authorization: Basic Auth (Username and password to login to application) Content-Type: text/plain Accept: */* Request Body: cột Test Datas 2. Kiểm tra thông tin Event của giao dịch theo đường dẫn Financial Services Analytical Applications Transactions Filtering > Financial services Sanctions Pack > Transaction Filtering Alert List Chọn Filter, nhập thông tin tìm kiếm theo AlertID, nhấn <Search> Click mã AlertID và kiểm tra các thông tin Hoặc kiểm tra các thông tin trong file kết quả truy vấn Database | F17: {1:F01SCBLSGSGAXXX0000000000} {2:I196MCOBVNVXXXXXN} {3:{108:MT196TEST0002}} {4: :20:ANS2607240002 :21:NONREF :76:0099887766 :77A:0099887766 :79:0099887766 -}{5:{MAC:00000000}{CHK:1A2B3C4D5E6F}} | G17: 2. Hệ thống trả kết quả: HIT với Webservice Narrative loại chủ thể Individual, Entity, Port, Vessel, Aircraft và danh sách Stop Keywords Câu query kiểm tra kết quả (KET_QUA = HIT): SELECT CASE WHEN COUNT(*) = 3 THEN 'HIT' ELSE 'NO HIT' END AS KET_QUA FROM ( SELECT T.V_TAG_NAME FROM FSI_RT_AL_WLS_RESPONSE T WHERE T.N_GRP_MSG_ID = :N_GRP_MSG_ID AND T.N_WEBSERVICE_ID = 4 AND T.V_TAG_NAME IN ('76', '77A', '79') GROUP BY T.V_TAG_NAME HAVING COUNT(CASE WHEN UPPER(T.V_MATCHED_TYPE) = 'ENTITY' THEN 1 END) > 0 AND COUNT(CASE WHEN UPPER(T.V_MATCHED_TYPE) = 'INDIVIDUAL' THEN 1 END) > 0 AND COUNT(CASE WHEN UPPER(T.V_MATCHED_TYPE) = 'VESSEL' THEN 1 END) > 0 AND COUNT(CASE WHEN UPPER(T.V_MATCHED_TYPE) = 'AIRCRAFT' THEN 1 END) > 0 AND COUNT(CASE WHEN UPPER(T.V_MATCHED_TYPE) = 'PORT' THEN 1 END) > 0 AND COUNT(CASE WHEN UPPER(T.V_MATCHED_TYPE) = 'STK' THEN 1 END) > 0 ); | I17: High | J17: Manual | K17: Passed | L17: Passed | M17: Untested | O17: Nhóm tag quét giống nhau (Narrative or Free Text Information - All): 76, 77A, 79
A18: MT196 | B18: MT196.09 | C18: Sàng lọc giao dịch MT 196 - Copy of at least the Mandatory Fields of the Original Message - Narrative - All | D18: 1. Môi trường SIT hoạt động và API Post Message có thể truy cập. 2. Điện được cấu hình screening. 3. Có quyền tra cứu N_GRP_MSG_ID trên Database. | E18: 1. Mở API Post Message. 2. Gửi điện tại cột Test Datas. 3. Ghi nhận N_GRP_MSG_ID/AlertID. 4. Query FSI_RT_AL_WLS_RESPONSE theo N_GRP_MSG_ID. 5. Kiểm tra V_TAG_NAME đúng field mới mapping và giá trị đúng dữ liệu gửi. | F18: {1:F01MCOBVNVXAXXX0000000000} {2:I196SCBLUS33XXXXN} {3:{108:MT196TEST0909}} {4: :20:NZ126032502701 :21:S1626084GHMFKKHF :76:ATTN PAYMENTS INVESTIGATIONS :77A:PLEASE BE ADVISED. :11R:103 260325 :20:S1626084GHMFKKHF :76:0099887766 :79:0099887766 -}{5:{MAC:00000000}{CHK:123456789ABC}} | G18: 2. Hệ thống trả kết quả: HIT với Webservice Narrative loại chủ thể Individual, Entity, Port, Vessel, Aircraft và danh sách Stop Keywords Câu query kiểm tra kết quả (KET_QUA = HIT): SELECT CASE WHEN COUNT(*) = 1 THEN 'HIT' ELSE 'NO HIT' END AS KET_QUA FROM ( SELECT T.V_TAG_NAME FROM FSI_RT_AL_WLS_RESPONSE T WHERE T.N_GRP_MSG_ID = :N_GRP_MSG_ID AND T.N_WEBSERVICE_ID = 4 AND T.V_TAG_NAME IN ('Additional Data') GROUP BY T.V_TAG_NAME HAVING COUNT(CASE WHEN UPPER(T.V_MATCHED_TYPE) = 'ENTITY' THEN 1 END) > 0 AND COUNT(CASE WHEN UPPER(T.V_MATCHED_TYPE) = 'INDIVIDUAL' THEN 1 END) > 0 AND COUNT(CASE WHEN UPPER(T.V_MATCHED_TYPE) = 'VESSEL' THEN 1 END) > 0 AND COUNT(CASE WHEN UPPER(T.V_MATCHED_TYPE) = 'AIRCRAFT' THEN 1 END) > 0 AND COUNT(CASE WHEN UPPER(T.V_MATCHED_TYPE) = 'PORT' THEN 1 END) > 0 AND COUNT(CASE WHEN UPPER(T.V_MATCHED_TYPE) = 'STK' THEN 1 END) > 0 ); | H18: SIT | I18: High | J18: Manual | K18: Untested | L18: Untested | M18: Untested | O18: 09/09: Bổ sung trường Copy of at least the Mandatory Fields of the Original Message.
A19: MT195
A20: MT195 | B20: MT195.01 | C20: Sàng lọc giao dịch MT 195 - Identifier, Name and Address, Country and City - Entity | E20: 1. Đẩy giao dịch vào API Post Message với trường thông tin Basic Header Block, Application Header - Input có dữ liệu nằm trong các danh sách theo dõi <Link URL hệ thống AML ở môi trường SIT> Path: transaction-screening/v1/transaction-screening Method: POST Request Header: Authorization: Basic Auth (Username and password to login to application) Content-Type: text/plain Accept: */* Request Body: cột Test Datas 2. Kiểm tra thông tin Event của giao dịch theo đường dẫn Financial Services Analytical Applications Transactions Filtering > Financial services Sanctions Pack > Transaction Filtering Alert List Chọn Filter, nhập thông tin tìm kiếm theo AlertID, nhấn <Search> Click mã AlertID và kiểm tra các thông tin Hoặc kiểm tra các thông tin trong file kết quả truy vấn Database | F20: {1:F01BFICCUHHAXXX0000000000} {2:I195BFICCUHHXXXXN} {3:{108:MT195TEST0001}} {4: :20:QRY2607240001 :21:NONREF :75:PLEASE CONFIRM -}{5:{MAC:00000000}{CHK:1A2B3C4D5E6F}} | G20: 2. Hệ thống trả kết quả: HIT với Webservice Identifier, Name and Address, Country and City loại chủ thể Entity; đồng thời HIT danh sách Quốc gia Knock-out (quốc gia cấm vận) và không HIT với chủ thể Individual, Vessel, Aircraft Câu query kiểm tra kết quả (KET_QUA = HIT): SELECT CASE WHEN COUNT(*) = 3 THEN 'HIT' ELSE 'NO HIT' END AS KET_QUA FROM ( SELECT T.N_WEBSERVICE_ID FROM FSI_RT_AL_WLS_RESPONSE T WHERE T.N_GRP_MSG_ID = :N_GRP_MSG_ID AND T.N_WEBSERVICE_ID IN (1, 2, 3) AND T.V_TAG_NAME IN ('Basic Header Block', 'Application Header - Input') GROUP BY T.N_WEBSERVICE_ID HAVING COUNT(DISTINCT T.V_TAG_NAME) = 2 AND COUNT(CASE WHEN UPPER(NVL(T.V_MATCHED_TYPE,DECODE(T.V_MATCHED_LIST_NAME,'Blacklisted Country','ENTITY','N/A'))) = 'ENTITY' THEN 1 END) > 0 AND COUNT(CASE WHEN UPPER(T.V_MATCHED_TYPE) = 'INDIVIDUAL' THEN 1 END) = 0 AND COUNT(CASE WHEN UPPER(T.V_MATCHED_TYPE) = 'VESSEL' THEN 1 END) = 0 AND COUNT(CASE WHEN UPPER(T.V_MATCHED_TYPE) = 'AIRCRAFT' THEN 1 END) = 0 ); | I20: High | J20: Manual | K20: Passed | L20: Passed | M20: Untested | O20: Nhóm tag quét giống nhau (Identifier, Name and Address, Country and City - Entity): Basic Header Block, Application Header - Input
A21: MT195 | B21: MT195.02 | C21: Sàng lọc giao dịch MT 195 - Identifier, Name and Address, Country and City - Entity | E21: 1. Đẩy giao dịch vào API Post Message với trường thông tin Application Header - Output có dữ liệu nằm trong các danh sách theo dõi <Link URL hệ thống AML ở môi trường SIT> Path: transaction-screening/v1/transaction-screening Method: POST Request Header: Authorization: Basic Auth (Username and password to login to application) Content-Type: text/plain Accept: */* Request Body: cột Test Datas 2. Kiểm tra thông tin Event của giao dịch theo đường dẫn Financial Services Analytical Applications Transactions Filtering > Financial services Sanctions Pack > Transaction Filtering Alert List Chọn Filter, nhập thông tin tìm kiếm theo AlertID, nhấn <Search> Click mã AlertID và kiểm tra các thông tin Hoặc kiểm tra các thông tin trong file kết quả truy vấn Database | F21: {1:F01MCOBVNVXAXXX0000000000} {2:O1951201260724BFICCUHHAXXX00010000012607241201N} {3:{108:MT195TEST0003}} {4: :20:QRY2607240003 :21:NONREF :75:PLEASE CONFIRM -}{5:{MAC:00000000}{CHK:1A2B3C4D5E6F}} | G21: 2. Hệ thống trả kết quả: HIT với Webservice Identifier, Name and Address, Country and City loại chủ thể Entity; đồng thời HIT danh sách Quốc gia Knock-out (quốc gia cấm vận) và không HIT với chủ thể Individual, Vessel, Aircraft Câu query kiểm tra kết quả (KET_QUA = HIT): SELECT CASE WHEN COUNT(*) = 3 THEN 'HIT' ELSE 'NO HIT' END AS KET_QUA FROM ( SELECT T.N_WEBSERVICE_ID FROM FSI_RT_AL_WLS_RESPONSE T WHERE T.N_GRP_MSG_ID = :N_GRP_MSG_ID AND T.N_WEBSERVICE_ID IN (1, 2, 3) AND T.V_TAG_NAME IN ('Application Header - Output') GROUP BY T.N_WEBSERVICE_ID HAVING COUNT(DISTINCT T.V_TAG_NAME) = 1 AND COUNT(CASE WHEN UPPER(NVL(T.V_MATCHED_TYPE,DECODE(T.V_MATCHED_LIST_NAME,'Blacklisted Country','ENTITY','N/A'))) = 'ENTITY' THEN 1 END) > 0 AND COUNT(CASE WHEN UPPER(T.V_MATCHED_TYPE) = 'INDIVIDUAL' THEN 1 END) = 0 AND COUNT(CASE WHEN UPPER(T.V_MATCHED_TYPE) = 'VESSEL' THEN 1 END) = 0 AND COUNT(CASE WHEN UPPER(T.V_MATCHED_TYPE) = 'AIRCRAFT' THEN 1 END) = 0 ); | I21: High | J21: Manual | K21: Passed | L21: Passed | M21: Untested | O21: Nhóm tag quét giống nhau (Identifier, Name and Address, Country and City - Entity): Application Header - Output
A22: MT195 | B22: MT195.03 | C22: Sàng lọc giao dịch MT 195 - Narrative - All | E22: 1. Đẩy giao dịch vào API Post Message với trường thông tin 75, 77A, 79 có dữ liệu nằm trong các danh sách theo dõi <Link URL hệ thống AML ở môi trường SIT> Path: transaction-screening/v1/transaction-screening Method: POST Request Header: Authorization: Basic Auth (Username and password to login to application) Content-Type: text/plain Accept: */* Request Body: cột Test Datas 2. Kiểm tra thông tin Event của giao dịch theo đường dẫn Financial Services Analytical Applications Transactions Filtering > Financial services Sanctions Pack > Transaction Filtering Alert List Chọn Filter, nhập thông tin tìm kiếm theo AlertID, nhấn <Search> Click mã AlertID và kiểm tra các thông tin Hoặc kiểm tra các thông tin trong file kết quả truy vấn Database | F22: {1:F01SCBLSGSGAXXX0000000000} {2:I195MCOBVNVXXXXXN} {3:{108:MT195TEST0002}} {4: :20:QRY2607240002 :21:NONREF :75:0099887766 :77A:0099887766 :79:0099887766 -}{5:{MAC:00000000}{CHK:1A2B3C4D5E6F}} | G22: 2. Hệ thống trả kết quả: HIT với Webservice Narrative loại chủ thể Individual, Entity, Port, Vessel, Aircraft và danh sách Stop Keywords Câu query kiểm tra kết quả (KET_QUA = HIT): SELECT CASE WHEN COUNT(*) = 3 THEN 'HIT' ELSE 'NO HIT' END AS KET_QUA FROM ( SELECT T.V_TAG_NAME FROM FSI_RT_AL_WLS_RESPONSE T WHERE T.N_GRP_MSG_ID = :N_GRP_MSG_ID AND T.N_WEBSERVICE_ID = 4 AND T.V_TAG_NAME IN ('75', '77A', '79') GROUP BY T.V_TAG_NAME HAVING COUNT(CASE WHEN UPPER(T.V_MATCHED_TYPE) = 'ENTITY' THEN 1 END) > 0 AND COUNT(CASE WHEN UPPER(T.V_MATCHED_TYPE) = 'INDIVIDUAL' THEN 1 END) > 0 AND COUNT(CASE WHEN UPPER(T.V_MATCHED_TYPE) = 'VESSEL' THEN 1 END) > 0 AND COUNT(CASE WHEN UPPER(T.V_MATCHED_TYPE) = 'AIRCRAFT' THEN 1 END) > 0 AND COUNT(CASE WHEN UPPER(T.V_MATCHED_TYPE) = 'PORT' THEN 1 END) > 0 AND COUNT(CASE WHEN UPPER(T.V_MATCHED_TYPE) = 'STK' THEN 1 END) > 0 ); | I22: High | J22: Manual | K22: Passed | L22: Passed | M22: Untested | O22: Nhóm tag quét giống nhau (Narrative or Free Text Information - All): 75, 77A, 79
A23: MT195 | B23: MT195.09 | C23: Sàng lọc giao dịch MT 195 - Copy of at least the Mandatory Fields of the Original Message - Narrative - All | D23: 1. Môi trường SIT hoạt động và API Post Message có thể truy cập. 2. Điện được cấu hình screening. 3. Có quyền tra cứu N_GRP_MSG_ID trên Database. | E23: 1. Mở API Post Message. 2. Gửi điện tại cột Test Datas. 3. Ghi nhận N_GRP_MSG_ID/AlertID. 4. Query FSI_RT_AL_WLS_RESPONSE theo N_GRP_MSG_ID. 5. Kiểm tra V_TAG_NAME đúng field mới mapping và giá trị đúng dữ liệu gửi. | F23: {1:F01MCOBVNVXAXXX.SN...ISN.}{2:I195SCBLUS33XXXXN}{3:{108:262315GRVX61483}{121:f6706b2b-rrrr-444f-9ee8-0304037814c2}}{4: :20:TESTMT195V1 :21:S1626084GHMFKKHF :75:5555555 :77A:66666666 :11R:103 260325 :20:S1626084GHMFKKHF :75:0099887766 :79:0099887766 -}{5:{MAC: :00000000}{CHK:D2826EE1B645}}{S:{SAC:}{COP:S}} | G23: 2. Hệ thống trả kết quả: HIT với Webservice Narrative loại chủ thể Individual, Entity, Port, Vessel, Aircraft và danh sách Stop Keywords Câu query kiểm tra kết quả (KET_QUA = HIT): SELECT CASE WHEN COUNT(*) = 1 THEN 'HIT' ELSE 'NO HIT' END AS KET_QUA FROM ( SELECT T.V_TAG_NAME FROM FSI_RT_AL_WLS_RESPONSE T WHERE T.N_GRP_MSG_ID = :N_GRP_MSG_ID AND T.N_WEBSERVICE_ID = 4 AND T.V_TAG_NAME IN ('Additional Data') GROUP BY T.V_TAG_NAME HAVING COUNT(CASE WHEN UPPER(T.V_MATCHED_TYPE) = 'ENTITY' THEN 1 END) > 0 AND COUNT(CASE WHEN UPPER(T.V_MATCHED_TYPE) = 'INDIVIDUAL' THEN 1 END) > 0 AND COUNT(CASE WHEN UPPER(T.V_MATCHED_TYPE) = 'VESSEL' THEN 1 END) > 0 AND COUNT(CASE WHEN UPPER(T.V_MATCHED_TYPE) = 'AIRCRAFT' THEN 1 END) > 0 AND COUNT(CASE WHEN UPPER(T.V_MATCHED_TYPE) = 'PORT' THEN 1 END) > 0 AND COUNT(CASE WHEN UPPER(T.V_MATCHED_TYPE) = 'STK' THEN 1 END) > 0 ); | H23: SIT | I23: High | J23: Manual | K23: Untested | L23: Untested | M23: Untested | O23: 09/09: Bổ sung trường Copy of at least the Mandatory Fields of the Original Message.
A24: Sàng lọc giao dịch MT 296
A25: MT296 | B25: MT296.01 | C25: Sàng lọc giao dịch MT 296 - Identifier, Name and Address, Country and City - Entity | E25: 1. Đẩy giao dịch vào API Post Message với trường thông tin Basic Header Block, Application Header - Input có dữ liệu nằm trong các danh sách theo dõi <Link URL hệ thống AML ở môi trường SIT> Path: transaction-screening/v1/transaction-screening Method: POST Request Header: Authorization: Basic Auth (Username and password to login to application) Content-Type: text/plain Accept: */* Request Body: cột Test Datas 2. Kiểm tra thông tin Event của giao dịch theo đường dẫn Financial Services Analytical Applications Transactions Filtering > Financial services Sanctions Pack > Transaction Filtering Alert List Chọn Filter, nhập thông tin tìm kiếm theo AlertID, nhấn <Search> Click mã AlertID và kiểm tra các thông tin Hoặc kiểm tra các thông tin trong file kết quả truy vấn Database | F25: {1:F01BFICCUHHAXXX0000000000} {2:I296BFICCUHHXXXXN} {3:{108:MT296TEST0001}} {4: :20:ANS2607240001 :21:NONREF :76:AMENDMENT ACCEPTED -}{5:{MAC:00000000}{CHK:1A2B3C4D5E6F}} | G25: 2. Hệ thống trả kết quả: HIT với Webservice Identifier, Name and Address, Country and City loại chủ thể Entity; đồng thời HIT danh sách Quốc gia Knock-out (quốc gia cấm vận) và không HIT với chủ thể Individual, Vessel, Aircraft Câu query kiểm tra kết quả (KET_QUA = HIT): SELECT CASE WHEN COUNT(*) = 3 THEN 'HIT' ELSE 'NO HIT' END AS KET_QUA FROM ( SELECT T.N_WEBSERVICE_ID FROM FSI_RT_AL_WLS_RESPONSE T WHERE T.N_GRP_MSG_ID = :N_GRP_MSG_ID AND T.N_WEBSERVICE_ID IN (1, 2, 3) AND T.V_TAG_NAME IN ('Basic Header Block', 'Application Header - Input') GROUP BY T.N_WEBSERVICE_ID HAVING COUNT(DISTINCT T.V_TAG_NAME) = 2 AND COUNT(CASE WHEN UPPER(NVL(T.V_MATCHED_TYPE,DECODE(T.V_MATCHED_LIST_NAME,'Blacklisted Country','ENTITY','N/A'))) = 'ENTITY' THEN 1 END) > 0 AND COUNT(CASE WHEN UPPER(T.V_MATCHED_TYPE) = 'INDIVIDUAL' THEN 1 END) = 0 AND COUNT(CASE WHEN UPPER(T.V_MATCHED_TYPE) = 'VESSEL' THEN 1 END) = 0 AND COUNT(CASE WHEN UPPER(T.V_MATCHED_TYPE) = 'AIRCRAFT' THEN 1 END) = 0 ); | I25: High | J25: Manual | K25: Passed | L25: Passed | M25: Untested | O25: Nhóm tag quét giống nhau (Identifier, Name and Address, Country and City - Entity): Basic Header Block, Application Header - Input
A26: MT296 | B26: MT296.02 | C26: Sàng lọc giao dịch MT 296 - Identifier, Name and Address, Country and City - Entity | E26: 1. Đẩy giao dịch vào API Post Message với trường thông tin Application Header - Output có dữ liệu nằm trong các danh sách theo dõi <Link URL hệ thống AML ở môi trường SIT> Path: transaction-screening/v1/transaction-screening Method: POST Request Header: Authorization: Basic Auth (Username and password to login to application) Content-Type: text/plain Accept: */* Request Body: cột Test Datas 2. Kiểm tra thông tin Event của giao dịch theo đường dẫn Financial Services Analytical Applications Transactions Filtering > Financial services Sanctions Pack > Transaction Filtering Alert List Chọn Filter, nhập thông tin tìm kiếm theo AlertID, nhấn <Search> Click mã AlertID và kiểm tra các thông tin Hoặc kiểm tra các thông tin trong file kết quả truy vấn Database | F26: {1:F01MCOBVNVXAXXX0000000000} {2:O2961201260724BFICCUHHAXXX00010000012607241201N} {3:{108:MT296TEST0003}} {4: :20:ANS2607240003 :21:NONREF :76:AMENDMENT ACCEPTED -}{5:{MAC:00000000}{CHK:1A2B3C4D5E6F}} | G26: 2. Hệ thống trả kết quả: HIT với Webservice Identifier, Name and Address, Country and City loại chủ thể Entity; đồng thời HIT danh sách Quốc gia Knock-out (quốc gia cấm vận) và không HIT với chủ thể Individual, Vessel, Aircraft Câu query kiểm tra kết quả (KET_QUA = HIT): SELECT CASE WHEN COUNT(*) = 3 THEN 'HIT' ELSE 'NO HIT' END AS KET_QUA FROM ( SELECT T.N_WEBSERVICE_ID FROM FSI_RT_AL_WLS_RESPONSE T WHERE T.N_GRP_MSG_ID = :N_GRP_MSG_ID AND T.N_WEBSERVICE_ID IN (1, 2, 3) AND T.V_TAG_NAME IN ('Application Header - Output') GROUP BY T.N_WEBSERVICE_ID HAVING COUNT(DISTINCT T.V_TAG_NAME) = 1 AND COUNT(CASE WHEN UPPER(NVL(T.V_MATCHED_TYPE,DECODE(T.V_MATCHED_LIST_NAME,'Blacklisted Country','ENTITY','N/A'))) = 'ENTITY' THEN 1 END) > 0 AND COUNT(CASE WHEN UPPER(T.V_MATCHED_TYPE) = 'INDIVIDUAL' THEN 1 END) = 0 AND COUNT(CASE WHEN UPPER(T.V_MATCHED_TYPE) = 'VESSEL' THEN 1 END) = 0 AND COUNT(CASE WHEN UPPER(T.V_MATCHED_TYPE) = 'AIRCRAFT' THEN 1 END) = 0 ); | I26: High | J26: Manual | K26: Passed | L26: Passed | M26: Untested | O26: Nhóm tag quét giống nhau (Identifier, Name and Address, Country and City - Entity): Application Header - Output
A27: MT296 | B27: MT296.03 | C27: Sàng lọc giao dịch MT 296 - Narrative - All | E27: 1. Đẩy giao dịch vào API Post Message với trường thông tin 76, 77A, 79 có dữ liệu nằm trong các danh sách theo dõi <Link URL hệ thống AML ở môi trường SIT> Path: transaction-screening/v1/transaction-screening Method: POST Request Header: Authorization: Basic Auth (Username and password to login to application) Content-Type: text/plain Accept: */* Request Body: cột Test Datas 2. Kiểm tra thông tin Event của giao dịch theo đường dẫn Financial Services Analytical Applications Transactions Filtering > Financial services Sanctions Pack > Transaction Filtering Alert List Chọn Filter, nhập thông tin tìm kiếm theo AlertID, nhấn <Search> Click mã AlertID và kiểm tra các thông tin Hoặc kiểm tra các thông tin trong file kết quả truy vấn Database | F27: {1:F01SCBLSGSGAXXX0000000000} {2:I296MCOBVNVXXXXXN} {3:{108:MT296TEST0002}} {4: :20:ANS2607240002 :21:NONREF :76:0099887766 :77A:0099887766 :79:0099887766 -}{5:{MAC:00000000}{CHK:1A2B3C4D5E6F}} | G27: 2. Hệ thống trả kết quả: HIT với Webservice Narrative loại chủ thể Individual, Entity, Port, Vessel, Aircraft và danh sách Stop Keywords Câu query kiểm tra kết quả (KET_QUA = HIT): SELECT CASE WHEN COUNT(*) = 3 THEN 'HIT' ELSE 'NO HIT' END AS KET_QUA FROM ( SELECT T.V_TAG_NAME FROM FSI_RT_AL_WLS_RESPONSE T WHERE T.N_GRP_MSG_ID = :N_GRP_MSG_ID AND T.N_WEBSERVICE_ID = 4 AND T.V_TAG_NAME IN ('76', '77A', '79') GROUP BY T.V_TAG_NAME HAVING COUNT(CASE WHEN UPPER(T.V_MATCHED_TYPE) = 'ENTITY' THEN 1 END) > 0 AND COUNT(CASE WHEN UPPER(T.V_MATCHED_TYPE) = 'INDIVIDUAL' THEN 1 END) > 0 AND COUNT(CASE WHEN UPPER(T.V_MATCHED_TYPE) = 'VESSEL' THEN 1 END) > 0 AND COUNT(CASE WHEN UPPER(T.V_MATCHED_TYPE) = 'AIRCRAFT' THEN 1 END) > 0 AND COUNT(CASE WHEN UPPER(T.V_MATCHED_TYPE) = 'PORT' THEN 1 END) > 0 AND COUNT(CASE WHEN UPPER(T.V_MATCHED_TYPE) = 'STK' THEN 1 END) > 0 ); | I27: High | J27: Manual | K27: Passed | L27: Passed | M27: Untested | O27: Nhóm tag quét giống nhau (Narrative or Free Text Information - All): 76, 77A, 79
A28: MT296 | B28: MT296.09 | C28: Copy of at least the Mandatory Fields of the Original Message | D28: 1. Môi trường SIT hoạt động và API Post Message có thể truy cập. 2. Điện được cấu hình screening. 3. Có quyền tra cứu N_GRP_MSG_ID trên Database. | E28: 1. Mở API Post Message. 2. Gửi điện tại cột Test Datas. 3. Ghi nhận N_GRP_MSG_ID/AlertID. 4. Query FSI_RT_AL_WLS_RESPONSE theo N_GRP_MSG_ID. 5. Kiểm tra V_TAG_NAME đúng field mới mapping và giá trị đúng dữ liệu gửi. | F28: {1:F01MCOBVNVXAXXX0000000000} {2:I296SCBLUS33XXXXN} {3:{108:MT296TEST0909}} {4: :20:TESTMT296UPDATE :21:S1626084GHMFKKHF :76:ATTN PAYMENTS INVESTIGATIONS :77A:PLEASE BE ADVISED :20:S1626084GHMFKKHF :76:0099887766 :79:0099887766 -}{5:{MAC:00000000}{CHK:123456789ABE}} | G28: 2. Hệ thống trả kết quả: HIT với Webservice Narrative loại chủ thể Individual, Entity, Port, Vessel, Aircraft và danh sách Stop Keywords Câu query kiểm tra kết quả (KET_QUA = HIT): SELECT CASE WHEN COUNT(*) = 1 THEN 'HIT' ELSE 'NO HIT' END AS KET_QUA FROM ( SELECT T.V_TAG_NAME FROM FSI_RT_AL_WLS_RESPONSE T WHERE T.N_GRP_MSG_ID = :N_GRP_MSG_ID AND T.N_WEBSERVICE_ID = 4 AND T.V_TAG_NAME IN ('Additional Data') GROUP BY T.V_TAG_NAME HAVING COUNT(CASE WHEN UPPER(T.V_MATCHED_TYPE) = 'ENTITY' THEN 1 END) > 0 AND COUNT(CASE WHEN UPPER(T.V_MATCHED_TYPE) = 'INDIVIDUAL' THEN 1 END) > 0 AND COUNT(CASE WHEN UPPER(T.V_MATCHED_TYPE) = 'VESSEL' THEN 1 END) > 0 AND COUNT(CASE WHEN UPPER(T.V_MATCHED_TYPE) = 'AIRCRAFT' THEN 1 END) > 0 AND COUNT(CASE WHEN UPPER(T.V_MATCHED_TYPE) = 'PORT' THEN 1 END) > 0 AND COUNT(CASE WHEN UPPER(T.V_MATCHED_TYPE) = 'STK' THEN 1 END) > 0 ); | H28: SIT | I28: High | J28: Manual | K28: Untested | L28: Untested | M28: Untested | O28: 09/09: Bổ sung trường Copy of at least the Mandatory Fields of the Original Message.
A29: Sàng lọc giao dịch MT 295
