Workbook
Name AUTO: #REF!
Name nj: #REF!
Name PRIORITY: #REF!
Name STATUS: #REF!

Sheet Backup
A1: DỰ ÁN TRIỂN KHAI BẢN QUYỀN PHẦN MỀM HỆ THỐNG AML MỚI
B2: High | C2: Medium | D2: Low | E2: Total R1
A3: Pass | B3: =COUNTIFS($J$13:$J$439,A3,$H$13:$H$439,$B$2) -> 0 | C3: =COUNTIFS($J$13:$J$439,A3,$H$13:$H$439,$C$2) -> 0 | D3: =COUNTIFS($J$13:$J$439,A3,$H$13:$H$439,$D$2) -> 0 | E3: =SUM(B3:D3) -> 0
A4: Fail | B4: =COUNTIFS($J$13:$J$439,A4,$H$13:$H$439,$B$2) -> 0 | C4: =COUNTIFS($J$13:$J$439,A4,$H$13:$H$439,$C$2) -> 0 | D4: =COUNTIFS($J$13:$J$439,A4,$H$13:$H$439,$D$2) -> 0 | E4: =SUM(B4:D4) -> 0
A5: Pending | B5: =COUNTIFS($J$13:$J$439,A5,$H$13:$H$439,$B$2) -> 0 | C5: =COUNTIFS($J$13:$J$439,A5,$H$13:$H$439,$C$2) -> 0 | D5: =COUNTIFS($J$13:$J$439,A5,$H$13:$H$439,$D$2) -> 0 | E5: =SUM(B5:D5) -> 0
A6: Cancel | B6: =COUNTIFS($J$13:$J$439,A6,$H$13:$H$439,$B$2) -> 0 | C6: =COUNTIFS($J$13:$J$439,A6,$H$13:$H$439,$C$2) -> 0 | D6: =COUNTIFS($J$13:$J$439,A6,$H$13:$H$439,$D$2) -> 0 | E6: =SUM(B6:D6) -> 0
A7: Untested | B7: =COUNTIFS($J$13:$J$439,A7,$H$13:$H$439,$B$2) -> 356 | C7: =COUNTIFS($J$13:$J$439,A7,$H$13:$H$439,$C$2) -> 20 | D7: =COUNTIFS($J$13:$J$439,A7,$H$13:$H$439,$D$2) -> 2 | E7: =SUM(B7:D7) -> 378
A8: Next | B8: =COUNTIFS($J$13:$J$439,A8,$H$13:$H$439,$B$2) -> 0 | C8: =COUNTIFS($J$13:$J$439,A8,$H$13:$H$439,$C$2) -> 0 | D8: =COUNTIFS($J$13:$J$439,A8,$H$13:$H$439,$D$2) -> 0 | E8: =SUM(B8:D8) -> 0
E9: =SUM(E3:E7) -> 378
A11: ID Testcase | B11: Test case Title | C11: Pre-conditions | D11: Test Steps | E11: Test Datas | F11: Expected result | G11: Test Environment | H11: Priority | I11: Automation Status | J11: 1st Test Results | K11: 2st Test Results
A12: I. Authentication & Authorization
A13: AML_API_AUTH Xác thực và phân quyền truy cập API
A14: AML_API_AUTH_01 | B14: Gọi API với Authorization header hợp lệ | C14: Server đang chạy; Credentials hợp lệ: Basic a3ljYWRtbjpwYXNzd29yZDM= | D14: 1. Gửi POST request đến API endpoint 2. Đính kèm Authorization header đúng 3. Body là điện MT hợp lệ 4. Kiểm tra HTTP status và response body | E14: Headers: Authorization: Basic a3ljYWRtbjpwYXNzd29yZDM= Content-Type: application/json Params: transactionId: TF_AUTH_001 requestId: REQ_TF_AUTH_001 transactionType: MT branchCd: HN channel: T24 isCallBack: N Body: {1:F01SIIBSYDAXXXX0000000000} {2:I202ESSESESSXXXXN} {4: :20:MT202 :21:SENDEREFERENC001 :32A:170623CNY5000 :58D:/B/BENEFICIARYINST MAJESTUALIDAQ CUBA :72:PHONBEN -} {5:{MAC:12345678}{CHK:123456789ABC}} | F14: HTTP Status: 200 OK result: No-HIT hoặc HIT errorCode: 00 errorDetail: No Error transactionId: TF_AUTH_001 (echo lại) requestId: REQ_TF_AUTH_001 (echo lại) | G14: SIT | H14: High | I14: Manual | J14: Untested | K14: Untested
A15: AML_API_AUTH_02 | B15: Gọi API thiếu Authorization header | C15: Server đang chạy; Không có Authorization header trong request | D15: 1. Gửi POST request đến API endpoint 2. KHÔNG đính kèm Authorization header 3. Body là điện MT hợp lệ 4. Kiểm tra HTTP status trả về | E15: Headers: Content-Type: application/json Params: transactionId: TF_AUTH_002 requestId: REQ_TF_AUTH_002 transactionType: MT branchCd: HN channel: T24 isCallBack: N Body: {1:F01SIIBSYDAXXXX0000000000} {2:I202ESSESESSXXXXN} {4: :20:MT202 :21:SENDEREFERENC001 :32A:170623CNY5000 :58D:/B/BENEFICIARYINST MAJESTUALIDAQ CUBA :72:PHONBEN -} {5:{MAC:12345678}{CHK:123456789ABC}} | F15: HTTP Status: 401 Unauthorized (Không có body nghiệp vụ) | G15: SIT | H15: High | I15: Manual | J15: Untested | K15: Untested
A16: AML_API_AUTH_03 | B16: Gọi API với Authorization token sai | C16: Server đang chạy; Token Basic không hợp lệ | D16: 1. Gửi POST request đến API endpoint 2. Đính kèm Authorization: Basic WRONG_TOKEN 3. Body là điện MT hợp lệ 4. Kiểm tra HTTP status trả về | E16: Headers: Authorization: Basic WRONG_TOKEN Content-Type: application/json Params: transactionId: TF_AUTH_003 requestId: REQ_TF_AUTH_003 transactionType: MT branchCd: HN channel: T24 isCallBack: N Body: {1:F01SIIBSYDAXXXX0000000000} {2:I202ESSESESSXXXXN} {4: :20:MT202 :21:SENDEREFERENC001 :32A:170623CNY5000 :58D:/B/BENEFICIARYINST MAJESTUALIDAQ CUBA :72:PHONBEN -} {5:{MAC:12345678}{CHK:123456789ABC}} | F16: HTTP Status: 401 Unauthorized (Không có body nghiệp vụ) | G16: SIT | H16: High | I16: Manual | J16: Untested | K16: Untested
A17: II. Endpoint & HTTP Method
A18: AML_API_EP Kiểm tra endpoint và phương thức HTTP
A19: AML_API_EP_01 | B19: Gọi đúng endpoint với method POST | C19: Server đang chạy; Auth hợp lệ | D19: 1. Gửi POST request đến: /transaction-screening/v1/transaction-screening 2. Body là điện MT hợp lệ 3. Kiểm tra HTTP 200 và response body | E19: Headers: Authorization: Basic a3ljYWRtbjpwYXNzd29yZDM= Content-Type: application/json Params: transactionId: TF_EP_001 requestId: REQ_TF_EP_001 transactionType: MT branchCd: HN channel: T24 isCallBack: N Body: {1:F01SIIBSYDAXXXX0000000000} {2:I202ESSESESSXXXXN} {4: :20:MT202 :21:SENDEREFERENC001 :32A:170623CNY5000 :58D:/B/BENEFICIARYINST MAJESTUALIDAQ CUBA :72:PHONBEN -} {5:{MAC:12345678}{CHK:123456789ABC}} | F19: HTTP Status: 200 OK result: No-HIT hoặc HIT errorCode: 00 groupMessageId: (not null) | G19: SIT | H19: High | I19: Manual | J19: Untested | K19: Untested
A20: AML_API_EP_02 | B20: Gọi sai endpoint URL | C20: Server đang chạy; Auth hợp lệ | D20: 1. Gửi POST request đến URL sai: /wrong-path/v1/transaction-screening 2. Kiểm tra HTTP status trả về | E20: POST http://server:port/wrong-path/v1/transaction-screening Authorization: Basic a3ljYWRtbjpwYXNzd29yZDM= Content-Type: application/json | F20: HTTP Status: 404 Not Found (Không có body nghiệp vụ) | G20: SIT | H20: High | I20: Manual | J20: Untested | K20: Untested
A21: AML_API_EP_03 | B21: Gọi đúng endpoint nhưng dùng method GET | C21: Server đang chạy; Auth hợp lệ | D21: 1. Gửi GET request đến đúng endpoint 2. Không có body 3. Kiểm tra HTTP status trả về | E21: GET POST http://server:port/transaction-screening/v1/transaction-screening Authorization: Basic a3ljYWRtbjpwYXNzd29yZDM= Content-Type: application/json | F21: HTTP Status: 405 Method Not Allowed (Không có body nghiệp vụ) | G21: SIT | H21: Medium | I21: Manual | J21: Untested | K21: Untested
A22: AML_API_EP_04 | B22: Content-Type không phải application/json | C22: Server đang chạy; Auth hợp lệ | D22: 1. Gửi POST với Content-Type: text/plain 2. Body là điện MT 3. Kiểm tra response | E22: Authorization: Basic a3ljYWRtbjpwYXNzd29yZDM= Content-Type: text/plain Body: {1:F01SIIBSYDAXXXX0000000000} {2:I202ESSESESSXXXXN} {4: :20:MT202 :21:SENDEREFERENC001 :32A:170623CNY5000 :58D:/B/BENEFICIARYINST MAJESTUALIDAQ CUBA :72:PHONBEN -} {5:{MAC:12345678}{CHK:123456789ABC}} | F22: HTTP Status: 400 hoặc 200 Nếu 200: result=ERROR, errorCode=03 (Tùy implementation; ghi nhận thực tế) | G22: SIT | H22: Medium | I22: Manual | J22: Untested | K22: Untested
A23: III. Validation - Header Parameters
A24: AML_API_HDR Kiểm tra các trường bắt buộc / optional trong request params
A25: AML_API_HDR_01 | B25: Request đầy đủ tất cả field bắt buộc (MT) | C25: Auth hợp lệ; MT body đúng format | D25: 1. Gửi POST với đủ 7 fields: transactionId, requestId, transactionType=MT, branchCd, channel, isCallBack, requestUserId 2. Kiểm tra xử lý thành công | E25: Headers: Authorization: Basic a3ljYWRtbjpwYXNzd29yZDM= Content-Type: application/json Params: transactionId: TF_HDR_001 requestId: REQ_TF_HDR_001 transactionType: MT branchCd: HN channel: T24 isCallBack: N Body: {1:F01SIIBSYDAXXXX0000000000} {2:I202ESSESESSXXXXN} {4: :20:MT202 :21:SENDEREFERENC001 :32A:170623CNY5000 :58D:/B/BENEFICIARYINST MAJESTUALIDAQ CUBA :72:PHONBEN -} {5:{MAC:12345678}{CHK:123456789ABC}} | F25: HTTP Status: 200 OK result: No-HIT hoặc HIT errorCode: 00 errorDetail: No Error | G25: SIT | H25: High | I25: Manual | J25: Untested | K25: Untested
A26: AML_API_HDR_02 | B26: Thiếu transactionId (Mandatory) | C26: Auth hợp lệ | D26: 1. Gửi POST KHÔNG có transactionId 2. Các field khác đầy đủ 3. Kiểm tra errorCode trong response | E26: Headers: Authorization: Basic a3ljYWRtbjpwYXNzd29yZDM= Content-Type: application/json Params: requestId: REQ_HDR_002 transactionType: MT branchCd: HN channel: T24 isCallBack: N Body: {1:F01SIIBSYDAXXXX0000000000} {2:I202ESSESESSXXXXN} {4: :20:MT202 :21:SENDEREFERENC001 :32A:170623CNY5000 :58D:/B/BENEFICIARYINST MAJESTUALIDAQ CUBA :72:PHONBEN -} {5:{MAC:12345678}{CHK:123456789ABC}} | F26: HTTP Status: 200 OK result: ERROR errorCode: 01 errorDetail: Missing parameter score: (rỗng) alertId: (rỗng) processDate: null Verify: errorDetail nêu rõ field bị thiếu | G26: SIT | H26: High | I26: Manual | J26: Untested | K26: Untested
A27: AML_API_HDR_03 | B27: Thiếu requestId (Mandatory) | C27: Auth hợp lệ | D27: 1. Gửi POST KHÔNG có requestId 2. Các field khác đầy đủ 3. Kiểm tra errorCode | E27: Headers: Authorization: Basic a3ljYWRtbjpwYXNzd29yZDM= Content-Type: application/json Params: transactionId: TF_HDR_003 transactionType: MT branchCd: HN channel: T24 isCallBack: N Body: {1:F01SIIBSYDAXXXX0000000000} {2:I202ESSESESSXXXXN} {4: :20:MT202 :21:SENDEREFERENC001 :32A:170623CNY5000 :58D:/B/BENEFICIARYINST MAJESTUALIDAQ CUBA :72:PHONBEN -} {5:{MAC:12345678}{CHK:123456789ABC}} | F27: HTTP Status: 200 OK result: ERROR errorCode: 01 errorDetail: Missing parameter score: (rỗng) alertId: (rỗng) processDate: null | G27: SIT | H27: High | I27: Manual | J27: Untested | K27: Untested
A28: AML_API_HDR_04 | B28: Thiếu transactionType (Mandatory) | C28: Auth hợp lệ | D28: 1. Gửi POST KHÔNG có transactionType 2. Các field khác đầy đủ 3. Kiểm tra errorCode | E28: Headers: Authorization: Basic a3ljYWRtbjpwYXNzd29yZDM= Content-Type: application/json Params: transactionId: TF_HDR_004 requestId: REQ_HDR_004 branchCd: HN channel: T24 isCallBack: N Body: {1:F01SIIBSYDAXXXX0000000000} {2:I202ESSESESSXXXXN} {4: :20:MT202 :21:SENDEREFERENC001 :32A:170623CNY5000 :58D:/B/BENEFICIARYINST MAJESTUALIDAQ CUBA :72:PHONBEN -} {5:{MAC:12345678}{CHK:123456789ABC}} | F28: HTTP Status: 200 OK result: ERROR errorCode: 01 errorDetail: Missing parameter score: (rỗng) alertId: (rỗng) processDate: null | G28: SIT | H28: High | I28: Manual | J28: Untested | K28: Untested
A29: AML_API_HDR_05 | B29: Thiếu branchCd (Mandatory) | C29: Auth hợp lệ | D29: 1. Gửi POST KHÔNG có branchCd 2. Các field khác đầy đủ 3. Kiểm tra errorCode | E29: Headers: Authorization: Basic a3ljYWRtbjpwYXNzd29yZDM= Content-Type: application/json Params: transactionId: TF_HDR_005 requestId: REQ_HDR_005 transactionType: MT channel: T24 isCallBack: N Body: {1:F01SIIBSYDAXXXX0000000000} {2:I202ESSESESSXXXXN} {4: :20:MT202 :21:SENDEREFERENC001 :32A:170623CNY5000 :58D:/B/BENEFICIARYINST MAJESTUALIDAQ CUBA :72:PHONBEN -} {5:{MAC:12345678}{CHK:123456789ABC}} | F29: HTTP Status: 200 OK result: ERROR errorCode: 01 errorDetail: Missing parameter score: (rỗng) alertId: (rỗng) processDate: null | G29: SIT | H29: High | I29: Manual | J29: Untested | K29: Untested
A30: AML_API_HDR_06 | B30: Thiếu channel (Mandatory) | C30: Auth hợp lệ | D30: 1. Gửi POST KHÔNG có channel 2. Các field khác đầy đủ 3. Kiểm tra errorCode | E30: Headers: Authorization: Basic a3ljYWRtbjpwYXNzd29yZDM= Content-Type: application/json Params: transactionId: TF_HDR_006 requestId: REQ_HDR_006 transactionType: MT branchCd: HN isCallBack: N Body: {1:F01SIIBSYDAXXXX0000000000} {2:I202ESSESESSXXXXN} {4: :20:MT202 :21:SENDEREFERENC001 :32A:170623CNY5000 :58D:/B/BENEFICIARYINST MAJESTUALIDAQ CUBA :72:PHONBEN -} {5:{MAC:12345678}{CHK:123456789ABC}} | F30: HTTP Status: 200 OK result: ERROR errorCode: 01 errorDetail: Missing parameter score: (rỗng) alertId: (rỗng) processDate: null | G30: SIT | H30: High | I30: Manual | J30: Untested | K30: Untested
A31: AML_API_HDR_07 | B31: Thiếu isCallBack (Mandatory) | C31: Auth hợp lệ | D31: 1. Gửi POST KHÔNG có isCallBack 2. Các field khác đầy đủ 3. Kiểm tra errorCode | E31: Headers: Authorization: Basic a3ljYWRtbjpwYXNzd29yZDM= Content-Type: application/json Params: transactionId: TF_HDR_007 requestId: REQ_HDR_007 transactionType: MT branchCd: HN channel: T24 Body: {1:F01SIIBSYDAXXXX0000000000} {2:I202ESSESESSXXXXN} {4: :20:MT202 :21:SENDEREFERENC001 :32A:170623CNY5000 :58D:/B/BENEFICIARYINST MAJESTUALIDAQ CUBA :72:PHONBEN -} {5:{MAC:12345678}{CHK:123456789ABC}} | F31: HTTP Status: 200 OK result: ERROR errorCode: 01 errorDetail: Missing parameter score: (rỗng) alertId: (rỗng) processDate: null | G31: SIT | H31: High | I31: Manual | J31: Untested | K31: Untested
A32: AML_API_HDR_08 | B32: requestUserId là Optional – không truyền vẫn hợp lệ | C32: Auth hợp lệ; Không truyền requestUserId | D32: 1. Gửi POST đầy đủ 6 fields bắt buộc 2. Không có requestUserId (Optional) 3. Kiểm tra xử lý thành công | E32: Headers: Authorization: Basic a3ljYWRtbjpwYXNzd29yZDM= Content-Type: application/json Params: transactionId: TF_HDR_008 requestId: REQ_TF_HDR_008 transactionType: MT branchCd: HN channel: T24 isCallBack: N Body: {1:F01SIIBSYDAXXXX0000000000} {2:I202ESSESESSXXXXN} {4: :20:MT202 :21:SENDEREFERENC001 :32A:170623CNY5000 :58D:/B/BENEFICIARYINST MAJESTUALIDAQ CUBA :72:PHONBEN -} {5:{MAC:12345678}{CHK:123456789ABC}} | F32: HTTP Status: 200 OK result: No-HIT hoặc HIT errorCode: 00 errorDetail: No Error Verify: requestUserId optional không ảnh hưởng kết quả | G32: SIT | H32: Medium | I32: Manual | J32: Untested | K32: Untested
A33: AML_API_HDR_09 | B33: isCallBack = Y – AML cần callback sau khi Alert hoàn thành | C33: Auth hợp lệ; Hệ thống có endpoint nhận callback | D33: 1. Gửi POST với isCallBack=Y 2. Body là điện MT có HIT 3. Kiểm tra: a. Response trả ngay (HTTP 200) b. Sau khi Alert xử lý xong: AML callback về hệ thống | E33: Headers: Authorization: Basic a3ljYWRtbjpwYXNzd29yZDM= Content-Type: application/json Params: transactionId: TF_HDR_009 requestId: REQ_TF_HDR_009 transactionType: MT branchCd: HN channel: T24 isCallBack: Y Body: {1:F01SIIBSYDAXXXX0000000000} {2:I202ESSESESSXXXXN} {4: :20:MT202 :21:SENDEREFERENC001 :32A:170623CNY5000 :58D:/B/BENEFICIARYINST MAJESTUALIDAQ CUBA :72:PHONBEN -} {5:{MAC:12345678}{CHK:123456789ABC}} | F33: HTTP Status: 200 OK result: HIT hoặc No-HIT errorCode: 00 Verify callback: - AML gọi callback URL với alertId và kết quả - Hệ thống nguồn nhận được callback | G33: SIT | H33: High | I33: Manual | J33: Untested | K33: Untested
A34: AML_API_HDR_10 | B34: isCallBack = N – AML không callback | C34: Auth hợp lệ | D34: 1. Gửi POST với isCallBack=N 2. Body là điện MT 3. Kiểm tra không có callback | E34: Headers: Authorization: Basic a3ljYWRtbjpwYXNzd29yZDM= Content-Type: application/json Params: transactionId: TF_HDR_010 requestId: REQ_TF_HDR_010 transactionType: MT branchCd: HN channel: T24 isCallBack: N Body: {1:F01SIIBSYDAXXXX0000000000} {2:I202ESSESESSXXXXN} {4: :20:MT202 :21:SENDEREFERENC001 :32A:170623CNY5000 :58D:/B/BENEFICIARYINST MAJESTUALIDAQ CUBA :72:PHONBEN -} {5:{MAC:12345678}{CHK:123456789ABC}} | F34: HTTP Status: 200 OK result: No-HIT hoặc HIT errorCode: 00 Verify: AML KHÔNG gọi callback về hệ thống nguồn | G34: SIT | H34: Medium | I34: Manual | J34: Untested | K34: Untested
A35: AML_API_HDR_11 | B35: isCallBack giá trị không hợp lệ (khác Y/N) | C35: Auth hợp lệ | D35: 1. Gửi POST với isCallBack='X' 2. Kiểm tra response lỗi | E35: Headers: Authorization: Basic a3ljYWRtbjpwYXNzd29yZDM= Content-Type: application/json Params: transactionId: TF_HDR_011 requestId: REQ_TF_HDR_011 transactionType: MT branchCd: HN channel: T24 isCallBack: X Body: {1:F01SIIBSYDAXXXX0000000000} {2:I202ESSESESSXXXXN} {4: :20:MT202 :21:SENDEREFERENC001 :32A:170623CNY5000 :58D:/B/BENEFICIARYINST MAJESTUALIDAQ CUBA :72:PHONBEN -} {5:{MAC:12345678}{CHK:123456789ABC}} | F35: HTTP Status: 200 OK result: ERROR errorCode: 01 errorDetail: Missing parameter score: (rỗng) alertId: (rỗng) processDate: null isCallBack chỉ nhận Y hoặc N | G35: SIT | H35: Medium | I35: Manual | J35: Untested | K35: Untested
A36: AML_API_HDR_12 | B36: transactionId vượt độ dài tối đa (>100 ký tự) | C36: Auth hợp lệ | D36: 1. Gửi POST với transactionId dài 101 ký tự 2. Kiểm tra response lỗi | E36: Params: transactionId: TF_AAAAAAAAAAAAAAAAAAAAAAAAAAAAAAAAAAAAAAAAAAAAAAAAAAAAAAAAAAAAAAAAAAAAAAAAAAAAAAAAAAAAAAAAAAAAAAAAA (độ dài=101, vượt varchar2(100)) | F36: HTTP Status: 200 OK result: ERROR errorCode: 01 errorDetail: Missing parameter score: (rỗng) alertId: (rỗng) processDate: null varchar2(100): quá độ dài tối đa | G36: SIT | H36: Medium | I36: Manual | J36: Untested | K36: Untested
A37: AML_API_HDR_13 | B37: transactionType không hợp lệ (giá trị không được hỗ trợ) | C37: Auth hợp lệ | D37: 1. Gửi POST với transactionType='UNKNOWN_TYPE' 2. Kiểm tra response lỗi | E37: Headers: Authorization: Basic a3ljYWRtbjpwYXNzd29yZDM= Content-Type: application/json Params: transactionId: TF_HDR_013 requestId: REQ_TF_HDR_013 transactionType: UNKNOWN_TYPE branchCd: HN channel: T24 isCallBack: N Body: {1:F01SIIBSYDAXXXX0000000000} {2:I202ESSESESSXXXXN} {4: :20:MT202 :21:SENDEREFERENC001 :32A:170623CNY5000 :58D:/B/BENEFICIARYINST MAJESTUALIDAQ CUBA :72:PHONBEN -} {5:{MAC:12345678}{CHK:123456789ABC}} | F37: HTTP Status: 200 OK result: ERROR errorCode: 03 errorDetail: Invalid message format score: (rỗng) alertId: (rỗng) processDate: null transactionType hợp lệ: MT / MX_IN / MX_OUT / MSB001 / MSB002 / MSB003 | G37: SIT | H37: Medium | I37: Manual | J37: Untested | K37: Untested
A38: IV. Sàng lọc điện MT Standard
A39: AML_API_MT Kiểm tra sàng lọc với điện SWIFT MT Standard
A40: AML_API_MT_01 | B40: MT hợp lệ – kết quả No-HIT | C40: Auth hợp lệ; Body MT đúng format SWIFT; Thông tin điện không có match cấm vận | D40: 1. Gửi POST với transactionType=MT 2. Body là điện SWIFT MT chuẩn 3. Kiểm tra result=No-HIT 4. Verify các fields response | E40: Headers: Authorization: Basic a3ljYWRtbjpwYXNzd29yZDM= Content-Type: application/json Params: transactionId: TF_MT_001 requestId: REQ_TF_MT_001 transactionType: MT branchCd: HN channel: T24 isCallBack: N Body: {1:F01SIIBSYDAXXXX0000000000} {2:I202ESSESESSXXXXN} {4: :20:MT202 :21:SENDEREFERENC001 :32A:170623CNY5000 :58D:/B/BENEFICIARYINST MAJESTUALIDAQ CUBA :72:PHONBEN -} {5:{MAC:12345678}{CHK:123456789ABC}} | F40: HTTP Status: 200 OK result: No-HIT errorCode: 00 errorDetail: No Error score: 0 alertId: (rỗng) groupMessageId: (not null, auto-generated) processDate: dd-mm-yyyy hh:mi:ss | G40: SIT | H40: High | I40: Manual | J40: Untested | K40: Untested
A41: AML_API_MT_02 | B41: MT hợp lệ – kết quả HIT (có match cấm vận) | C41: Auth hợp lệ; Body MT có tên/thông tin nằm trong danh sách cấm vận; (Không phải Knock-out country) | D41: 1. Gửi POST với transactionType=MT 2. Body điện MT có tên match danh sách cấm vận 3. Kiểm tra result=HIT 4. Verify alertId được sinh | E41: Headers: Authorization: Basic a3ljYWRtbjpwYXNzd29yZDM= Content-Type: application/json Params: transactionId: TF_MT_002 requestId: REQ_TF_MT_002 transactionType: MT branchCd: HN channel: T24 isCallBack: N Body: {1:F01SIIBSYDAXXXX0000000000} {2:I202ESSESESSXXXXN} {4: :20:MT202 :21:SENDEREFERENC001 :32A:170623CNY5000 :58D:/B/BENEFICIARYINST MAJESTUALIDAQ CUBA :72:PHONBEN -} {5:{MAC:12345678}{CHK:123456789ABC}} | F41: HTTP Status: 200 OK result: HIT errorCode: 00 errorDetail: No Error score: > 0 alertId: (not null, số nguyên) groupMessageId: (not null) processDate: dd-mm-yyyy hh:mi:ss | G41: SIT | H41: High | I41: Manual | J41: Untested | K41: Untested
A42: AML_API_MT_03 | B42: MT hợp lệ – kết quả KNOCKED-OUT (quốc gia Knock-out) | C42: Auth hợp lệ; Body MT có quốc gia nằm trong danh sách Knock-out; (Ví dụ: CUBA trong :58D) | D42: 1. Gửi POST với transactionType=MT 2. Body điện MT có quốc gia Knock-out (vd: CUBA) 3. Kiểm tra result=KNOCKED-OUT 4. Verify score=100 | E42: Headers: Authorization: Basic a3ljYWRtbjpwYXNzd29yZDM= Content-Type: application/json Params: transactionId: TF_MT_003 requestId: REQ_TF_MT_003 transactionType: MT branchCd: HN channel: T24 isCallBack: N Body: {1:F01SIIBSYDAXXXX0000000000} {2:I202ESSESESSXXXXN} {4: :20:MT202 :21:SENDEREFERENC001 :32A:170623CNY5000 :58D:/B/BENEFICIARYINST MAJESTUALIDAQ CUBA :72:PHONBEN -} {5:{MAC:12345678}{CHK:123456789ABC}} | F42: HTTP Status: 200 OK result: KNOCKED-OUT errorCode: 00 errorDetail: No Error score: 100 alertId: (not null, số nguyên) groupMessageId: (not null) processDate: dd-mm-yyyy hh:mi:ss | G42: SIT | H42: High | I42: Manual | J42: Untested | K42: Untested
A43: AML_API_MT_04 | B43: MT – body điện sai format (không phải SWIFT MT) | C43: Auth hợp lệ | D43: 1. Gửi POST với transactionType=MT 2. Body KHÔNG phải SWIFT MT (plain text) 3. Kiểm tra errorCode=03 | E43: Headers: Authorization: Basic a3ljYWRtbjpwYXNzd29yZDM= Content-Type: application/json Params: transactionId: TF_MT_004 requestId: REQ_TF_MT_004 transactionType: MT branchCd: HN channel: T24 isCallBack: N Body: INVALID_MT_BODY_NOT_SWIFT | F43: HTTP Status: 200 OK result: ERROR errorCode: 03 errorDetail: Message is not valid. Please correct the message and repost it score: (rỗng) alertId: (rỗng) processDate: null | G43: SIT | H43: High | I43: Manual | J43: Untested | K43: Untested
A44: AML_API_MT_05 | B44: MT – body rỗng | C44: Auth hợp lệ | D44: 1. Gửi POST với transactionType=MT 2. Body = empty string 3. Kiểm tra errorCode | E44: Headers: Authorization: Basic a3ljYWRtbjpwYXNzd29yZDM= Content-Type: application/json Params: transactionId: TF_MT_005 requestId: REQ_TF_MT_005 transactionType: MT branchCd: HN channel: T24 isCallBack: N Body: | F44: HTTP Status: 200 OK result: ERROR errorCode: 01 errorDetail: Missing parameter score: (rỗng) alertId: (rỗng) processDate: null Body rỗng = thiếu dữ liệu điện | G44: SIT | H44: High | I44: Manual | J44: Untested | K44: Untested
A45: AML_API_MT_06 | B45: MT – transactionId trùng lặp (duplicate) | C45: Auth hợp lệ; Đã tồn tại giao dịch với transactionId=TF_MT_DUP_001 | D45: 1. Gửi POST lần 1 với transactionId=TF_MT_DUP_001 → ghi nhận kết quả 2. Gửi POST lần 2 với cùng transactionId=TF_MT_DUP_001 3. So sánh kết quả 2 lần | E45: Headers: Authorization: Basic a3ljYWRtbjpwYXNzd29yZDM= Content-Type: application/json Params: transactionId: TF_MT_DUP_001 requestId: REQ_TF_MT_DUP_001 transactionType: MT branchCd: HN channel: T24 isCallBack: N Body: {1:F01SIIBSYDAXXXX0000000000} {2:I202ESSESESSXXXXN} {4: :20:MT202 :21:SENDEREFERENC001 :32A:170623CNY5000 :58D:/B/BENEFICIARYINST MAJESTUALIDAQ CUBA :72:PHONBEN -} {5:{MAC:12345678}{CHK:123456789ABC}} | F45: HTTP Status: 200 OK Verify hành vi duplicate: - Nếu tái xử lý: result có thể khác lần 1 - Nếu trả cache: result giống lần 1 Ghi nhận behavior thực tế | G45: SIT | H45: Medium | I45: Manual | J45: Untested | K45: Untested
A46: AML_API_MT_07 | B46: MT – isCallBack=Y, verify callback sau khi Alert hoàn thành | C46: Auth hợp lệ; Body MT có HIT; Hệ thống có endpoint nhận callback | D46: 1. Gửi POST MT với isCallBack=Y 2. Nhận response HTTP 200 (result=HIT) 3. Chờ Alert được xử lý hoàn thành 4. Kiểm tra AML đã gọi callback về hệ thống | E46: Headers: Authorization: Basic a3ljYWRtbjpwYXNzd29yZDM= Content-Type: application/json Params: transactionId: TF_MT_007 requestId: REQ_TF_MT_007 transactionType: MT branchCd: HN channel: T24 isCallBack: Y Body: {1:F01SIIBSYDAXXXX0000000000} {2:I202ESSESESSXXXXN} {4: :20:MT202 :21:SENDEREFERENC001 :32A:170623CNY5000 :58D:/B/BENEFICIARYINST MAJESTUALIDAQ CUBA :72:PHONBEN -} {5:{MAC:12345678}{CHK:123456789ABC}} | F46: HTTP Status: 200 OK result: HIT errorCode: 00 Verify callback: - Hệ thống nguồn nhận callback từ AML - Callback chứa alertId và kết quả xử lý Alert | G46: SIT | H46: High | I46: Manual | J46: Untested | K46: Untested
A47: V. Sàng lọc điện MX Standard (ISO 20022)
A48: AML_API_MX Kiểm tra sàng lọc với điện ISO 20022 MX Standard
A49: AML_API_MX_01 | B49: MX_IN hợp lệ – kết quả No-HIT | C49: Auth hợp lệ; XML MX đúng schema ISO 20022; Không có match cấm vận | D49: 1. Gửi POST với transactionType=MX_IN 2. Body là phần <Document> XML MX 3. Kiểm tra result=No-HIT | E49: Headers: Authorization: Basic a3ljYWRtbjpwYXNzd29yZDM= Content-Type: application/json Params: transactionId: TF_MX_001 requestId: REQ_TF_MX_001 transactionType: MX_IN branchCd: HN channel: T24 isCallBack: N Body: <Document xmlns="urn:iso:std:iso:20022:tech:xsd:pacs.009.001.08"> <FICdtTrf><GrpHdr> <MsgId>COH0223ILS329156</MsgId> <CreDtTm>2023-03-27T03:42:28+00:00</CreDtTm> <NbOfTxs>1</NbOfTxs> </GrpHdr> <CdtTrfTxInf> <IntrBkSttlmAmt Ccy="USD">1.00</IntrBkSttlmAmt> <Dbtr><FinInstnId><BICFI>MMMMMM55</BICFI></FinInstnId></Dbtr> <Cdtr><FinInstnId><BICFI>CITIUS33XXX</BICFI></FinInstnId></Cdtr> </CdtTrfTxInf></FICdtTrf> </Document> | F49: HTTP Status: 200 OK result: No-HIT errorCode: 00 errorDetail: No Error score: 0 alertId: (rỗng) processDate: not null | G49: SIT | H49: High | I49: Manual | J49: Untested | K49: Untested
A50: AML_API_MX_02 | B50: MX_OUT hợp lệ – kết quả No-HIT | C50: Auth hợp lệ; XML MX đúng schema ISO 20022; Không có match cấm vận | D50: 1. Gửi POST với transactionType=MX_OUT 2. Body là phần <Document> XML MX 3. Kiểm tra result=No-HIT | E50: Headers: Authorization: Basic a3ljYWRtbjpwYXNzd29yZDM= Content-Type: application/json Params: transactionId: TF_MX_002 requestId: REQ_TF_MX_002 transactionType: MX_OUT branchCd: HN channel: T24 isCallBack: N Body: <Document xmlns="urn:iso:std:iso:20022:tech:xsd:pacs.009.001.08"> <FICdtTrf><GrpHdr> <MsgId>COH0223ILS329156</MsgId> <CreDtTm>2023-03-27T03:42:28+00:00</CreDtTm> <NbOfTxs>1</NbOfTxs> </GrpHdr> <CdtTrfTxInf> <IntrBkSttlmAmt Ccy="USD">1.00</IntrBkSttlmAmt> <Dbtr><FinInstnId><BICFI>MMMMMM55</BICFI></FinInstnId></Dbtr> <Cdtr><FinInstnId><BICFI>CITIUS33XXX</BICFI></FinInstnId></Cdtr> </CdtTrfTxInf></FICdtTrf> </Document> | F50: HTTP Status: 200 OK result: No-HIT errorCode: 00 errorDetail: No Error score: 0 alertId: (rỗng) | G50: SIT | H50: High | I50: Manual | J50: Untested | K50: Untested
A51: AML_API_MX_03 | B51: MX_IN hợp lệ – kết quả HIT | C51: Auth hợp lệ; XML có tên match danh sách cấm vận | D51: 1. Gửi POST với transactionType=MX_IN 2. Body MX có thông tin match cấm vận 3. Kiểm tra result=HIT, alertId được sinh | E51: Headers: Authorization: Basic a3ljYWRtbjpwYXNzd29yZDM= Content-Type: application/json Params: transactionId: TF_MX_003 requestId: REQ_TF_MX_003 transactionType: MX_IN branchCd: HN channel: T24 isCallBack: N Body: <Document xmlns="urn:iso:std:iso:20022:tech:xsd:pacs.009.001.08"> <FICdtTrf><GrpHdr> <MsgId>COH0223ILS329156</MsgId> <CreDtTm>2023-03-27T03:42:28+00:00</CreDtTm> <NbOfTxs>1</NbOfTxs> </GrpHdr> <CdtTrfTxInf> <IntrBkSttlmAmt Ccy="USD">1.00</IntrBkSttlmAmt> <Dbtr><FinInstnId><BICFI>MMMMMM55</BICFI></FinInstnId></Dbtr> <Cdtr><FinInstnId><BICFI>CITIUS33XXX</BICFI></FinInstnId></Cdtr> </CdtTrfTxInf></FICdtTrf> </Document> | F51: HTTP Status: 200 OK result: HIT errorCode: 00 errorDetail: No Error score: > 0 alertId: (not null) | G51: SIT | H51: High | I51: Manual | J51: Untested | K51: Untested
A52: AML_API_MX_04 | B52: MX_IN hợp lệ – kết quả KNOCKED-OUT | C52: Auth hợp lệ; XML có Ctry thuộc Knock-out list | D52: 1. Gửi POST với transactionType=MX_IN 2. Body MX có quốc gia Knock-out trong <Ctry> 3. Kiểm tra result=KNOCKED-OUT | E52: Headers: Authorization: Basic a3ljYWRtbjpwYXNzd29yZDM= Content-Type: application/json Params: transactionId: TF_MX_004 requestId: REQ_TF_MX_004 transactionType: MX_IN branchCd: HN channel: T24 isCallBack: N Body: <Document xmlns="urn:iso:std:iso:20022:tech:xsd:pacs.009.001.08"> <FICdtTrf><GrpHdr> <MsgId>COH0223ILS329156</MsgId> <CreDtTm>2023-03-27T03:42:28+00:00</CreDtTm> <NbOfTxs>1</NbOfTxs> </GrpHdr> <CdtTrfTxInf> <IntrBkSttlmAmt Ccy="USD">1.00</IntrBkSttlmAmt> <Dbtr><FinInstnId><BICFI>MMMMMM55</BICFI></FinInstnId></Dbtr> <Cdtr><FinInstnId><BICFI>CITIUS33XXX</BICFI></FinInstnId></Cdtr> </CdtTrfTxInf></FICdtTrf> </Document> | F52: HTTP Status: 200 OK result: KNOCKED-OUT errorCode: 00 errorDetail: No Error score: 100 alertId: (not null) | G52: SIT | H52: High | I52: Manual | J52: Untested | K52: Untested
A53: AML_API_MX_05 | B53: MX – body XML sai cấu trúc (không đúng schema ISO 20022) | C53: Auth hợp lệ | D53: 1. Gửi POST với transactionType=MX_IN 2. Body là XML sai cấu trúc 3. Kiểm tra errorCode=03 | E53: Headers: Authorization: Basic a3ljYWRtbjpwYXNzd29yZDM= Content-Type: application/json Params: transactionId: TF_MX_005 requestId: REQ_TF_MX_005 transactionType: MX_IN branchCd: HN channel: T24 isCallBack: N Body: <Document><INVALID></Document> | F53: HTTP Status: 200 OK result: ERROR errorCode: 03 errorDetail: Invalid message format score: (rỗng) alertId: (rỗng) processDate: null XML không đúng schema ISO 20022 pacs.009 | G53: SIT | H53: High | I53: Manual | J53: Untested | K53: Untested
A54: AML_API_MX_06 | B54: MX – mismatch: MT body nhưng transactionType=MX_IN | C54: Auth hợp lệ | D54: 1. Gửi POST với transactionType=MX_IN 2. Body là điện SWIFT MT (không phải XML MX) 3. Kiểm tra errorCode=03 | E54: Headers: Authorization: Basic a3ljYWRtbjpwYXNzd29yZDM= Content-Type: application/json Params: transactionId: TF_MX_006 requestId: REQ_TF_MX_006 transactionType: MX_IN branchCd: HN channel: T24 isCallBack: N Body: {1:F01SIIBSYDAXXXX0000000000} {2:I202ESSESESSXXXXN} {4: :20:MT202 :21:SENDEREFERENC001 :32A:170623CNY5000 :58D:/B/BENEFICIARYINST MAJESTUALIDAQ CUBA :72:PHONBEN -} {5:{MAC:12345678}{CHK:123456789ABC}} | F54: HTTP Status: 200 OK result: ERROR errorCode: 03 errorDetail: Invalid message format score: (rỗng) alertId: (rỗng) processDate: null Mismatch: transactionType=MX_IN nhưng body là MT format | G54: SIT | H54: Medium | I54: Manual | J54: Untested | K54: Untested
A55: VI. Sàng lọc Custom Message Non-Swift 1 (MSB001)
A56: AML_API_MSB001 Kiểm tra sàng lọc với Custom Message MSB001
A57: AML_API_MSB001_01 | B57: MSB001 hợp lệ – kết quả No-HIT | C57: Auth hợp lệ; JSON MSB001 đúng cấu trúc Bank01.MSB001; Không có match cấm vận | D57: 1. Gửi POST với transactionType=MSB001 2. Body JSON theo cấu trúc Bank01.MSB001 3. Kiểm tra result=No-HIT | E57: Headers: Authorization: Basic a3ljYWRtbjpwYXNzd29yZDM= Content-Type: application/json Params: transactionId: TF_MSB001_001 requestId: REQ_TF_MSB001_001 transactionType: MSB001 branchCd: HN channel: T24 isCallBack: N Body: { "Bank01": { "MSB001": { "Sender": {"FullName":"TRAN VAN SENDER","DOB":"1985-05-20", "Nationalities":[{"SenderCitizenship":"VN"}], "Id":[{"IdNumber":"037085001234"}], "ResidenceAddress":[{"Address":"123 Nguyen Trai, Ha Noi","Country":"VN"}]}, "Receiver": {"FullName":"JOHN RECEIVER SMITH","DOB":"1990-11-12", "Nationalities":[{"Citizenship":"US"}], "Id":[{"IdNumber":"A12345678"}], "ResidenceAddress":[{"Address":"456 Broadway, New York","Country":"US"}]}, "BeneficiaryBankName":"VIETCOMBANK HO CHI MINH", "BeneficiaryBankBicCode":"BFTVBNVX002","BeneficiaryBankCountry":"VN", "RemittingBankName":"CITIBANK NEW YORK", "RemittingBankBicCode":"CITIUS33XXX","RemittingBankCountry":"US" } } } | F57: HTTP Status: 200 OK result: No-HIT errorCode: 00 errorDetail: No Error score: 0 alertId: (rỗng) | G57: SIT | H57: High | I57: Manual | J57: Untested | K57: Untested
A58: AML_API_MSB001_02 | B58: MSB001 hợp lệ – kết quả HIT | C58: Auth hợp lệ; Sender/Receiver có tên match danh sách cấm vận | D58: 1. Gửi POST với transactionType=MSB001 2. Body có FullName match danh sách cấm vận 3. Kiểm tra result=HIT, alertId được sinh | E58: Headers: Authorization: Basic a3ljYWRtbjpwYXNzd29yZDM= Content-Type: application/json Params: transactionId: TF_MSB001_002 requestId: REQ_TF_MSB001_002 transactionType: MSB001 branchCd: HN channel: T24 isCallBack: N Body: { "Bank01": { "MSB001": { "Sender": {"FullName":"TRAN VAN SENDER","DOB":"1985-05-20", "Nationalities":[{"SenderCitizenship":"VN"}], "Id":[{"IdNumber":"037085001234"}], "ResidenceAddress":[{"Address":"123 Nguyen Trai, Ha Noi","Country":"VN"}]}, "Receiver": {"FullName":"JOHN RECEIVER SMITH","DOB":"1990-11-12", "Nationalities":[{"Citizenship":"US"}], "Id":[{"IdNumber":"A12345678"}], "ResidenceAddress":[{"Address":"456 Broadway, New York","Country":"US"}]}, "BeneficiaryBankName":"VIETCOMBANK HO CHI MINH", "BeneficiaryBankBicCode":"BFTVBNVX002","BeneficiaryBankCountry":"VN", "RemittingBankName":"CITIBANK NEW YORK", "RemittingBankBicCode":"CITIUS33XXX","RemittingBankCountry":"US" } } } | F58: HTTP Status: 200 OK result: HIT errorCode: 00 errorDetail: No Error score: > 0 alertId: (not null) | G58: SIT | H58: High | I58: Manual | J58: Untested | K58: Untested
A59: AML_API_MSB001_03 | B59: MSB001 hợp lệ – kết quả KNOCKED-OUT | C59: Auth hợp lệ; Sender/Receiver có Country thuộc Knock-out list | D59: 1. Gửi POST với transactionType=MSB001 2. Body có Country thuộc Knock-out 3. Kiểm tra result=KNOCKED-OUT, score=100 | E59: Headers: Authorization: Basic a3ljYWRtbjpwYXNzd29yZDM= Content-Type: application/json Params: transactionId: TF_MSB001_003 requestId: REQ_TF_MSB001_003 transactionType: MSB001 branchCd: HN channel: T24 isCallBack: N Body: { "Bank01": { "MSB001": { "Sender": {"FullName":"TRAN VAN SENDER","DOB":"1985-05-20", "Nationalities":[{"SenderCitizenship":"VN"}], "Id":[{"IdNumber":"037085001234"}], "ResidenceAddress":[{"Address":"123 Nguyen Trai, Ha Noi","Country":"VN"}]}, "Receiver": {"FullName":"JOHN RECEIVER SMITH","DOB":"1990-11-12", "Nationalities":[{"Citizenship":"US"}], "Id":[{"IdNumber":"A12345678"}], "ResidenceAddress":[{"Address":"456 Broadway, New York","Country":"US"}]}, "BeneficiaryBankName":"VIETCOMBANK HO CHI MINH", "BeneficiaryBankBicCode":"BFTVBNVX002","BeneficiaryBankCountry":"VN", "RemittingBankName":"CITIBANK NEW YORK", "RemittingBankBicCode":"CITIUS33XXX","RemittingBankCountry":"US" } } } | F59: HTTP Status: 200 OK result: KNOCKED-OUT errorCode: 00 errorDetail: No Error score: 100 alertId: (not null) | G59: SIT | H59: High | I59: Manual | J59: Untested | K59: Untested
A60: AML_API_MSB001_04 | B60: MSB001 – body JSON sai cấu trúc | C60: Auth hợp lệ | D60: 1. Gửi POST với transactionType=MSB001 2. Body JSON không đúng cấu trúc Bank01.MSB001 3. Kiểm tra errorCode=03 | E60: Headers: Authorization: Basic a3ljYWRtbjpwYXNzd29yZDM= Content-Type: application/json Params: transactionId: TF_MSB001_004 requestId: REQ_TF_MSB001_004 transactionType: MSB001 branchCd: HN channel: T24 isCallBack: N Body: {"invalid_key": "wrong_structure"} | F60: HTTP Status: 200 OK result: ERROR errorCode: 03 errorDetail: Invalid message format score: (rỗng) alertId: (rỗng) processDate: null JSON không khớp cấu trúc Bank01.MSB001 | G60: SIT | H60: High | I60: Manual | J60: Untested | K60: Untested
A61: AML_API_MSB001_05 | B61: MSB001 – mismatch: MT body nhưng transactionType=MSB001 | C61: Auth hợp lệ | D61: 1. Gửi POST với transactionType=MSB001 2. Body là điện SWIFT MT 3. Kiểm tra errorCode=03 | E61: Headers: Authorization: Basic a3ljYWRtbjpwYXNzd29yZDM= Content-Type: application/json Params: transactionId: TF_MSB001_005 requestId: REQ_TF_MSB001_005 transactionType: MSB001 branchCd: HN channel: T24 isCallBack: N Body: {1:F01SIIBSYDAXXXX0000000000} {2:I202ESSESESSXXXXN} {4: :20:MT202 :21:SENDEREFERENC001 :32A:170623CNY5000 :58D:/B/BENEFICIARYINST MAJESTUALIDAQ CUBA :72:PHONBEN -} {5:{MAC:12345678}{CHK:123456789ABC}} | F61: HTTP Status: 200 OK result: ERROR errorCode: 03 errorDetail: Invalid message format score: (rỗng) alertId: (rỗng) processDate: null Mismatch: transactionType=MSB001 nhưng body là MT format | G61: SIT | H61: Medium | I61: Manual | J61: Untested | K61: Untested
A62: VII. Sàng lọc Custom Message Non-Swift 2 (MSB002)
A63: AML_API_MSB002 Kiểm tra sàng lọc với Custom Message MSB002
A64: AML_API_MSB002_01 | B64: MSB002 hợp lệ – kết quả No-HIT | C64: Auth hợp lệ; JSON MSB002 đúng cấu trúc; Không có match cấm vận | D64: 1. Gửi POST với transactionType=MSB002 2. Body JSON theo cấu trúc Bank01.MSB002 3. Kiểm tra result=No-HIT | E64: Headers: Authorization: Basic a3ljYWRtbjpwYXNzd29yZDM= Content-Type: application/json Params: transactionId: TF_MSB002_001 requestId: REQ_TF_MSB002_001 transactionType: MSB002 branchCd: HN channel: T24 isCallBack: N Body: { "Bank01": { "MSB002": { "Sender": {"FullName":"TRAN VAN SENDER","DOB":"1985-05-20", "Nationalities":[{"SenderCitizenship":"VN"}], "Id":[{"IdNumber":"037085001234"}], "ResidenceAddress":[{"Address":"123 Nguyen Trai, Ha Noi","Country":"VN"}]}, "Receiver": {"FullName":"JOHN RECEIVER SMITH","DOB":"1990-11-12", "Nationalities":[{"Citizenship":"US"}], "Id":[{"IdNumber":"A12345678"}], "ResidenceAddress":[{"Address":"456 Broadway, New York","Country":"US"}]}, "BeneficiaryBankName":"VIETCOMBANK HO CHI MINH", "BeneficiaryBankBicCode":"BFTVBNVX002","BeneficiaryBankCountry":"VN", "RemittingBankName":"CITIBANK NEW YORK", "RemittingBankBicCode":"CITIUS33XXX","RemittingBankCountry":"US" } } } | F64: HTTP Status: 200 OK result: No-HIT errorCode: 00 errorDetail: No Error score: 0 alertId: (rỗng) | G64: SIT | H64: High | I64: Manual | J64: Untested | K64: Untested
A65: AML_API_MSB002_02 | B65: MSB002 hợp lệ – kết quả HIT | C65: Auth hợp lệ; Sender/Receiver match danh sách cấm vận | D65: 1. Gửi POST với transactionType=MSB002 2. Body có thông tin match cấm vận 3. Kiểm tra result=HIT | E65: Headers: Authorization: Basic a3ljYWRtbjpwYXNzd29yZDM= Content-Type: application/json Params: transactionId: TF_MSB002_002 requestId: REQ_TF_MSB002_002 transactionType: MSB002 branchCd: HN channel: T24 isCallBack: N Body: { "Bank01": { "MSB002": { "Sender": {"FullName":"TRAN VAN SENDER","DOB":"1985-05-20", "Nationalities":[{"SenderCitizenship":"VN"}], "Id":[{"IdNumber":"037085001234"}], "ResidenceAddress":[{"Address":"123 Nguyen Trai, Ha Noi","Country":"VN"}]}, "Receiver": {"FullName":"JOHN RECEIVER SMITH","DOB":"1990-11-12", "Nationalities":[{"Citizenship":"US"}], "Id":[{"IdNumber":"A12345678"}], "ResidenceAddress":[{"Address":"456 Broadway, New York","Country":"US"}]}, "BeneficiaryBankName":"VIETCOMBANK HO CHI MINH", "BeneficiaryBankBicCode":"BFTVBNVX002","BeneficiaryBankCountry":"VN", "RemittingBankName":"CITIBANK NEW YORK", "RemittingBankBicCode":"CITIUS33XXX","RemittingBankCountry":"US" } } } | F65: HTTP Status: 200 OK result: HIT errorCode: 00 errorDetail: No Error score: > 0 alertId: (not null) | G65: SIT | H65: High | I65: Manual | J65: Untested | K65: Untested
A66: AML_API_MSB002_03 | B66: MSB002 hợp lệ – kết quả KNOCKED-OUT | C66: Auth hợp lệ; Country thuộc Knock-out list | D66: 1. Gửi POST với transactionType=MSB002 2. Body có Country thuộc Knock-out 3. Kiểm tra result=KNOCKED-OUT | E66: Headers: Authorization: Basic a3ljYWRtbjpwYXNzd29yZDM= Content-Type: application/json Params: transactionId: TF_MSB002_003 requestId: REQ_TF_MSB002_003 transactionType: MSB002 branchCd: HN channel: T24 isCallBack: N Body: { "Bank01": { "MSB002": { "Sender": {"FullName":"TRAN VAN SENDER","DOB":"1985-05-20", "Nationalities":[{"SenderCitizenship":"VN"}], "Id":[{"IdNumber":"037085001234"}], "ResidenceAddress":[{"Address":"123 Nguyen Trai, Ha Noi","Country":"VN"}]}, "Receiver": {"FullName":"JOHN RECEIVER SMITH","DOB":"1990-11-12", "Nationalities":[{"Citizenship":"US"}], "Id":[{"IdNumber":"A12345678"}], "ResidenceAddress":[{"Address":"456 Broadway, New York","Country":"US"}]}, "BeneficiaryBankName":"VIETCOMBANK HO CHI MINH", "BeneficiaryBankBicCode":"BFTVBNVX002","BeneficiaryBankCountry":"VN", "RemittingBankName":"CITIBANK NEW YORK", "RemittingBankBicCode":"CITIUS33XXX","RemittingBankCountry":"US" } } } | F66: HTTP Status: 200 OK result: KNOCKED-OUT errorCode: 00 errorDetail: No Error score: 100 alertId: (not null) | G66: SIT | H66: High | I66: Manual | J66: Untested | K66: Untested
A67: AML_API_MSB002_04 | B67: MSB002 – body JSON sai cấu trúc | C67: Auth hợp lệ | D67: 1. Gửi POST với transactionType=MSB002 2. Body JSON sai cấu trúc MSB002 3. Kiểm tra errorCode=03 | E67: Headers: Authorization: Basic a3ljYWRtbjpwYXNzd29yZDM= Content-Type: application/json Params: transactionId: TF_MSB002_004 requestId: REQ_TF_MSB002_004 transactionType: MSB002 branchCd: HN channel: T24 isCallBack: N Body: {"wrong_key": "value"} | F67: HTTP Status: 200 OK result: ERROR errorCode: 03 errorDetail: Invalid message format score: (rỗng) alertId: (rỗng) processDate: null | G67: SIT | H67: High | I67: Manual | J67: Untested | K67: Untested
A68: VIII. Sàng lọc Custom Message Non-Swift 3 (MSB003)
A69: AML_API_MSB003 Kiểm tra sàng lọc với Custom Message MSB003 (JSON Array)
A70: AML_API_MSB003_01 | B70: MSB003 hợp lệ – kết quả No-HIT | C70: Auth hợp lệ; JSON Array MSB003 đúng cấu trúc; Không có match cấm vận | D70: 1. Gửi POST với transactionType=MSB003 2. Body là JSON Array chứa object MSB003 3. Kiểm tra result=No-HIT | E70: Headers: Authorization: Basic a3ljYWRtbjpwYXNzd29yZDM= Content-Type: application/json Params: transactionId: TF_MSB003_001 requestId: REQ_TF_MSB003_001 transactionType: MSB003 branchCd: HN channel: T24 isCallBack: N Body: [ { "MSB003": { "Debtor":{"Name":"CONG TY TNHH THUONG MAI VA XUAT NHAP KHAU ABC", "FullAddress":"So 12 Duong Lang Ha, Ba Dinh, Ha Noi, Viet Nam", "CountryInAddress":"VNM","Identifier":"0101234567"}, "Creditor":{"Name":"SHENZHEN GLOBAL ELECTRONICS CO., LTD", "FullAddress":"No. 88 Huaqiang North Road, Shenzhen, China", "CountryInAddress":"CHN","Identifier":"91440300MA5XXXXX1K"}, "InvolvedParty":[{"PartyType":"PARTY_01","Role":"Exporter", "Name":"SHENZHEN GLOBAL ELECTRONICS","CountryInAddress":"CHN", "Identifier":"91440300MA5XXXXX1K"}] } } ] | F70: HTTP Status: 200 OK result: No-HIT errorCode: 00 errorDetail: No Error score: 0 alertId: (rỗng) | G70: SIT | H70: High | I70: Manual | J70: Untested | K70: Untested
A71: AML_API_MSB003_02 | B71: MSB003 hợp lệ – kết quả HIT (Debtor/Creditor/InvolvedParty match cấm vận) | C71: Auth hợp lệ; Tên Debtor hoặc Creditor hoặc InvolvedParty match cấm vận | D71: 1. Gửi POST với transactionType=MSB003 2. Body MSB003 có tên match cấm vận 3. Kiểm tra result=HIT 4. Verify sàng lọc tất cả InvolvedParty | E71: Headers: Authorization: Basic a3ljYWRtbjpwYXNzd29yZDM= Content-Type: application/json Params: transactionId: TF_MSB003_002 requestId: REQ_TF_MSB003_002 transactionType: MSB003 branchCd: HN channel: T24 isCallBack: N Body: [ { "MSB003": { "Debtor":{"Name":"CONG TY TNHH THUONG MAI VA XUAT NHAP KHAU ABC", "FullAddress":"So 12 Duong Lang Ha, Ba Dinh, Ha Noi, Viet Nam", "CountryInAddress":"VNM","Identifier":"0101234567"}, "Creditor":{"Name":"SHENZHEN GLOBAL ELECTRONICS CO., LTD", "FullAddress":"No. 88 Huaqiang North Road, Shenzhen, China", "CountryInAddress":"CHN","Identifier":"91440300MA5XXXXX1K"}, "InvolvedParty":[{"PartyType":"PARTY_01","Role":"Exporter", "Name":"SHENZHEN GLOBAL ELECTRONICS","CountryInAddress":"CHN", "Identifier":"91440300MA5XXXXX1K"}] } } ] | F71: HTTP Status: 200 OK result: HIT errorCode: 00 errorDetail: No Error score: > 0 alertId: (not null) Verify: tất cả InvolvedParty đều được sàng lọc | G71: SIT | H71: High | I71: Manual | J71: Untested | K71: Untested
A72: AML_API_MSB003_03 | B72: MSB003 hợp lệ – kết quả KNOCKED-OUT | C72: Auth hợp lệ; CountryInAddress thuộc Knock-out list | D72: 1. Gửi POST với transactionType=MSB003 2. Body có CountryInAddress thuộc Knock-out 3. Kiểm tra result=KNOCKED-OUT | E72: Headers: Authorization: Basic a3ljYWRtbjpwYXNzd29yZDM= Content-Type: application/json Params: transactionId: TF_MSB003_003 requestId: REQ_TF_MSB003_003 transactionType: MSB003 branchCd: HN channel: T24 isCallBack: N Body: [ { "MSB003": { "Debtor":{"Name":"CONG TY TNHH THUONG MAI VA XUAT NHAP KHAU ABC", "FullAddress":"So 12 Duong Lang Ha, Ba Dinh, Ha Noi, Viet Nam", "CountryInAddress":"VNM","Identifier":"0101234567"}, "Creditor":{"Name":"SHENZHEN GLOBAL ELECTRONICS CO., LTD", "FullAddress":"No. 88 Huaqiang North Road, Shenzhen, China", "CountryInAddress":"CHN","Identifier":"91440300MA5XXXXX1K"}, "InvolvedParty":[{"PartyType":"PARTY_01","Role":"Exporter", "Name":"SHENZHEN GLOBAL ELECTRONICS","CountryInAddress":"CHN", "Identifier":"91440300MA5XXXXX1K"}] } } ] | F72: HTTP Status: 200 OK result: KNOCKED-OUT errorCode: 00 errorDetail: No Error score: 100 alertId: (not null) | G72: SIT | H72: High | I72: Manual | J72: Untested | K72: Untested
A73: AML_API_MSB003_04 | B73: MSB003 – body JSON Object thay vì JSON Array | C73: Auth hợp lệ | D73: 1. Gửi POST với transactionType=MSB003 2. Body là JSON Object ({}) thay vì JSON Array ([{}]) 3. Kiểm tra errorCode=03 | E73: Headers: Authorization: Basic a3ljYWRtbjpwYXNzd29yZDM= Content-Type: application/json Params: transactionId: TF_MSB003_004 requestId: REQ_TF_MSB003_004 transactionType: MSB003 branchCd: HN channel: T24 isCallBack: N Body: {"MSB003": {"Debtor": {}}} | F73: HTTP Status: 200 OK result: ERROR errorCode: 03 errorDetail: Invalid message format score: (rỗng) alertId: (rỗng) processDate: null MSB003 yêu cầu JSON Array; JSON Object phải bị từ chối | G73: SIT | H73: High | I73: Manual | J73: Untested | K73: Untested
A74: IX. Verify Response Body – Kiểm tra đầy đủ các fields
A75: AML_API_RESP Kiểm tra cấu trúc và giá trị response body
A76: AML_API_RESP_01 | B76: Response HIT – verify đầy đủ 12 fields | C76: Auth hợp lệ; Request MT có HIT | D76: 1. Gửi POST MT hợp lệ, có HIT 2. Nhận response 3. Verify lần lượt tất cả fields: transactionId, transactionType, result, requestId, errorCode, errorDetail, score, groupMessageId, alertId, processDate, branchCd, channel | E76: Headers: Authorization: Basic a3ljYWRtbjpwYXNzd29yZDM= Content-Type: application/json Params: transactionId: TF_RESP_001 requestId: REQ_TF_RESP_001 transactionType: MT branchCd: HN channel: T24 isCallBack: N Body: {1:F01SIIBSYDAXXXX0000000000} {2:I202ESSESESSXXXXN} {4: :20:MT202 :21:SENDEREFERENC001 :32A:170623CNY5000 :58D:/B/BENEFICIARYINST MAJESTUALIDAQ CUBA :72:PHONBEN -} {5:{MAC:12345678}{CHK:123456789ABC}} | F76: HTTP: 200 result: HIT transactionId == TF_RESP_001 (echo) requestId == REQ_TF_RESP_001 (echo) transactionType == MT (echo) errorCode: 00 errorDetail: No Error score: > 0 (số nguyên) groupMessageId: not null (Number) alertId: not null (Number) processDate: format dd-mm-yyyy hh:mi:ss branchCd == HN (echo) channel == T24 (echo) | G76: SIT | H76: High | I76: Manual | J76: Untested | K76: Untested
A77: AML_API_RESP_02 | B77: Response No-HIT – alertId rỗng, score=0 | C77: Auth hợp lệ; Request MT, kết quả No-HIT | D77: 1. Gửi POST MT không match cấm vận 2. Nhận response No-HIT 3. Verify: alertId='' và score=0 | E77: Headers: Authorization: Basic a3ljYWRtbjpwYXNzd29yZDM= Content-Type: application/json Params: transactionId: TF_RESP_002 requestId: REQ_TF_RESP_002 transactionType: MT branchCd: HN channel: T24 isCallBack: N Body: {1:F01SIIBSYDAXXXX0000000000} {2:I202ESSESESSXXXXN} {4: :20:MT202 :21:SENDEREFERENC001 :32A:170623CNY5000 :58D:/B/BENEFICIARYINST MAJESTUALIDAQ CUBA :72:PHONBEN -} {5:{MAC:12345678}{CHK:123456789ABC}} | F77: HTTP: 200 result: No-HIT errorCode: 00 score: 0 alertId: '' (rỗng) groupMessageId: not null processDate: not null (dd-mm-yyyy hh:mi:ss) | G77: SIT | H77: High | I77: Manual | J77: Untested | K77: Untested
A78: AML_API_RESP_03 | B78: Response KNOCKED-OUT – score=100, alertId not null | C78: Auth hợp lệ; Request MT có Knock-out country | D78: 1. Gửi POST MT với Knock-out country 2. Nhận response KNOCKED-OUT 3. Verify: score=100, alertId not null | E78: Headers: Authorization: Basic a3ljYWRtbjpwYXNzd29yZDM= Content-Type: application/json Params: transactionId: TF_RESP_003 requestId: REQ_TF_RESP_003 transactionType: MT branchCd: HN channel: T24 isCallBack: N Body: {1:F01SIIBSYDAXXXX0000000000} {2:I202ESSESESSXXXXN} {4: :20:MT202 :21:SENDEREFERENC001 :32A:170623CNY5000 :58D:/B/BENEFICIARYINST MAJESTUALIDAQ CUBA :72:PHONBEN -} {5:{MAC:12345678}{CHK:123456789ABC}} | F78: HTTP: 200 result: KNOCKED-OUT errorCode: 00 score: 100 alertId: not null groupMessageId: not null processDate: not null | G78: SIT | H78: High | I78: Manual | J78: Untested | K78: Untested
A79: AML_API_RESP_04 | B79: Response ERROR – score rỗng, alertId rỗng, processDate null | C79: Auth hợp lệ; Request MT body sai format | D79: 1. Gửi POST MT với body sai format 2. Nhận response ERROR 3. Verify: score='', alertId='', processDate=null | E79: Headers: Authorization: Basic a3ljYWRtbjpwYXNzd29yZDM= Content-Type: application/json Params: transactionId: TF_RESP_004 requestId: REQ_TF_RESP_004 transactionType: MT branchCd: HN channel: T24 isCallBack: N Body: INVALID_MT_BODY_NOT_SWIFT | F79: HTTP: 200 result: ERROR errorCode: 03 score: '' (rỗng) alertId: '' (rỗng) processDate: null groupMessageId: null | G79: SIT | H79: High | I79: Manual | J79: Untested | K79: Untested
A80: AML_API_RESP_05 | B80: HTTP Status luôn là 200 kể cả khi nghiệp vụ ERROR | C80: Auth hợp lệ; Request body sai format để trigger ERROR | D80: 1. Gửi POST với body sai format 2. Kiểm tra HTTP Status Code trong response header 3. Verify HTTP = 200 (không phải 4xx hay 5xx) | E80: Headers: Authorization: Basic a3ljYWRtbjpwYXNzd29yZDM= Content-Type: application/json Params: transactionId: TF_RESP_005 requestId: REQ_TF_RESP_005 transactionType: MT branchCd: HN channel: T24 isCallBack: N Body: INVALID_MT_BODY_NOT_SWIFT | F80: HTTP Status: 200 OK ← LUÔN LUÔN Trạng thái nghiệp vụ phân biệt qua: result: ERROR errorCode: 03 KHÔNG phải qua HTTP 4xx/5xx | G80: SIT | H80: High | I80: Manual | J80: Untested | K80: Untested
A81: AML_API_RESP_06 | B81: transactionId trong response echo đúng giá trị đã gửi | C81: Auth hợp lệ | D81: 1. Gửi POST với transactionId='TF_ECHO_CHECK_001' 2. Kiểm tra response.transactionId | E81: Headers: Authorization: Basic a3ljYWRtbjpwYXNzd29yZDM= Content-Type: application/json Params: transactionId: TF_ECHO_CHECK_001 requestId: REQ_TF_ECHO_CHECK_001 transactionType: MT branchCd: HN channel: T24 isCallBack: N Body: {1:F01SIIBSYDAXXXX0000000000} {2:I202ESSESESSXXXXN} {4: :20:MT202 :21:SENDEREFERENC001 :32A:170623CNY5000 :58D:/B/BENEFICIARYINST MAJESTUALIDAQ CUBA :72:PHONBEN -} {5:{MAC:12345678}{CHK:123456789ABC}} | F81: HTTP: 200 response.transactionId == 'TF_ECHO_CHECK_001' (phản hồi lại đúng giá trị đã gửi) | G81: SIT | H81: High | I81: Manual | J81: Untested | K81: Untested
A82: AML_API_RESP_07 | B82: requestId trong response echo đúng giá trị đã gửi | C82: Auth hợp lệ | D82: 1. Gửi POST với requestId='REQ_ECHO_CHECK_001' 2. Kiểm tra response.requestId | E82: Headers: Authorization: Basic a3ljYWRtbjpwYXNzd29yZDM= Content-Type: application/json Params: transactionId: TF_RESP_007 requestId: REQ_TF_RESP_007 transactionType: MT branchCd: HN channel: T24 isCallBack: N Body: {1:F01SIIBSYDAXXXX0000000000} {2:I202ESSESESSXXXXN} {4: :20:MT202 :21:SENDEREFERENC001 :32A:170623CNY5000 :58D:/B/BENEFICIARYINST MAJESTUALIDAQ CUBA :72:PHONBEN -} {5:{MAC:12345678}{CHK:123456789ABC}} | F82: HTTP: 200 response.requestId == 'REQ_TF_RESP_007' (phản hồi lại đúng giá trị đã gửi) | G82: SIT | H82: High | I82: Manual | J82: Untested | K82: Untested
A83: AML_API_RESP_08 | B83: processDate đúng format dd-mm-yyyy hh:mi:ss | C83: Auth hợp lệ; Request MT có kết quả HIT hoặc No-HIT | D83: 1. Gửi POST MT hợp lệ 2. Nhận response 3. Parse processDate 4. Verify đúng pattern: dd-mm-yyyy hh:mi:ss | E83: Headers: Authorization: Basic a3ljYWRtbjpwYXNzd29yZDM= Content-Type: application/json Params: transactionId: TF_RESP_008 requestId: REQ_TF_RESP_008 transactionType: MT branchCd: HN channel: T24 isCallBack: N Body: {1:F01SIIBSYDAXXXX0000000000} {2:I202ESSESESSXXXXN} {4: :20:MT202 :21:SENDEREFERENC001 :32A:170623CNY5000 :58D:/B/BENEFICIARYINST MAJESTUALIDAQ CUBA :72:PHONBEN -} {5:{MAC:12345678}{CHK:123456789ABC}} | F83: processDate match regex: ^\d{2}-\d{2}-\d{4} \d{2}:\d{2}:\d{2}$ Ví dụ hợp lệ: 11-06-2026 14:35:22 Ví dụ KHÔNG hợp lệ: 2026-06-11 / 11/06/2026 | G83: SIT | H83: Medium | I83: Manual | J83: Untested | K83: Untested
A84: AML_API_RESP_09 | B84: branchCd và channel echo đúng giá trị đã gửi | C84: Auth hợp lệ | D84: 1. Gửi POST với branchCd='SGN' và channel='IB' 2. Kiểm tra response.branchCd và response.channel | E84: Headers: Authorization: Basic a3ljYWRtbjpwYXNzd29yZDM= Content-Type: application/json Params: transactionId: TF_RESP_009 requestId: REQ_TF_RESP_009 transactionType: MT branchCd: SGN channel: IB isCallBack: N Body: {1:F01SIIBSYDAXXXX0000000000} {2:I202ESSESESSXXXXN} {4: :20:MT202 :21:SENDEREFERENC001 :32A:170623CNY5000 :58D:/B/BENEFICIARYINST MAJESTUALIDAQ CUBA :72:PHONBEN -} {5:{MAC:12345678}{CHK:123456789ABC}} | F84: HTTP: 200 response.branchCd == 'SGN' response.channel == 'IB' (cả 2 phải echo đúng giá trị request) | G84: SIT | H84: Medium | I84: Manual | J84: Untested | K84: Untested
A85: AML_API_RESP_10 | B85: groupMessageId là số nguyên duy nhất cho mỗi request | C85: Auth hợp lệ; Gửi 2 request riêng biệt | D85: 1. Gửi POST request lần 1 → ghi nhận groupMessageId 2. Gửi POST request lần 2 (transactionId khác) 3. Verify groupMessageId hai lần KHÁC nhau | E85: Headers: Authorization: Basic a3ljYWRtbjpwYXNzd29yZDM= Content-Type: application/json Params: transactionId: TF_RESP_010 requestId: REQ_TF_RESP_010 transactionType: MT branchCd: HN channel: T24 isCallBack: N Body: {1:F01SIIBSYDAXXXX0000000000} {2:I202ESSESESSXXXXN} {4: :20:MT202 :21:SENDEREFERENC001 :32A:170623CNY5000 :58D:/B/BENEFICIARYINST MAJESTUALIDAQ CUBA :72:PHONBEN -} {5:{MAC:12345678}{CHK:123456789ABC}} | F85: Lần 1: groupMessageId = X (Number > 0) Lần 2: groupMessageId = Y (Number > 0) Verify: X ≠ Y (unique per request) | G85: SIT | H85: Medium | I85: Manual | J85: Untested | K85: Untested
A86: X. Verify Error Codes (Bảng mã lỗi)
A87: AML_API_ERR Kiểm tra các mã lỗi trả về trong response
A88: AML_API_ERR_01 | B88: errorCode=00 – Xử lý thành công (No Error) | C88: Auth hợp lệ; Request hoàn toàn hợp lệ | D88: 1. Gửi POST request hợp lệ (MT) 2. Verify errorCode=00 trong response 3. Verify errorDetail='No Error' | E88: Headers: Authorization: Basic a3ljYWRtbjpwYXNzd29yZDM= Content-Type: application/json Params: transactionId: TF_ERR_001 requestId: REQ_TF_ERR_001 transactionType: MT branchCd: HN channel: T24 isCallBack: N Body: {1:F01SIIBSYDAXXXX0000000000} {2:I202ESSESESSXXXXN} {4: :20:MT202 :21:SENDEREFERENC001 :32A:170623CNY5000 :58D:/B/BENEFICIARYINST MAJESTUALIDAQ CUBA :72:PHONBEN -} {5:{MAC:12345678}{CHK:123456789ABC}} | F88: HTTP: 200 result: HIT hoặc No-HIT errorCode: '00' errorDetail: 'No Error' (Không có lỗi nào trong quá trình xử lý) | G88: SIT | H88: High | I88: Manual | J88: Untested | K88: Untested
A89: AML_API_ERR_02 | B89: errorCode=01 – Missing parameter (thiếu field bắt buộc) | C89: Auth hợp lệ; Gửi request thiếu transactionId | D89: 1. Gửi POST thiếu transactionId 2. Kiểm tra response: result=ERROR, errorCode=01 3. Verify errorDetail mô tả field bị thiếu | E89: Headers: Authorization: Basic a3ljYWRtbjpwYXNzd29yZDM= Content-Type: application/json Params (thiếu transactionId): requestId: REQ_ERR_002 transactionType: MT branchCd: HN channel: T24 isCallBack: N Body: {1:F01SIIBSYDAXXXX0000000000} {2:I202ESSESESSXXXXN} {4: :20:MT202 :21:SENDEREFERENC001 :32A:170623CNY5000 :58D:/B/BENEFICIARYINST MAJESTUALIDAQ CUBA :72:PHONBEN -} {5:{MAC:12345678}{CHK:123456789ABC}} | F89: HTTP: 200 result: ERROR errorCode: '01' errorDetail: 'Missing parameter' score: '' (rỗng) alertId: '' (rỗng) processDate: null | G89: SIT | H89: High | I89: Manual | J89: Untested | K89: Untested
A90: AML_API_ERR_03 | B90: errorCode=03 – Invalid message format (sai format điện) | C90: Auth hợp lệ; Body MT sai chuẩn SWIFT | D90: 1. Gửi POST với transactionType=MT 2. Body: 'INVALID_MT_BODY' 3. Verify errorCode=03 | E90: Headers: Authorization: Basic a3ljYWRtbjpwYXNzd29yZDM= Content-Type: application/json Params: transactionId: TF_ERR_003 requestId: REQ_TF_ERR_003 transactionType: MT branchCd: HN channel: T24 isCallBack: N Body: INVALID_MT_BODY_NOT_SWIFT | F90: HTTP: 200 result: ERROR errorCode: '03' errorDetail: 'Message is not valid. Please correct the message and repost it' score: '' (rỗng) alertId: '' (rỗng) processDate: null | G90: SIT | H90: High | I90: Manual | J90: Untested | K90: Untested
A91: AML_API_ERR_04 | B91: errorCode=05 – Webservices not responding (EDQ service down) | C91: Auth hợp lệ; EDQ/screening service bị tắt hoặc quá tải | D91: 1. Tắt EDQ service (hoặc giả lập) 2. Gửi POST request hợp lệ 3. Verify errorCode=05 | E91: Headers: Authorization: Basic a3ljYWRtbjpwYXNzd29yZDM= Content-Type: application/json Params: transactionId: TF_ERR_004 requestId: REQ_TF_ERR_004 transactionType: MT branchCd: HN channel: T24 isCallBack: N Body: {1:F01SIIBSYDAXXXX0000000000} {2:I202ESSESESSXXXXN} {4: :20:MT202 :21:SENDEREFERENC001 :32A:170623CNY5000 :58D:/B/BENEFICIARYINST MAJESTUALIDAQ CUBA :72:PHONBEN -} {5:{MAC:12345678}{CHK:123456789ABC}} | F91: HTTP: 200 result: ERROR errorCode: '05' errorDetail: 'Webservices are not responding' score: '' (rỗng) alertId: '' (rỗng) processDate: null Precondition: Cần môi trường test với EDQ down | G91: SIT | H91: High | I91: Manual | J91: Untested | K91: Untested
A92: AML_API_ERR_05 | B92: errorCode=07 – Others exception (lỗi ngoài kịch bản) | C92: Auth hợp lệ; Điều kiện đặc biệt để trigger lỗi ngoài kịch bản | D92: 1. Tạo điều kiện gây lỗi không xác định 2. Gửi POST request 3. Verify errorCode=07 | E92: Headers: Authorization: Basic a3ljYWRtbjpwYXNzd29yZDM= Content-Type: application/json Params: transactionId: TF_ERR_005 requestId: REQ_TF_ERR_005 transactionType: MT branchCd: HN channel: T24 isCallBack: N Body: {1:F01SIIBSYDAXXXX0000000000} {2:I202ESSESESSXXXXN} {4: :20:MT202 :21:SENDEREFERENC001 :32A:170623CNY5000 :58D:/B/BENEFICIARYINST MAJESTUALIDAQ CUBA :72:PHONBEN -} {5:{MAC:12345678}{CHK:123456789ABC}} | F92: HTTP: 200 result: ERROR errorCode: '07' errorDetail: 'Others exception' score: '' (rỗng) alertId: '' (rỗng) processDate: null Note: Cần môi trường đặc biệt để trigger lỗi 07 | G92: SIT | H92: Medium | I92: Manual | J92: Untested | K92: Untested
A93: AML_API_ERR_06 | B93: errorCode=08 – Request Timeout (EDQ xử lý >30 giây) | C93: Auth hợp lệ; EDQ service phản hồi chậm >30 giây | D93: 1. Giả lập EDQ delay >30 giây 2. Gửi POST request hợp lệ 3. Verify errorCode=08 sau 30 giây | E93: Headers: Authorization: Basic a3ljYWRtbjpwYXNzd29yZDM= Content-Type: application/json Params: transactionId: TF_ERR_006 requestId: REQ_TF_ERR_006 transactionType: MT branchCd: HN channel: T24 isCallBack: N Body: {1:F01SIIBSYDAXXXX0000000000} {2:I202ESSESESSXXXXN} {4: :20:MT202 :21:SENDEREFERENC001 :32A:170623CNY5000 :58D:/B/BENEFICIARYINST MAJESTUALIDAQ CUBA :72:PHONBEN -} {5:{MAC:12345678}{CHK:123456789ABC}} | F93: HTTP: 200 result: ERROR errorCode: '08' errorDetail: 'Request Timeout' score: '' (rỗng) alertId: '' (rỗng) processDate: null Timeout config: 30 giây | G93: SIT | H93: High | I93: Manual | J93: Untested | K93: Untested
A94: XI. Verify HTTP Status Codes
A95: AML_API_HTTP Kiểm tra HTTP Status Code trả về
A96: AML_API_HTTP_01 | B96: HTTP 200 – Request hợp lệ (mọi kết quả nghiệp vụ) | C96: Auth hợp lệ; Request đầy đủ, hợp lệ | D96: 1. Gửi POST request hợp lệ 2. Kiểm tra HTTP Status Code trong response header 3. Verify HTTP = 200 cho cả HIT / No-HIT / KNOCKED-OUT / ERROR | E96: Headers: Authorization: Basic a3ljYWRtbjpwYXNzd29yZDM= Content-Type: application/json Params: transactionId: TF_HTTP_001 requestId: REQ_TF_HTTP_001 transactionType: MT branchCd: HN channel: T24 isCallBack: N Body: {1:F01SIIBSYDAXXXX0000000000} {2:I202ESSESESSXXXXN} {4: :20:MT202 :21:SENDEREFERENC001 :32A:170623CNY5000 :58D:/B/BENEFICIARYINST MAJESTUALIDAQ CUBA :72:PHONBEN -} {5:{MAC:12345678}{CHK:123456789ABC}} | F96: HTTP Status: 200 OK Áp dụng cho mọi kết quả nghiệp vụ: HIT → HTTP 200 No-HIT → HTTP 200 KNOCKED-OUT → HTTP 200 ERROR → HTTP 200 | G96: SIT | H96: High | I96: Manual | J96: Untested | K96: Untested
A97: AML_API_HTTP_02 | B97: HTTP 400 – Request không hợp lệ ở tầng HTTP | C97: Auth hợp lệ; Request body malformed (không phải JSON/text hợp lệ) | D97: 1. Gửi POST với body không hợp lệ ở tầng HTTP 2. Kiểm tra HTTP Status Code | E97: POST POST http://server:port/transaction-screening/v1/transaction-screening Authorization: Basic a3ljYWRtbjpwYXNzd29yZDM= Content-Type: application/json Body: %%%MALFORMED%%% | F97: HTTP Status: 400 Bad Request (Không có body nghiệp vụ) | G97: SIT | H97: Medium | I97: Manual | J97: Untested | K97: Untested
A98: AML_API_HTTP_03 | B98: HTTP 401 – Unauthorized (thiếu hoặc sai auth) | C98: Server đang chạy; Không có Authorization header | D98: 1. Gửi POST không có Authorization header 2. Kiểm tra HTTP Status Code = 401 | E98: POST POST http://server:port/transaction-screening/v1/transaction-screening Content-Type: application/json Body: {1:F01SIIBSYDAXXXX0000000000} {2:I202ESSESESSXXXXN} {4: :20:MT202 :21:SENDEREFERENC001 :32A:170623CNY5000 :58D:/B/BENEFICIARYINST MAJESTUALIDAQ CUBA :72:PHONBEN -} {5:{MAC:12345678}{CHK:123456789ABC}} | F98: HTTP Status: 401 Unauthorized (Không có body nghiệp vụ) | G98: SIT | H98: High | I98: Manual | J98: Untested | K98: Untested
A99: AML_API_HTTP_04 | B99: HTTP 404 – Not Found (sai endpoint URL) | C99: Server đang chạy; Auth hợp lệ | D99: 1. Gửi POST đến URL sai: /wrong-endpoint 2. Kiểm tra HTTP Status Code = 404 | E99: POST http://server:port/wrong-endpoint Authorization: Basic a3ljYWRtbjpwYXNzd29yZDM= Content-Type: application/json | F99: HTTP Status: 404 Not Found (Không có body nghiệp vụ) | G99: SIT | H99: High | I99: Manual | J99: Untested | K99: Untested
A100: AML_API_HTTP_05 | B100: HTTP 500 – Internal Server Error | C100: Server gặp lỗi nội bộ không xử lý được; (Cần môi trường test đặc biệt) | D100: 1. Giả lập lỗi nội bộ server 2. Gửi POST request 3. Kiểm tra HTTP Status Code = 500 | E100: Headers: Authorization: Basic a3ljYWRtbjpwYXNzd29yZDM= Content-Type: application/json Params: transactionId: TF_HTTP_005 requestId: REQ_TF_HTTP_005 transactionType: MT branchCd: HN channel: T24 isCallBack: N Body: {1:F01SIIBSYDAXXXX0000000000} {2:I202ESSESESSXXXXN} {4: :20:MT202 :21:SENDEREFERENC001 :32A:170623CNY5000 :58D:/B/BENEFICIARYINST MAJESTUALIDAQ CUBA :72:PHONBEN -} {5:{MAC:12345678}{CHK:123456789ABC}} | F100: HTTP Status: 500 Internal Server Error (Không có body nghiệp vụ) | G100: SIT | H100: Medium | I100: Manual | J100: Untested | K100: Untested
A101: XII. Non-Functional & Edge Cases
...

Sheet Report
A1: REPORT ROUND 2 SIT
A2: Tích hợp API | B2: Passed | C2: Failed | D2: Pending | E2: Cancel | F2: Untested | G2: Next
A3: API Sàng Lọc | B3: ='[1]API sàng lọc v2'!E25 -> 430 | C3: ='[1]API sàng lọc v2'!E26 -> 0 | D3: ='[1]API sàng lọc v2'!E27 -> 0 | E3: ='[1]API sàng lọc v2'!E28 -> 0 | F3: ='[1]API sàng lọc v2'!E29 -> 514 | G3: ='[1]API sàng lọc v2'!E30 -> 0
A4: API Search | B4: ='API Search'!E4 -> 23 | C4: ='API Search'!E5 -> 0 | D4: ='API Search'!E6 -> 0 | E4: ='API Search'!E7 -> 0 | F4: ='API Search'!E8 -> 0 | G4: ='API Search'!E9 -> 0
A5: API Callback | B5: ='API Callback'!E4 -> 19 | C5: ='API Callback'!E5 -> 0 | D5: ='API Callback'!E6 -> 0 | E5: ='API Callback'!E7 -> 0 | F5: ='API Callback'!E8 -> 0 | G5: ='API Callback'!E9 -> 0
A6: Tổng | B6: =SUM(B3:B5) -> 472 | C6: =SUM(C3:C5) -> 0 | D6: =SUM(D3:D5) -> 0 | E6: =SUM(E3:E5) -> 0 | F6: =SUM(F3:F5) -> 514 | G6: =SUM(G3:G5) -> 0
A24: Passed
A25: Failed
A26: Pending
A27: Cancel
A28: Untested
A29: Next

Sheet API sàng lọc v2
A1: ROUND 2
B2: High | C2: Medium | D2: Low | E2: Total
B3: =SUM(B4:B8) -> 34 | C3: =SUM(C4:C8) -> 163 | D3: =SUM(D4:D8) -> 1 | E3: =SUM(B3:D3) -> 944
A4: Passed | B4: =COUNTIFS($K:$K,$B$2,$O:$O,A4) -> 34 | C4: =COUNTIFS($K:$K,C2,$O:$O,A4) -> 163 | D4: =COUNTIFS($K:$K,D2,$O:$O,A4) -> 1 | E4: =SUM(B4:D4) -> 198
A5: Failed | B5: =COUNTIFS($K:$K,B2,$O:$O,A5) -> 0 | C5: =COUNTIFS($K:$K,C2,$O:$O,A5) -> 0 | D5: =COUNTIFS($K:$K,D3,$O:$O,A5) -> 1 | E5: =SUM(B5:D5) -> 1
A6: Pending | B6: =COUNTIFS($K:$K,$B$2,$O:$O,A6) -> 0 | C6: =COUNTIFS($K:$K,$C$2,$O:$O,A6) -> 0 | D6: =COUNTIFS($K:$K,D4,$O:$O,A6) -> 0 | E6: =SUM(B6:D6) -> 0
A7: Cancel | B7: =COUNTIFS($K:$K,$B$2,$O:$O,A7) -> 0 | C7: =COUNTIFS($K:$K,$C$2,$O:$O,A7) -> 0 | D7: =COUNTIFS($K:$K,D5,$O:$O,A7) -> 1 | E7: =SUM(B7:D7) -> 1
A8: Untested | B8: =COUNTIFS($K:$K,$B$2,$O:$O,A8) -> 0 | C8: =COUNTIFS($K:$K,$C$2,$O:$O,A8) -> 0 | D8: =COUNTIFS($K:$K,D6,$O:$O,A8) -> 0 | E8: =SUM(B8:D8) -> 0
A9: Next | B9: =COUNTIFS($K:$K,$B$2,$O:$O,A9) -> 0 | C9: =COUNTIFS($K:$K,$C$2,$O:$O,A9) -> 0 | D9: =COUNTIFS($K:$K,D7,$O:$O,A9) -> 0 | E9: =SUM(B9:D9) -> 0
A11: ROUND 3
B12: High | C12: Medium | D12: Low | E12: Total
B13: =SUM(B14:B18) -> 34 | C13: =SUM(C14:C18) -> 0 | D13: =SUM(D14:D18) -> 0 | E13: =SUM(B13:D13) -> 34
A14: Passed | B14: =COUNTIFS($K:$K,B$2,$P:$P,A14) -> 0 | C14: =COUNTIFS($K:$K,C$2,$P:$P,B14) -> 0 | D14: =COUNTIFS($K:$K,D$2,$P:$P,C14) -> 0 | E14: =SUM(B14:D14) -> 0
A15: Failed | B15: =COUNTIFS($K:$K,B$2,$P:$P,A15) -> 0 | C15: =COUNTIFS($K:$K,C$2,$P:$P,B15) -> 0 | D15: =COUNTIFS($K:$K,D$2,$P:$P,C15) -> 0 | E15: =SUM(B15:D15) -> 0
A16: Pending | B16: =COUNTIFS($K:$K,B$2,$P:$P,A16) -> 0 | C16: =COUNTIFS($K:$K,C$2,$P:$P,B16) -> 0 | D16: =COUNTIFS($K:$K,D$2,$P:$P,C16) -> 0 | E16: =SUM(B16:D16) -> 0
A17: Cancel | B17: =COUNTIFS($K:$K,B$2,$P:$P,A17) -> 0 | C17: =COUNTIFS($K:$K,C$2,$P:$P,B17) -> 0 | D17: =COUNTIFS($K:$K,D$2,$P:$P,C17) -> 0 | E17: =SUM(B17:D17) -> 0
A18: Untested | B18: =COUNTIFS($K:$K,B$2,$P:$P,A18) -> 34 | C18: =COUNTIFS($K:$K,C$2,$P:$P,B18) -> 0 | D18: =COUNTIFS($K:$K,D$2,$P:$P,C18) -> 0 | E18: =SUM(B18:D18) -> 34
A19: Next | B19: =COUNTIFS($K:$K,B$2,$P:$P,A19) -> 0 | C19: =COUNTIFS($K:$K,C$2,$P:$P,B19) -> 0 | D19: =COUNTIFS($K:$K,D$2,$P:$P,C19) -> 0 | E19: =SUM(B19:D19) -> 0
A22: ROUND 2
B23: High | C23: Medium | D23: Low | E23: Total
B24: =SUM(B25:B29) -> 34 | C24: =SUM(C25:C29) -> 163 | D24: =SUM(D25:D29) -> 1 | E24: =SUM(B24:D24) -> 198
A25: Passed | B25: =COUNTIFS($K:$K,B$23,$O:$O,$A25) -> 34 | C25: =COUNTIFS($K:$K,C$23,$O:$O,$A25) -> 163 | D25: =COUNTIFS($K:$K,D$23,$O:$O,$A25) -> 1 | E25: =SUM(B25:D25) -> 198
A26: Failed | B26: =COUNTIFS($K:$K,B$23,$O:$O,$A26) -> 0 | C26: =COUNTIFS($K:$K,C$23,$O:$O,$A26) -> 0 | D26: =COUNTIFS($K:$K,D$23,$O:$O,$A26) -> 0 | E26: =SUM(B26:D26) -> 0
A27: Pending | B27: =COUNTIFS($K:$K,B$23,$O:$O,$A27) -> 0 | C27: =COUNTIFS($K:$K,C$23,$O:$O,$A27) -> 0 | D27: =COUNTIFS($K:$K,D$23,$O:$O,$A27) -> 0 | E27: =SUM(B27:D27) -> 0
A28: Cancel | B28: =COUNTIFS($K:$K,B$23,$O:$O,$A28) -> 0 | C28: =COUNTIFS($K:$K,C$23,$O:$O,$A28) -> 0 | D28: =COUNTIFS($K:$K,D$23,$O:$O,$A28) -> 0 | E28: =SUM(B28:D28) -> 0
A29: Untested | B29: =COUNTIFS($K:$K,B$23,$O:$O,$A29) -> 0 | C29: =COUNTIFS($K:$K,C$23,$O:$O,$A29) -> 0 | D29: =COUNTIFS($K:$K,D$23,$O:$O,$A29) -> 0 | E29: =SUM(B29:D29) -> 0
A30: Next | B30: =COUNTIFS($K:$K,B$23,$O:$O,$A30) -> 0 | C30: =COUNTIFS($K:$K,C$23,$O:$O,$A30) -> 0 | D30: =COUNTIFS($K:$K,D$23,$O:$O,$A30) -> 0 | E30: =SUM(B30:D30) -> 0
A32: Test Case ID | B32: Function | C32: Group Tests | D32: Risk Level | E32: Test Case Title | F32: Pre-conditions | G32: Test Steps | H32: Test Data | I32: Expected result | J32: Environment | K32: Priority | L32: Regression | M32: Automation | N32: 1st Test Results | O32: 2nd Test Results | P32: 3rd Test Results | Q32: Automation Test Results | R32: Actual result | S32: BugID | T32: Note
A33: NHÓM FUNCTION - Common
A34: AML_API_EP_01 | B34: NHÓM FUNCTION | C34: Common | D34: High | E34: Kiểm tra gọi API sàng lọc thành công với method POST, endpoint và Basic Auth hợp lệ | F34: - User/Quyền: Tài khoản tích hợp AML (Basic Auth YWE6YmI=) còn hiệu lực, có quyền gọi API sàng lọc giao dịch - Trạng thái hệ thống: Service transaction-screening đang chạy trên SIT (https://10.0.137.75:7001); hệ thống EDQ sẵn sàng nhận yêu cầu sàng lọc; không verify DB ([ASSUMPTION: không có tài liệu DB connection]) - Dữ liệu có sẵn: điện mẫu hợp lệ theo transactionType đang test; transactionId = TF_EP_001 | G34: 1. Gửi POST request tới API transaction-screening với method POST, endpoint và Basic Auth hợp lệ. 2. Kiểm tra thông tin HTTP Status và Response Body trả về. | H34: - Endpoint: POST https://10.0.137.75:7001/transaction-screening/v1/transaction-screening - Headers: Content-Type: application/json transactionId: TF_EP_001 requestId: REQ_TF_EP_001 transactionType: MT channel: T24 isCallBack: N requestUserId: 1 Cookie: JSESSIONID=y2YyMBjrxzc7dswUyMO_K0_EX5gYVjC42KjbIC1m8U3Wr_WC059j!663991662 branchCd: VN0001001 Authorization: Basic YWE6YmI= - Body: {1:F01MCOBVNVXAXXX0000000000} {2:O1951201260724BFICCUHHAXXX00010000012607241201N} {3:{108:MT195TEST0001}} {4: :20:QRY2607240001 :21:NONREF :75:PLEASE CONFIRM -}{5:{MAC:00000000}{CHK:1A2B3C4D5E6F}} | I34: 2. Kiểm tra thông tin HTTP Status trả về: 200 OK - Json trả về có kết quả sàng lọc: result = No-HIT hoặc HIT, errorCode = null, score = score - Json có dạng theo format: { "result": "No-HIT hoặc HIT", "transactionType": "transactionType", "score": "score", "groupMessageId": "groupMessageId", "requestId": "requestId", "processDate": "processDate", "channel": "channel", "errorCode": null, "errorDetail": null, "alertId": "alertId", "transactionId": "transactionId", "branchCd": "branchCd" } | J34: SIT | K34: High | L34: Yes | M34: Yes | N34: Untested | O34: Passed | P34: Untested
A35: AML_API_HDR_01 | B35: NHÓM FUNCTION | C35: Common | D35: High | E35: Kiểm tra gọi API sàng lọc thành công với đầy đủ 7 tham số header bắt buộc | F35: - User/Quyền: Tài khoản tích hợp AML (Basic Auth YWE6YmI=) còn hiệu lực, có quyền gọi API sàng lọc giao dịch - Trạng thái hệ thống: Service transaction-screening đang chạy trên SIT (https://10.0.137.75:7001); hệ thống EDQ sẵn sàng nhận yêu cầu sàng lọc; không verify DB ([ASSUMPTION: không có tài liệu DB connection]) - Dữ liệu có sẵn: điện mẫu hợp lệ theo transactionType đang test; transactionId = TF_HDR_001; MT body đúng format | G35: 1. Gửi POST request tới API transaction-screening với đầy đủ 7 tham số header bắt buộc. 2. Kiểm tra thông tin HTTP Status và Response Body trả về. | H35: - Endpoint: POST https://10.0.137.75:7001/transaction-screening/v1/transaction-screening - Headers: Content-Type: application/json transactionId: TF_HDR_001 requestId: REQ_TF_HDR_001 transactionType: MT channel: T24 isCallBack: N requestUserId: 1 Cookie: JSESSIONID=y2YyMBjrxzc7dswUyMO_K0_EX5gYVjC42KjbIC1m8U3Wr_WC059j!663991662 branchCd: VN0001001 Authorization: Basic YWE6YmI= - Body: {1:F01MCOBVNVXAXXX0000000000} {2:O1951201260724BFICCUHHAXXX00010000012607241201N} {3:{108:MT195TEST0001}} {4: :20:QRY2607240001 :21:NONREF :75:PLEASE CONFIRM -}{5:{MAC:00000000}{CHK:1A2B3C4D5E6F}} | I35: 2. Kiểm tra thông tin HTTP Status trả về: 200 OK - Json trả về có kết quả sàng lọc: result = No-HIT hoặc HIT, errorCode = null, score = score - Json có dạng theo format: { "result": "No-HIT hoặc HIT", "transactionType": "transactionType", "score": "score", "groupMessageId": "groupMessageId", "requestId": "requestId", "processDate": "processDate", "channel": "channel", "errorCode": null, "errorDetail": null, "alertId": "alertId", "transactionId": "transactionId", "branchCd": "branchCd" } | J35: SIT | K35: High | L35: Yes | M35: Yes | N35: Untested | O35: Passed | P35: Untested
A36: AML_API_NF_08 | B36: NHÓM FUNCTION | C36: Common | D36: High | E36: Kiểm tra API parse thành công điện hợp lệ với cả 6 giá trị transactionType | F36: - User/Quyền: Tài khoản tích hợp AML (Basic Auth YWE6YmI=) còn hiệu lực, có quyền gọi API sàng lọc giao dịch - Trạng thái hệ thống: Service transaction-screening đang chạy trên SIT (https://10.0.137.75:7001); hệ thống EDQ sẵn sàng nhận yêu cầu sàng lọc; không verify DB ([ASSUMPTION: không có tài liệu DB connection]) - Dữ liệu có sẵn: điện mẫu MX_IN hợp lệ, đầy đủ toàn bộ trường mandatory theo chuẩn; Body hợp lệ cho từng loại | G36: 1. Gửi POST request tới API transaction-screening với cả 6 giá trị transactionType. 2. Kiểm tra thông tin HTTP Status và Response Body trả về. | H36: - Endpoint: POST https://10.0.137.75:7001/transaction-screening/v1/transaction-screening - Headers: Content-Type: application/json transactionId: TF_AML_API_NF_08 requestId: REQ_AML_API_NF_08 transactionType: lần lượt MT, MX_IN, MX_OUT, MSB001, MSB002, MSB003 (6 request riêng biệt) channel: T24 isCallBack: N requestUserId: 1 Cookie: JSESSIONID=y2YyMBjrxzc7dswUyMO_K0_EX5gYVjC42KjbIC1m8U3Wr_WC059j!663991662 branchCd: VN0001001 Authorization: Basic YWE6YmI= - Ghi chú: Body: điện hợp lệ tương ứng từng transactionType (SWIFT MT / XML MX / JSON MSB001 / JSON MSB002 / JSON Array MSB003) - Body: {1:F01MCOBVNVXAXXX0000000000} {2:O2951201260724BFICCUHHAXXX00010000012607241201N} {3:{108:MT295TEST0001}} {4: :20:QRY2607240001 :21:NONREF :75:PLEASE CONFIRM STATUS OF TRANSACTION -}{5:{MAC:00000000}{CHK:1A2B3C4D5E6F}} | I36: 2. Kiểm tra thông tin HTTP Status trả về: 200 OK (cho cả 6 requests) - Json trả về có thông báo lỗi: errorCode = 00 cho cả 6 - transactionType echo đúng trong mỗi response - Smoke test: hệ thống xử lý được tất cả loại điện - Json có dạng theo format: { "errorCode": "00 cho cả 6" } | J36: SIT | K36: High | L36: Yes | M36: Yes | N36: Untested | O36: Passed | P36: Untested
A37: AML_API_NF_01 | B37: NHÓM FUNCTION | C37: Common | D37: High | E37: Kiểm tra API xử lý thành công khi 'channel' tại biên trên (Max = 100 ký tự) | F37: - User/Quyền: Tài khoản tích hợp AML (Basic Auth YWE6YmI=) còn hiệu lực, có quyền gọi API sàng lọc giao dịch - Trạng thái hệ thống: Service transaction-screening đang chạy trên SIT (https://10.0.137.75:7001); hệ thống EDQ sẵn sàng nhận yêu cầu sàng lọc; không verify DB ([ASSUMPTION: không có tài liệu DB connection]) - Dữ liệu có sẵn: điện mẫu hợp lệ theo transactionType đang test; transactionId = TF_NF_003 | G37: 1. Gửi POST request tới API transaction-screening với 'channel' tại biên trên (Max = 100 ký tự). 2. Kiểm tra thông tin HTTP Status và Response Body trả về. | H37: - Endpoint: POST https://10.0.137.75:7001/transaction-screening/v1/transaction-screening - Headers: Content-Type: application/json transactionId: TF_NF_003 requestId: REQ_TF_NF_003 transactionType: MT channel: CCCCCCCCCCCCCCCCCCCCCCCCCCCCCCCCCCCCCCCCCCCCCCCCCCCCCCCCCCCCCCCCCCCCCCCCCCCCCCCCCCCCCCCCCCCCCCCCCCCC isCallBack: N requestUserId: 1 Cookie: JSESSIONID=y2YyMBjrxzc7dswUyMO_K0_EX5gYVjC42KjbIC1m8U3Wr_WC059j!663991662 branchCd: VN0001001 Authorization: Basic YWE6YmI= - Body: {1:F01MCOBVNVXAXXX0000000000} {2:O2021201260724BFICCUHHAXXX00010000012607241201N} {3:{108:MT202TEST0001}} {4: :20:MT202 :21:SENDEREFERENC001 :32A:170623CNY5000 :58D:/B/BENEFICIARYINST MAJESTUALIDAQ CUBA :72:PHONBEN -} {5:{MAC:12345678}{CHK:123456789ABC}} | I37: 2. Kiểm tra thông tin HTTP Status trả về: 200 OK - Json trả về có kết quả sàng lọc: result = No-HIT hoặc HIT, errorCode = 00 - varchar2(100): giá trị tối đa được chấp nhận - Json có dạng theo format: { "result": "No-HIT hoặc HIT", "errorCode": 00 } | J37: SIT | K37: Medium | L37: Yes | M37: Yes | N37: Untested | O37: Passed | P37: Untested
A38: AML_API_NF_02 | B38: NHÓM FUNCTION | C38: Common | D38: High | E38: Kiểm tra API xử lý thành công khi 'transactionId' tại biên trên (Max = 100 ký tự) | F38: - User/Quyền: Tài khoản tích hợp AML (Basic Auth YWE6YmI=) còn hiệu lực, có quyền gọi API sàng lọc giao dịch - Trạng thái hệ thống: Service transaction-screening đang chạy trên SIT (https://10.0.137.75:7001); hệ thống EDQ sẵn sàng nhận yêu cầu sàng lọc; không verify DB ([ASSUMPTION: không có tài liệu DB connection]) - Dữ liệu có sẵn: điện mẫu hợp lệ theo transactionType đang test; transactionId = TTTTTTTTTTTTTTTTTTTTTTTTTTTTTTTTTTTTTTTTTTTTTTTTTTTTTTTTTTTTTTTTTTTTTTTTTTTTTTTTTTTTTTTTTTTTTTTTTTTT; Auth hop le va con han | G38: 1. Gửi POST request tới API transaction-screening với 'transactionId' tại biên trên (Max = 100 ký tự). 2. Kiểm tra thông tin HTTP Status và Response Body trả về. | H38: - Endpoint: POST https://10.0.137.75:7001/transaction-screening/v1/transaction-screening - Headers: Content-Type: application/json transactionId: TTTTTTTTTTTTTTTTTTTTTTTTTTTTTTTTTTTTTTTTTTTTTTTTTTTTTTTTTTTTTTTTTTTTTTTTTTTTTTTTTTTTTTTTTTTTTTTTTTTT requestId: REQ_TF_NEW_P3_006 transactionType: MT channel: T24 isCallBack: N requestUserId: 1 Cookie: JSESSIONID=y2YyMBjrxzc7dswUyMO_K0_EX5gYVjC42KjbIC1m8U3Wr_WC059j!663991662 branchCd: VN0001001 Authorization: Basic YWE6YmI= - Body: {1:F01MCOBVNVXAXXX0000000000} {2:O1951201260724BFICCUHHAXXX00010000012607241201N} {3:{108:MT195TEST0001}} {4: :20:QRY2607240001 :21:NONREF :75:PLEASE CONFIRM -}{5:{MAC:00000000}{CHK:1A2B3C4D5E6F}} | I38: 2. Kiểm tra thông tin HTTP Status trả về: 200 OK - Json trả về có kết quả sàng lọc: result = No-HIT hoặc HIT, errorCode = 00 - varchar2(100): giá trị tối đa được chấp nhận - Json có dạng theo format: { "result": "No-HIT hoặc HIT", "errorCode": 00 } | J38: SIT | K38: Medium | L38: Yes | M38: Yes | N38: Untested | O38: Passed | P38: Untested
A39: AML_API_NF_03 | B39: NHÓM FUNCTION | C39: Common | D39: High | E39: Kiểm tra API xử lý thành công khi 'requestId' tại biên trên (Max = 100 ký tự) | F39: - User/Quyền: Tài khoản tích hợp AML (Basic Auth YWE6YmI=) còn hiệu lực, có quyền gọi API sàng lọc giao dịch - Trạng thái hệ thống: Service transaction-screening đang chạy trên SIT (https://10.0.137.75:7001); hệ thống EDQ sẵn sàng nhận yêu cầu sàng lọc; không verify DB ([ASSUMPTION: không có tài liệu DB connection]) - Dữ liệu có sẵn: điện mẫu hợp lệ theo transactionType đang test; transactionId = TF_NEW_P3_007; Auth hop le va con han | G39: 1. Gửi POST request tới API transaction-screening với 'requestId' tại biên trên (Max = 100 ký tự). 2. Kiểm tra thông tin HTTP Status và Response Body trả về. | H39: - Endpoint: POST https://10.0.137.75:7001/transaction-screening/v1/transaction-screening - Headers: Content-Type: application/json transactionId: TF_NEW_P3_007 requestId: TTTTTTTTTTTTTTTTTTTTTTTTTTTTTTTTTTTTTTTTTTTTTTTTTTTTTTTTTTTTTTTTTTTTTTTTTTTTTTTTTTTTTTTTTTTTTTTTTTTT transactionType: MT channel: T24 isCallBack: N requestUserId: 1 Cookie: JSESSIONID=y2YyMBjrxzc7dswUyMO_K0_EX5gYVjC42KjbIC1m8U3Wr_WC059j!663991662 branchCd: VN0001001 Authorization: Basic YWE6YmI= - Body: {1:F01MCOBVNVXAXXX0000000000} {2:O1951201260724BFICCUHHAXXX00010000012607241201N} {3:{108:MT195TEST0001}} {4: :20:QRY2607240001 :21:NONREF :75:PLEASE CONFIRM -}{5:{MAC:00000000}{CHK:1A2B3C4D5E6F}} | I39: 2. Kiểm tra thông tin HTTP Status trả về: 200 OK - Json trả về có kết quả sàng lọc: result = No-HIT hoặc HIT, errorCode = 00 - varchar2(100): giá trị tối đa được chấp nhận - Json có dạng theo format: { "result": "No-HIT hoặc HIT", "errorCode": 00 } | J39: SIT | K39: Medium | L39: Yes | M39: Yes | N39: Untested | O39: Passed | P39: Untested
A40: AML_API_NF_04 | B40: NHÓM FUNCTION | C40: Common | D40: High | E40: Kiểm tra API xử lý thành công khi 'branchCd' tại biên trên (Max = 50 ký tự) | F40: - User/Quyền: Tài khoản tích hợp AML (Basic Auth YWE6YmI=) còn hiệu lực, có quyền gọi API sàng lọc giao dịch - Trạng thái hệ thống: Service transaction-screening đang chạy trên SIT (https://10.0.137.75:7001); hệ thống EDQ sẵn sàng nhận yêu cầu sàng lọc; không verify DB ([ASSUMPTION: không có tài liệu DB connection]) - Dữ liệu có sẵn: điện mẫu hợp lệ theo transactionType đang test; transactionId = TF_NEW_P3_008; Auth hop le va con han | G40: 1. Gửi POST request tới API transaction-screening với 'branchCd' tại biên trên (Max = 50 ký tự). 2. Kiểm tra thông tin HTTP Status và Response Body trả về. | H40: - Endpoint: POST https://10.0.137.75:7001/transaction-screening/v1/transaction-screening - Headers: Content-Type: application/json transactionId: TF_NEW_P3_008 requestId: REQ_TF_NEW_P3_008 transactionType: MT channel: T24 isCallBack: N requestUserId: 1 Cookie: JSESSIONID=y2YyMBjrxzc7dswUyMO_K0_EX5gYVjC42KjbIC1m8U3Wr_WC059j!663991662 branchCd: BBBBBBBBBBBBBBBBBBBBBBBBBBBBBBBBBBBBBBBBBBBBBBBBBB Authorization: Basic YWE6YmI= - Body: {1:F01MCOBVNVXAXXX0000000000} {2:O1951201260724BFICCUHHAXXX00010000012607241201N} {3:{108:MT195TEST0001}} {4: :20:QRY2607240001 :21:NONREF :75:PLEASE CONFIRM -}{5:{MAC:00000000}{CHK:1A2B3C4D5E6F}} | I40: 2. Kiểm tra thông tin HTTP Status trả về: 200 OK - Json trả về có kết quả sàng lọc: result = No-HIT hoặc HIT, errorCode = 00 - varchar2(100): giá trị tối đa được chấp nhận - Json có dạng theo format: { "result": "No-HIT hoặc HIT", "errorCode": 00 } | J40: SIT | K40: Medium | L40: Yes | M40: Yes | N40: Untested | O40: Passed | P40: Untested
A41: AML_API_NF_05 | B41: NHÓM FUNCTION | C41: Common | D41: High | E41: Kiểm tra API phân biệt đúng nghiệp vụ khi cùng body nhưng khác transactionType (MSB001 vs MSB002) | F41: - User/Quyền: Tài khoản tích hợp AML (Basic Auth YWE6YmI=) còn hiệu lực, có quyền gọi API sàng lọc giao dịch - Trạng thái hệ thống: Service transaction-screening đang chạy trên SIT (https://10.0.137.75:7001); hệ thống EDQ sẵn sàng nhận yêu cầu sàng lọc; không verify DB ([ASSUMPTION: không có tài liệu DB connection]) - Dữ liệu có sẵn: điện mẫu MSB001 hợp lệ, đầy đủ toàn bộ trường mandatory theo chuẩn; transactionId = TF_NF_008; Body MSB001 và MSB002 có cùng schema nhưng key khác | G41: 1. Gửi POST request tới API transaction-screening với cùng body nhưng khác transactionType (MSB001 vs MSB002). 2. Kiểm tra thông tin HTTP Status và Response Body trả về. | H41: - Endpoint: POST https://10.0.137.75:7001/transaction-screening/v1/transaction-screening - Headers: Content-Type: application/json transactionId: TF_NF_008 requestId: REQ_TF_NF_008 transactionType: MSB001 channel: T24 isCallBack: N requestUserId: 1 Cookie: JSESSIONID=y2YyMBjrxzc7dswUyMO_K0_EX5gYVjC42KjbIC1m8U3Wr_WC059j!663991662 branchCd: VN0001001 Authorization: Basic YWE6YmI= - Body: { "Bank01": { "MSB001": { "Sender": {"FullName":"TRAN VAN SENDER","DOB":"1985-05-20", "Nationalities":[{"SenderCitizenship":"VN"}], "Id":[{"IdNumber":"037085001234"}], "ResidenceAddress":[{"Address":"123 Nguyen Trai, Ha Noi","Country":"VN"}]}, "Receiver": {"FullName":"JOHN RECEIVER SMITH","DOB":"1990-11-12", "Nationalities":[{"Citizenship":"US"}], "Id":[{"IdNumber":"A12345678"}], "ResidenceAddress":[{"Address":"456 Broadway, New York","Country":"US"}]}, "BeneficiaryBankName":"VIETCOMBANK HO CHI MINH", "BeneficiaryBankBicCode":"BFTVBNVX002","BeneficiaryBankCountry":"VN", "RemittingBankName":"CITIBANK NEW YORK", "RemittingBankBicCode":"CITIUS33XXX","RemittingBankCountry":"US" } } } | I41: 2. Kiểm tra thông tin HTTP Status trả về: 200 OK ((cả 2 lần)) - Lần 1 (MSB001): result=No-HIT/HIT, errorCode=00 - Lần 2 (MSB002): result=No-HIT/HIT, errorCode=00 - Verify: transactionType echo đúng trong mỗi response - Json có dạng theo format: [PENDING_DOC] — TC gốc/PTTK không mô tả cấu trúc response | J41: SIT | K41: Medium | L41: Yes | M41: Yes | N41: Untested | O41: Passed | P41: Untested
A42: NHÓM FUNCTION - MT
A43: AML_API_MT_01 | B43: NHÓM FUNCTION | C43: MT | D43: High | E43: Kiểm tra gọi API sàng lọc thành công với dien MT ket qua No-HIT | F43: - User/Quyền: Tài khoản tích hợp AML (Basic Auth YWE6YmI=) còn hiệu lực, có quyền gọi API sàng lọc giao dịch - Trạng thái hệ thống: Service transaction-screening đang chạy trên SIT (https://10.0.137.75:7001); hệ thống EDQ sẵn sàng nhận yêu cầu sàng lọc; không verify DB ([ASSUMPTION: không có tài liệu DB connection]) - Dữ liệu có sẵn: điện mẫu hợp lệ theo transactionType đang test; transactionId = TF_MT_001; Body MT đúng format SWIFT; Thông tin điện không có match cấm vận | G43: 1. Gửi POST request tới API transaction-screening với dien MT ket qua No-HIT. 2. Kiểm tra thông tin HTTP Status và Response Body trả về. | H43: - Endpoint: POST https://10.0.137.75:7001/transaction-screening/v1/transaction-screening - Headers: Content-Type: application/json transactionId: TF_MT_001 requestId: REQ_TF_MT_001 transactionType: MT channel: T24 isCallBack: N requestUserId: 1 Cookie: JSESSIONID=y2YyMBjrxzc7dswUyMO_K0_EX5gYVjC42KjbIC1m8U3Wr_WC059j!663991662 branchCd: VN0001001 Authorization: Basic YWE6YmI= - Body: {1:F01MCOBVNVXAXXX0000000000} {2:O1961201260724BFICCUHHAXXX00010000012607241201N} {3:{108:MT196TEST0001}} {4: :20:ANS2607240002 :21:NONREF :76:00998877663 :77A:00998877663 :79:00998877663 -}{5:{MAC:00000000}{CHK:1A2B3C4D5E6F}} | I43: 2. Kiểm tra thông tin HTTP Status trả về: 200 OK [ASSUMPTION: TC gốc chỉ mô tả nội dung response, không nêu HTTP Status; API trả HTTP 200 cho mọi kết quả nghiệp vụ theo các TC cùng nhóm] - Json trả về có kết quả sàng lọc: result = "NO HIT", errorCode = null, score = 0 - Json có dạng theo format: { "transactionType": "transactionType", "result": "NO HIT", "score": 0, "groupMessageId": "groupMessageId", "requestId": "requestId", "processDate": "dd-mm-yyyy hh:mi:ss", "channel": "channel", "errorCode": null, "errorDetail": null, "alertId": "alertId", "transactionId": "transactionId", "branchCd": "branchCd" } | J43: SIT | K43: High | L43: Yes | M43: Yes | N43: Untested | O43: Passed | P43: Untested
A44: AML_API_MT_02 | B44: NHÓM FUNCTION | C44: MT | D44: High | E44: Kiểm tra API trả về kết quả sàng lọc HIT thành công với điện MT | F44: - User/Quyền: Tài khoản tích hợp AML (Basic Auth YWE6YmI=) còn hiệu lực, có quyền gọi API sàng lọc giao dịch - Trạng thái hệ thống: Service transaction-screening đang chạy trên SIT (https://10.0.137.75:7001); hệ thống EDQ sẵn sàng nhận yêu cầu sàng lọc; không verify DB ([ASSUMPTION: không có tài liệu DB connection]) - Dữ liệu có sẵn: điện mẫu hợp lệ theo transactionType đang test; transactionId = TF_MT_002; Body MT có tên/thông tin nằm trong danh sách cấm vận; (Không phải Knock-out country) | G44: 1. Gửi POST request tới API transaction-screening với điện MT (kỳ vọng kết quả HIT). 2. Kiểm tra thông tin HTTP Status và Response Body trả về. | H44: - Endpoint: POST https://10.0.137.75:7001/transaction-screening/v1/transaction-screening - Headers: Content-Type: application/json transactionId: TF_MT_002 requestId: REQ_TF_MT_002 transactionType: MT channel: T24 isCallBack: N requestUserId: 1 Cookie: JSESSIONID=y2YyMBjrxzc7dswUyMO_K0_EX5gYVjC42KjbIC1m8U3Wr_WC059j!663991662 branchCd: VN0001001 Authorization: Basic YWE6YmI= - Body: {1:F01MCOBVNVXAXXX0000000000} {2:O1961201260724BFICCUHHAXXX00010000012607241201N} {3:{108:MT196TEST0001}} {4: :20:ANS2607240002 :21:NONREF :76:00998877663 :77A:00998877663 :79:00998877663 -}{5:{MAC:00000000}{CHK:1A2B3C4D5E6F}} | I44: 2. Kiểm tra thông tin HTTP Status trả về: 200 OK [ASSUMPTION: TC gốc chỉ mô tả nội dung response, không nêu HTTP Status; API trả HTTP 200 cho mọi kết quả nghiệp vụ theo các TC cùng nhóm] - Json trả về có kết quả sàng lọc: result = "HIT", errorCode = null, score = score - Json có dạng theo format: { "transactionType": "transactionType", "result": "HIT", "score": "score", "groupMessageId": "groupMessageId", "requestId": "requestId", "processDate": "dd-mm-yyyy hh:mi:ss", "channel": "channel", "errorCode": null, "errorDetail": null, "alertId": "alertId", "transactionId": "transactionId", "branchCd": "branchCd" } | J44: SIT | K44: High | L44: Yes | M44: Yes | N44: Untested | O44: Passed | P44: Untested
A45: AML_API_MT_03 | B45: NHÓM FUNCTION | C45: MT | D45: High | E45: Kiểm tra API trả về kết quả sàng lọc KNOCKED-OUT thành công với điện MT | F45: - User/Quyền: Tài khoản tích hợp AML (Basic Auth YWE6YmI=) còn hiệu lực, có quyền gọi API sàng lọc giao dịch - Trạng thái hệ thống: Service transaction-screening đang chạy trên SIT (https://10.0.137.75:7001); hệ thống EDQ sẵn sàng nhận yêu cầu sàng lọc; không verify DB ([ASSUMPTION: không có tài liệu DB connection]) - Dữ liệu có sẵn: điện mẫu hợp lệ theo transactionType đang test; transactionId = TF_MT_003; Body MT có quốc gia nằm trong danh sách Knock-out; (Ví dụ: CUBA trong :58D) | G45: 1. Gửi POST request tới API transaction-screening với điện MT (kỳ vọng kết quả KNOCKED-OUT). 2. Kiểm tra thông tin HTTP Status và Response Body trả về. | H45: - Endpoint: POST https://10.0.137.75:7001/transaction-screening/v1/transaction-screening - Headers: Content-Type: application/json transactionId: TF_MT_003 requestId: REQ_TF_MT_003 transactionType: MT channel: T24 isCallBack: N requestUserId: 1 Cookie: JSESSIONID=y2YyMBjrxzc7dswUyMO_K0_EX5gYVjC42KjbIC1m8U3Wr_WC059j!663991662 branchCd: VN0001001 Authorization: Basic YWE6YmI= - Body: {1:F01MCOBVNVXAXXX0000000000} {2:O2021201260724BFICCUHHAXXX00010000012607241201N} {3:{108:MT202TEST0001}} {4: :20:MT202 :21:SENDEREFERENC001 :32A:170623CNY5000 :58D:/B/BENEFICIARYINST MAJESTUALIDAQ CUBA :72:PHONBEN -} {5:{MAC:12345678}{CHK:123456789ABC}} | I45: 2. Kiểm tra thông tin HTTP Status trả về: 200 OK - Json trả về có kết quả sàng lọc: result = "KNOCKED-OUT", errorCode = "00", score = score - Json có dạng theo format: { "transactionType": "transactionType", "result": "KNOCKED-OUT", "score": "score", "groupMessageId": "groupMessageId", "requestId": "requestId", "processDate": "processDate", "channel": "channel", "errorCode": "00", "errorDetail": "No error", "alertId": "alertId", "transactionId": "transactionId", "branchCd": "branchCd" } | J45: SIT | K45: High | L45: Yes | M45: Yes | N45: Untested | O45: Passed | P45: Untested
A46: NHÓM FUNCTION - MX
A47: AML_API_MX_01 | B47: NHÓM FUNCTION | C47: MX | D47: High | E47: Kiểm tra gọi API sàng lọc thành công với dien MX_IN ket qua No-HIT | F47: - User/Quyền: Tài khoản tích hợp AML (Basic Auth YWE6YmI=) còn hiệu lực, có quyền gọi API sàng lọc giao dịch - Trạng thái hệ thống: Service transaction-screening đang chạy trên SIT (https://10.0.137.75:7001); hệ thống EDQ sẵn sàng nhận yêu cầu sàng lọc; không verify DB ([ASSUMPTION: không có tài liệu DB connection]) - Dữ liệu có sẵn: điện mẫu MX_IN hợp lệ, đầy đủ toàn bộ trường mandatory theo chuẩn; transactionId = TF_MX_001; XML MX đúng schema ISO 20022; Không có match cấm vận | G47: 1. Gửi POST request tới API transaction-screening với dien MX_IN ket qua No-HIT. 2. Kiểm tra thông tin HTTP Status và Response Body trả về. | H47: - Endpoint: POST https://10.0.137.75:7001/transaction-screening/v1/transaction-screening - Headers: Content-Type: application/json transactionId: TF_MX_001 requestId: REQ_TF_MX_001 transactionType: MX_IN channel: T24 isCallBack: N requestUserId: 1 Cookie: JSESSIONID=y2YyMBjrxzc7dswUyMO_K0_EX5gYVjC42KjbIC1m8U3Wr_WC059j!663991662 branchCd: VN0001001 Authorization: Basic YWE6YmI= - Body: <?xml version="1.0" encoding="UTF-8"?> <Document xmlns="urn:iso:std:iso:20022:tech:xsd:pacs.004.001.09"> <PmtRtr> <GrpHdr> <MsgId>REF2607240001</MsgId> <CreDtTm>2026-07-24T10:00:00</CreDtTm> <NbOfTxs>1</NbOfTxs> <SttlmInf> <SttlmMtd>INDA</SttlmMtd> </SttlmInf> </GrpHdr> <TxInf> <RtrdIntrBkSttlmAmt Ccy="USD">50000.00</RtrdIntrBkSttlmAmt> <RtrChain> <UltmtDbtr> <Pty> <Nm>EMBEREMBER</Nm> </Pty> </UltmtDbtr> <Dbtr> <Pty> <Nm>MEKONG TRADING JOINT STOCK CO</Nm> </Pty> </Dbtr> <Cdtr> <Pty> <Nm>SUNRISE IMPORT EXPORT PTE LTD</Nm> </Pty> </Cdtr> </RtrChain> </TxInf> </PmtRtr> </Document> | I47: 2. Kiểm tra thông tin HTTP Status trả về: 200 OK [ASSUMPTION: TC gốc chỉ mô tả nội dung response, không nêu HTTP Status; API trả HTTP 200 cho mọi kết quả nghiệp vụ theo các TC cùng nhóm] - Json trả về có kết quả sàng lọc: result = "NO HIT", errorCode = null, score = 0 - Json có dạng theo format: { "transactionType": "transactionType", "result": "NO HIT", "score": 0, "groupMessageId": null, "requestId": "requestId", "processDate": "processDate", "channel": "channel", "errorCode": null, "errorDetail": null, "alertId": null, "transactionId": "transactionId", "branchCd": "branchCd" } | J47: SIT | K47: High | L47: Yes | M47: Yes | N47: Untested | O47: Passed | P47: Untested
A48: AML_API_MX_02 | B48: NHÓM FUNCTION | C48: MX | D48: High | E48: Kiểm tra gọi API sàng lọc thành công với dien MX_OUT ket qua No-HIT | F48: - User/Quyền: Tài khoản tích hợp AML (Basic Auth YWE6YmI=) còn hiệu lực, có quyền gọi API sàng lọc giao dịch - Trạng thái hệ thống: Service transaction-screening đang chạy trên SIT (https://10.0.137.75:7001); hệ thống EDQ sẵn sàng nhận yêu cầu sàng lọc; không verify DB ([ASSUMPTION: không có tài liệu DB connection]) - Dữ liệu có sẵn: điện mẫu MX_OUT hợp lệ, đầy đủ toàn bộ trường mandatory theo chuẩn; transactionId = TF_MX_002; XML MX đúng schema ISO 20022; Không có match cấm vận | G48: 1. Gửi POST request tới API transaction-screening với dien MX_OUT ket qua No-HIT. 2. Kiểm tra thông tin HTTP Status và Response Body trả về. | H48: - Endpoint: POST https://10.0.137.75:7001/transaction-screening/v1/transaction-screening - Headers: Content-Type: application/json transactionId: TF_MX_002 requestId: REQ_TF_MX_002 transactionType: MX_OUT channel: T24 isCallBack: N requestUserId: 1 Cookie: JSESSIONID=y2YyMBjrxzc7dswUyMO_K0_EX5gYVjC42KjbIC1m8U3Wr_WC059j!663991662 branchCd: VN0001001 Authorization: Basic YWE6YmI= - Body: <?xml version="1.0" encoding="UTF-8"?> <Document xmlns="urn:iso:std:iso:20022:tech:xsd:pacs.004.001.09"> <PmtRtr> <GrpHdr> <MsgId>REF2607240001</MsgId> <CreDtTm>2026-07-24T10:00:00</CreDtTm> <NbOfTxs>1</NbOfTxs> <SttlmInf> <SttlmMtd>INDA</SttlmMtd> </SttlmInf> </GrpHdr> <TxInf> <RtrdIntrBkSttlmAmt Ccy="USD">50000.00</RtrdIntrBkSttlmAmt> <RtrChain> <UltmtDbtr> <Pty> <Nm>EMBEREMBER</Nm> </Pty> </UltmtDbtr> <Dbtr> <Pty> <Nm>MEKONG TRADING JOINT STOCK CO</Nm> </Pty> </Dbtr> <Cdtr> <Pty> <Nm>SUNRISE IMPORT EXPORT PTE LTD</Nm> </Pty> </Cdtr> </RtrChain> </TxInf> </PmtRtr> </Document> | I48: 2. Kiểm tra thông tin HTTP Status trả về: 200 OK [ASSUMPTION: TC gốc chỉ mô tả nội dung response, không nêu HTTP Status; API trả HTTP 200 cho mọi kết quả nghiệp vụ theo các TC cùng nhóm] - Json trả về có kết quả sàng lọc: result = "NO HIT", errorCode = null, score = 0 - Json có dạng theo format: { "transactionType": "transactionType", "result": "NO HIT", "score": 0, "groupMessageId": null, "requestId": "requestId", "processDate": "processDate", "channel": "channel", "errorCode": null, "errorDetail": null, "alertId": null, "transactionId": "transactionId", "branchCd": "branchCd" } | J48: SIT | K48: High | L48: Yes | M48: Yes | N48: Untested | O48: Passed | P48: Untested
A49: AML_API_MX_03 | B49: NHÓM FUNCTION | C49: MX | D49: High | E49: Kiểm tra API trả về kết quả sàng lọc HIT thành công với điện MX_IN | F49: - User/Quyền: Tài khoản tích hợp AML (Basic Auth YWE6YmI=) còn hiệu lực, có quyền gọi API sàng lọc giao dịch - Trạng thái hệ thống: Service transaction-screening đang chạy trên SIT (https://10.0.137.75:7001); hệ thống EDQ sẵn sàng nhận yêu cầu sàng lọc; không verify DB ([ASSUMPTION: không có tài liệu DB connection]) - Dữ liệu có sẵn: điện mẫu MX_IN hợp lệ, đầy đủ toàn bộ trường mandatory theo chuẩn; transactionId = TF_MX_003; XML có tên match danh sách cấm vận | G49: 1. Gửi POST request tới API transaction-screening với điện MX_IN (kỳ vọng kết quả HIT). 2. Kiểm tra thông tin HTTP Status và Response Body trả về. | H49: - Endpoint: POST https://10.0.137.75:7001/transaction-screening/v1/transaction-screening - Headers: Content-Type: application/json transactionId: TF_MX_003 requestId: REQ_TF_MX_003 transactionType: MX_IN channel: T24 isCallBack: N requestUserId: 1 Cookie: JSESSIONID=y2YyMBjrxzc7dswUyMO_K0_EX5gYVjC42KjbIC1m8U3Wr_WC059j!663991662 branchCd: VN0001001 Authorization: Basic YWE6YmI= - Body: <?xml version="1.0" encoding="UTF-8"?> <Document xmlns="urn:iso:std:iso:20022:tech:xsd:pacs.004.001.09"> <PmtRtr> <GrpHdr> <MsgId>REF2607240001</MsgId> <CreDtTm>2026-07-24T10:00:00</CreDtTm> <NbOfTxs>1</NbOfTxs> <SttlmInf> <SttlmMtd>INDA</SttlmMtd> </SttlmInf> </GrpHdr> <TxInf> <RtrdIntrBkSttlmAmt Ccy="USD">50000.00</RtrdIntrBkSttlmAmt> <RtrChain> <UltmtDbtr> <Pty> <Nm>SUMMIT EMBER</Nm> </Pty> </UltmtDbtr> <Dbtr> <Pty> <Nm>MEKONG TRADING JOINT STOCK CO</Nm> </Pty> </Dbtr> <Cdtr> <Pty> <Nm>SUNRISE IMPORT EXPORT PTE LTD</Nm> </Pty> </Cdtr> </RtrChain> </TxInf> </PmtRtr> </Document> | I49: 2. Kiểm tra thông tin HTTP Status trả về: 200 OK [ASSUMPTION: TC gốc chỉ mô tả nội dung response, không nêu HTTP Status; API trả HTTP 200 cho mọi kết quả nghiệp vụ theo các TC cùng nhóm] - Json trả về có kết quả sàng lọc: result = "HIT", errorCode = null, score = 0 - Json có dạng theo format: { "transactionType": "transactionType", "result": "HIT", "score": 0, "groupMessageId": null, "requestId": "requestId", "processDate": "processDate", "channel": "channel", "errorCode": null, "errorDetail": null, "alertId": null, "transactionId": "transactionId", "branchCd": "branchCd" } | J49: SIT | K49: High | L49: Yes | M49: Yes | N49: Untested | O49: Passed | P49: Untested
A50: AML_API_MX_04 | B50: NHÓM FUNCTION | C50: MX | D50: High | E50: Kiểm tra API trả về kết quả sàng lọc KNOCKED-OUT thành công với điện MX_IN | F50: - User/Quyền: Tài khoản tích hợp AML (Basic Auth YWE6YmI=) còn hiệu lực, có quyền gọi API sàng lọc giao dịch - Trạng thái hệ thống: Service transaction-screening đang chạy trên SIT (https://10.0.137.75:7001); hệ thống EDQ sẵn sàng nhận yêu cầu sàng lọc; không verify DB ([ASSUMPTION: không có tài liệu DB connection]) - Dữ liệu có sẵn: điện mẫu MX_IN hợp lệ, đầy đủ toàn bộ trường mandatory theo chuẩn; transactionId = TF_MX_004; XML có Ctry thuộc Knock-out list | G50: 1. Gửi POST request tới API transaction-screening với điện MX_IN (kỳ vọng kết quả KNOCKED-OUT). 2. Kiểm tra thông tin HTTP Status và Response Body trả về. | H50: - Endpoint: POST https://10.0.137.75:7001/transaction-screening/v1/transaction-screening - Headers: Content-Type: application/json transactionId: TF_MX_004 requestId: REQ_TF_MX_004 transactionType: MX_IN channel: T24 isCallBack: N requestUserId: 1 Cookie: JSESSIONID=y2YyMBjrxzc7dswUyMO_K0_EX5gYVjC42KjbIC1m8U3Wr_WC059j!663991662 branchCd: VN0001001 Authorization: Basic YWE6YmI= - Body: <?xml version='1.0' encoding='UTF-8'?> <Document xmlns="urn:iso:std:iso:20022:tech:xsd:pacs.004.001.09"> <PmtRtr> <GrpHdr> <MsgId>SE-MSG-004-PTY</MsgId> <CreDtTm>2026-07-28T13:31:41</CreDtTm> <NbOfTxs>1</NbOfTxs> <SttlmInf> <SttlmMtd>INDA</SttlmMtd> </SttlmInf> </GrpHdr> <TxInf> <RtrdIntrBkSttlmAmt Ccy="USD">1000.00</RtrdIntrBkSttlmAmt> <ChrgsInf> <Amt Ccy="USD">10.00</Amt> <Agt> <FinInstnId> <BICFI>BFICCUHH</BICFI> </FinInstnId> </Agt> </ChrgsInf> <InstgAgt> <FinInstnId> <BICFI>BFICCUHH</BICFI> </FinInstnId> </InstgAgt> <InstdAgt> <FinInstnId> <BICFI>BFICCUHH</BICFI> </FinInstnId> </InstdAgt> <RtrChain> <UltmtDbtr> <Pty> <Id> <OrgId> <AnyBIC>BFICCUHH</AnyBIC> </OrgId> </Id> </Pty> </UltmtDbtr> <Dbtr> <Pty> <Id> <OrgId> <AnyBIC>BFICCUHH</AnyBIC> </OrgId> </Id> </Pty> </Dbtr> <InitgPty> <Pty> <Id> <OrgId> <AnyBIC>BFICCUHH</AnyBIC> </OrgId> </Id> </Pty> </InitgPty> <DbtrAgt> <FinInstnId> <BICFI>BFICCUHH</BICFI> </FinInstnId> </DbtrAgt> <PrvsInstgAgt1> <FinInstnId> <BICFI>BFICCUHH</BICFI> </FinInstnId> </PrvsInstgAgt1> <PrvsInstgAgt2> <FinInstnId> <BICFI>BFICCUHH</BICFI> </FinInstnId> </PrvsInstgAgt2> <PrvsInstgAgt3> <FinInstnId> <BICFI>BFICCUHH</BICFI> </FinInstnId> </PrvsInstgAgt3> <IntrmyAgt1> <FinInstnId> <BICFI>BFICCUHH</BICFI> </FinInstnId> </IntrmyAgt1> <IntrmyAgt2> <FinInstnId> <BICFI>BFICCUHH</BICFI> </FinInstnId> </IntrmyAgt2> <IntrmyAgt3> <FinInstnId> <BICFI>BFICCUHH</BICFI> </FinInstnId> </IntrmyAgt3> <CdtrAgt> <FinInstnId> <BICFI>BFICCUHH</BICFI> </FinInstnId> </CdtrAgt> <Cdtr> <Pty> <Id> <OrgId> <AnyBIC>BFICCUHH</AnyBIC> </OrgId> </Id> </Pty> </Cdtr> <UltmtCdtr> <Pty> <Id> <OrgId> <AnyBIC>BFICCUHH</AnyBIC> </OrgId> </Id> </Pty> </UltmtCdtr> </RtrChain> <RtrRsnInf> <Orgtr> <Id> <OrgId> <AnyBIC>BFICCUHH</AnyBIC> </OrgId> </Id> </Orgtr> </RtrRsnInf> <OrgnlTxRef> <CdtrSchmeId> <Id> <OrgId> <AnyBIC>BFICCUHH</AnyBIC> </OrgId> </Id> </CdtrSchmeId> <SttlmInf> <SttlmMtd>INDA</SttlmMtd> <InstgRmbrsmntAgt> <FinInstnId> <BICFI>BFICCUHH</BICFI> </FinInstnId> </InstgRmbrsmntAgt> <InstdRmbrsmntAgt> <FinInstnId> <BICFI>BFICCUHH</BICFI> </FinInstnId> </InstdRmbrsmntAgt> <ThrdRmbrsmntAgt> <FinInstnId> <BICFI>BFICCUHH</BICFI> </FinInstnId> </ThrdRmbrsmntAgt> </SttlmInf> <RmtInf> <Strd> <Invcr> <Id> <OrgId> <AnyBIC>BFICCUHH</AnyBIC> </OrgId> </Id> </Invcr> <Invcee> <Id> <OrgId> <AnyBIC>BFICCUHH</AnyBIC> </OrgId> </Id> </Invcee> <GrnshmtRmt> <Tp> <CdOrPrtry> <Prtry>GARNISHMENT</Prtry> </CdOrPrtry> </Tp> <Grnshee> <Id> <OrgId> <AnyBIC>BFICCUHH</AnyBIC> </OrgId> </Id> </Grnshee> <GrnshmtAdmstr> <Id> <OrgId> <AnyBIC>BFICCUHH</AnyBIC> </OrgId> </Id> </GrnshmtAdmstr> </GrnshmtRmt> </Strd> </RmtInf> <UltmtDbtr> <Pty> <Id> <OrgId> <AnyBIC>BFICCUHH</AnyBIC> </OrgId> </Id> </Pty> </UltmtDbtr> <Dbtr> <Pty> <Id> <OrgId> <AnyBIC>BFICCUHH</AnyBIC> </OrgId> </Id> </Pty> </Dbtr> <DbtrAgt> <FinInstnId> <BICFI>BFICCUHH</BICFI> </FinInstnId> </DbtrAgt> <CdtrAgt> <FinInstnId> <BICFI>BFICCUHH</BICFI> </FinInstnId> </CdtrAgt> <Cdtr> <Pty> <Id> <OrgId> <AnyBIC>BFICCUHH</AnyBIC> </OrgId> </Id> </Pty> </Cdtr> <UltmtCdtr> <Pty> <Id> <OrgId> <AnyBIC>BFICCUHH</AnyBIC> </OrgId> </Id> </Pty> </UltmtCdtr> </OrgnlTxRef> </TxInf> </PmtRtr> </Document> | I50: 2. Kiểm tra thông tin HTTP Status trả về: 200 OK - Json trả về có kết quả sàng lọc: result = "KNOCKED-OUT", errorCode = "00", score = score - Json có dạng theo format: { "transactionType": "transactionType", "result": "KNOCKED-OUT", "score": "score", "groupMessageId": "groupMessageId", "requestId": "requestId", "processDate": "processDate", "channel": "channel", "errorCode": "00", "errorDetail": "No error", "alertId": "alertId", "transactionId": "transactionId", "branchCd": "branchCd" } | J50: SIT | K50: High | L50: Yes | M50: Yes | N50: Untested | O50: Passed | P50: Untested
A51: AML_API_MX_06 | B51: NHÓM FUNCTION | C51: MX | D51: High | E51: Kiểm tra API từ chối thất bại khi body là điện MT nhưng transactionType = MX_IN (sai cặp) | F51: - User/Quyền: Tài khoản tích hợp AML (Basic Auth YWE6YmI=) còn hiệu lực, có quyền gọi API sàng lọc giao dịch - Trạng thái hệ thống: Service transaction-screening đang chạy trên SIT (https://10.0.137.75:7001); hệ thống EDQ sẵn sàng nhận yêu cầu sàng lọc; không verify DB ([ASSUMPTION: không có tài liệu DB connection]) - Dữ liệu có sẵn: điện mẫu MX_IN hợp lệ, đầy đủ toàn bộ trường mandatory theo chuẩn; transactionId = TF_AML_API_MX_06 | G51: 1. Gửi POST request tới API transaction-screening với body là điện MT nhưng transactionType = MX_IN (sai cặp). 2. Kiểm tra thông tin HTTP Status và Response Body trả về. | H51: - Endpoint: POST https://10.0.137.75:7001/transaction-screening/v1/transaction-screening - Headers: Content-Type: application/json transactionId: TF_AML_API_MX_06 requestId: REQ_TF_AML_API_MX_06 transactionType: MX_IN channel: T24 isCallBack: N requestUserId: 1 Cookie: JSESSIONID=y2YyMBjrxzc7dswUyMO_K0_EX5gYVjC42KjbIC1m8U3Wr_WC059j!663991662 branchCd: VN0001001 Authorization: Basic YWE6YmI= - Body: {1:F01MCOBVNVXAXXX0000000000} {2:O2021201260724BFICCUHHAXXX00010000012607241201N} {3:{108:MT202TEST0001}} {4: :20:MT202 :21:SENDEREFERENC001 :32A:170623CNY5000 :58D:/B/BENEFICIARYINST MAJESTUALIDAQ CUBA :72:PHONBEN -} {5:{MAC:12345678}{CHK:123456789ABC}} | I51: 2. Kiểm tra thông tin HTTP Status trả về: 200 OK - Json trả về có thông báo lỗi: result = ERROR, errorCode = 03, errorDetail = Invalid message format - Mismatch: transactionType=MX_IN nhưng body là MT format - Json có dạng theo format: { "result": "ERROR", "errorCode": 03, "errorDetail": "Invalid message format", "score": "(null)", "alertId": "(null)", "processDate": null } | J51: SIT | K51: Medium | L51: Yes | M51: Yes | N51: Untested | O51: Passed | P51: Untested
A52: NHÓM FUNCTION - MSB001
A53: AML_API_MSB001_01 | B53: NHÓM FUNCTION | C53: MSB001 | D53: High | E53: Kiểm tra gọi API sàng lọc thành công với dien MSB001 ket qua No-HIT | F53: - User/Quyền: Tài khoản tích hợp AML (Basic Auth YWE6YmI=) còn hiệu lực, có quyền gọi API sàng lọc giao dịch - Trạng thái hệ thống: Service transaction-screening đang chạy trên SIT (https://10.0.137.75:7001); hệ thống EDQ sẵn sàng nhận yêu cầu sàng lọc; không verify DB ([ASSUMPTION: không có tài liệu DB connection]) - Dữ liệu có sẵn: điện mẫu MSB001 hợp lệ, đầy đủ toàn bộ trường mandatory theo chuẩn; transactionId = TF_MSB001_001; JSON MSB001 đúng cấu trúc Bank01.MSB001; Không có match cấm vận | G53: 1. Gửi POST request tới API transaction-screening với dien MSB001 ket qua No-HIT. 2. Kiểm tra thông tin HTTP Status và Response Body trả về. | H53: - Endpoint: POST https://10.0.137.75:7001/transaction-screening/v1/transaction-screening - Headers: Content-Type: application/json transactionId: TF_MSB001_001 requestId: REQ_TF_MSB001_001 transactionType: MSB001 channel: T24 isCallBack: N requestUserId: 1 Cookie: JSESSIONID=y2YyMBjrxzc7dswUyMO_K0_EX5gYVjC42KjbIC1m8U3Wr_WC059j!663991662 branchCd: VN0001001 Authorization: Basic YWE6YmI= - Body: { "Bank01": { "MSB001": { "Sender": {"FullName":"TRAN VAN SENDER","DOB":"1985-05-20", "Nationalities":[{"SenderCitizenship":"VN"}], "Id":[{"IdNumber":"037085001234"}], "ResidenceAddress":[{"Address":"123 Nguyen Trai, Ha Noi","Country":"VN"}]}, "Receiver": {"FullName":"JOHN RECEIVER SMITH","DOB":"1990-11-12", "Nationalities":[{"Citizenship":"US"}], "Id":[{"IdNumber":"A12345678"}], "ResidenceAddress":[{"Address":"456 Broadway, New York","Country":"US"}]}, "BeneficiaryBankName":"VIETCOMBANK HO CHI MINH", "BeneficiaryBankBicCode":"BFTVBNVX002","BeneficiaryBankCountry":"VN", "RemittingBankName":"CITIBANK NEW YORK", "RemittingBankBicCode":"CITIUS33XXX","RemittingBankCountry":"US" } } } | I53: 2. Kiểm tra thông tin HTTP Status trả về: 200 OK - Json trả về có kết quả sàng lọc: result = "NO HIT", errorCode = "00", score = 0 - Json có dạng theo format: { "transactionType": "transactionType", "result": "NO HIT", "score": 0, "groupMessageId": "groupMessageId", "requestId": "requestId", "processDate": "processDate", "channel": "channel", "errorCode": "00", "errorDetail": "No error", "alertId": null, "transactionId": "transactionId", "branchCd": "branchCd" } | J53: SIT | K53: High | L53: Yes | M53: Yes | N53: Untested | O53: Passed | P53: Untested
A54: AML_API_MSB001_02 | B54: NHÓM FUNCTION | C54: MSB001 | D54: High | E54: Kiểm tra API trả về kết quả sàng lọc HIT thành công với điện MSB001 | F54: - User/Quyền: Tài khoản tích hợp AML (Basic Auth YWE6YmI=) còn hiệu lực, có quyền gọi API sàng lọc giao dịch - Trạng thái hệ thống: Service transaction-screening đang chạy trên SIT (https://10.0.137.75:7001); hệ thống EDQ sẵn sàng nhận yêu cầu sàng lọc; không verify DB ([ASSUMPTION: không có tài liệu DB connection]) - Dữ liệu có sẵn: điện mẫu MSB001 hợp lệ, đầy đủ toàn bộ trường mandatory theo chuẩn; transactionId = TF_MSB001_002; Sender/Receiver có tên match danh sách cấm vận | G54: 1. Gửi POST request tới API transaction-screening với điện MSB001 (kỳ vọng kết quả HIT). 2. Kiểm tra thông tin HTTP Status và Response Body trả về. | H54: - Endpoint: POST https://10.0.137.75:7001/transaction-screening/v1/transaction-screening - Headers: Content-Type: application/json transactionId: TF_MSB001_002 requestId: REQ_TF_MSB001_002 transactionType: MSB001 channel: T24 isCallBack: N requestUserId: 1 Cookie: JSESSIONID=y2YyMBjrxzc7dswUyMO_K0_EX5gYVjC42KjbIC1m8U3Wr_WC059j!663991662 branchCd: VN0001001 Authorization: Basic YWE6YmI= - Body: { "Bank01": { "MSB001": { "Sender": {"FullName":"TRAN VAN SENDER","DOB":"1985-05-20", "Nationalities":[{"SenderCitizenship":"VN"}], "Id":[{"IdNumber":"037085001234"}], "ResidenceAddress":[{"Address":"123 Nguyen Trai, Ha Noi","Country":"VN"}]}, "Receiver": {"FullName":"JOHN RECEIVER SMITH","DOB":"1990-11-12", "Nationalities":[{"Citizenship":"US"}], "Id":[{"IdNumber":"A12345678"}], "ResidenceAddress":[{"Address":"456 Broadway, New York","Country":"US"}]}, "BeneficiaryBankName":"VIETCOMBANK HO CHI MINH", "BeneficiaryBankBicCode":"BFTVBNVX002","BeneficiaryBankCountry":"VN", "RemittingBankName":"CITIBANK NEW YORK", "RemittingBankBicCode":"CITIUS33XXX","RemittingBankCountry":"US" } } } | I54: 2. Kiểm tra thông tin HTTP Status trả về: 200 OK - Json trả về có kết quả sàng lọc: result = HIT, errorCode = 00, score = > 0 - Json có dạng theo format: { "result": "HIT", "errorCode": 00, "errorDetail": "No Error", "score": "> 0", "alertId": "(not null)" } | J54: SIT | K54: Medium | L54: Yes | M54: Yes | N54: Untested | O54: Passed | P54: Untested
A55: AML_API_MSB001_03 | B55: NHÓM FUNCTION | C55: MSB001 | D55: High | E55: Kiểm tra API trả về kết quả sàng lọc KNOCKED-OUT thành công với điện MSB001 | F55: - User/Quyền: Tài khoản tích hợp AML (Basic Auth YWE6YmI=) còn hiệu lực, có quyền gọi API sàng lọc giao dịch - Trạng thái hệ thống: Service transaction-screening đang chạy trên SIT (https://10.0.137.75:7001); hệ thống EDQ sẵn sàng nhận yêu cầu sàng lọc; không verify DB ([ASSUMPTION: không có tài liệu DB connection]) - Dữ liệu có sẵn: điện mẫu MSB001 hợp lệ, đầy đủ toàn bộ trường mandatory theo chuẩn; transactionId = TF_MSB001_003; Sender/Receiver có Country thuộc Knock-out list | G55: 1. Gửi POST request tới API transaction-screening với điện MSB001 (kỳ vọng kết quả KNOCKED-OUT). 2. Kiểm tra thông tin HTTP Status và Response Body trả về. | H55: - Endpoint: POST https://10.0.137.75:7001/transaction-screening/v1/transaction-screening - Headers: Content-Type: application/json transactionId: TF_MSB001_003 requestId: REQ_TF_MSB001_003 transactionType: MSB001 channel: T24 isCallBack: N requestUserId: 1 Cookie: JSESSIONID=y2YyMBjrxzc7dswUyMO_K0_EX5gYVjC42KjbIC1m8U3Wr_WC059j!663991662 branchCd: VN0001001 Authorization: Basic YWE6YmI= - Body: { "MSB001": { "Sender": { "FullName": "TRAN VAN SENDER", "DOB": "1985-05-20", "Nationalities": [ { "Citizenship": "IR" } ], "Id": [ { "IdNumber": "037085001234" } ], "ResidenceAddress": [ { "Address": "123 Nguyen Trai, Thanh Xuan, Ha Noi", "Country": "IR" } ] }, "Receiver": { "FullName": "JOHN RECEIVER SMITH", "DOB": "1990-11-12", "Nationalities": [ { "Citizenship": "US" } ], "Id": [ { "IdNumber": "A12345678" } ], "ResidenceAddress": [ { "Address": "456 Broadway, New York, NY 10013", "Country": "US" } ] }, "SenderOrg": { "VnName": "Cong ty Co phan Xuat nhap khau ABC", "EngName": "ABC Import Export Joint Stock Company", "ShortName": "ABC IMPEX", "HeadquartersAddress": "789 Le Lai, District 1, Ho Chi Minh City", "HeadquartersCountry": "IR", "IncorporationDate": "2010-03-15", "Documents": [ { "DocumentNumber": "0102030405" } ] }, "ReceiverOrg": { "VnName": "Cong ty TNHH Giao nhan Toan Cau XYZ", "EngName": "XYZ Global Logistics Company Limited", "ShortName": "XYZ LOGISTICS", "HeadquartersAddress": "101 Marina Boulevard, Singapore 018989", "HeadquartersCountry": "SG", "IncorporationDate": "2015-08-22", "Documents": [ { "DocumentNumber": "REG987654" } ] }, "BeneficiaryBankName": "VIETCOMBANK HO CHI MINH", "BeneficiaryBankBicCode": "BFTVBNVX002", "BeneficiaryBankAddress": "29 Ben Chuong Duong, District 1, Ho Chi Minh City", "BeneficiaryBankCountry": "IR", "RemittingBankName": "CITIBANK NEW YORK", "RemittingBankBicCode": "CITIUS33XXX", "RemittingBankAddress": "399 Park Avenue, New York, NY 10022", "RemittingBankCountry": "US" } } | I55: 2. Kiểm tra thông tin HTTP Status trả về: 200 OK - Json trả về có kết quả sàng lọc: result = "KNOCKED-OUT", errorCode = "00", score = 0 - Json có dạng theo format: { "transactionType": "transactionType", "result": "KNOCKED-OUT", "score": 0, "groupMessageId": "groupMessageId", "requestId": "requestId", "processDate": "processDate", "channel": "channel", "errorCode": "00", "errorDetail": "No error", "alertId": null, "transactionId": "transactionId", "branchCd": "branchCd" } | J55: SIT | K55: High | L55: Yes | M55: Yes | N55: Untested | O55: Passed | P55: Untested
A56: AML_API_MSB001_05 | B56: NHÓM FUNCTION | C56: MSB001 | D56: High | E56: Kiểm tra API từ chối thất bại khi body là điện MT nhưng transactionType = MSB001 (sai cặp) | F56: - User/Quyền: Tài khoản tích hợp AML (Basic Auth YWE6YmI=) còn hiệu lực, có quyền gọi API sàng lọc giao dịch - Trạng thái hệ thống: Service transaction-screening đang chạy trên SIT (https://10.0.137.75:7001); hệ thống EDQ sẵn sàng nhận yêu cầu sàng lọc; không verify DB ([ASSUMPTION: không có tài liệu DB connection]) - Dữ liệu có sẵn: điện mẫu MSB001 hợp lệ, đầy đủ toàn bộ trường mandatory theo chuẩn; transactionId = TF_MSB001_005 | G56: 1. Gửi POST request tới API transaction-screening với body là điện MT nhưng transactionType = MSB001 (sai cặp). 2. Kiểm tra thông tin HTTP Status và Response Body trả về. | H56: - Endpoint: POST https://10.0.137.75:7001/transaction-screening/v1/transaction-screening - Headers: Content-Type: application/json transactionId: TF_MSB001_005 requestId: REQ_TF_MSB001_005 transactionType: MSB001 channel: T24 isCallBack: N requestUserId: 1 Cookie: JSESSIONID=y2YyMBjrxzc7dswUyMO_K0_EX5gYVjC42KjbIC1m8U3Wr_WC059j!663991662 branchCd: VN0001001 Authorization: Basic YWE6YmI= - Body: | I56: 2. Kiểm tra thông tin HTTP Status trả về: 200 OK - Json trả về có thông báo lỗi: result = ERROR, errorCode = 03, errorDetail = Invalid message format - Mismatch: transactionType=MSB001 nhưng body là MT format - Json có dạng theo format: { "result": "ERROR", "errorCode": 03, "errorDetail": "Invalid message format", "score": "(null)", "alertId": "(null)", "processDate": null } | J56: SIT | K56: Medium | L56: Yes | M56: Yes | N56: Untested | O56: Passed | P56: Untested
A57: AML_MSB001_MND_01 | B57: NHÓM FUNCTION | C57: MSB001 | D57: High | E57: Kiểm tra API xử lý đúng tổ hợp điều kiện: Mapping chuyen doi MSB001 tu JSON sang XML | F57: - User/Quyền: Tài khoản tích hợp AML (Basic Auth YWE6YmI=) còn hiệu lực, có quyền gọi API sàng lọc giao dịch - Trạng thái hệ thống: Service transaction-screening đang chạy trên SIT (https://10.0.137.75:7001); hệ thống EDQ sẵn sàng nhận yêu cầu sàng lọc; không verify DB ([ASSUMPTION: không có tài liệu DB connection]) - Dữ liệu có sẵn: điện mẫu MSB001 hợp lệ, đầy đủ toàn bộ trường mandatory theo chuẩn; transactionId = TF_AML_MSB001_MND_01; Body MSB001 và gửi điện bằng JSON | G57: 1. Gửi POST request tới API transaction-screening với mapping chuyen doi MSB001 tu JSON sang XML. 2. Kiểm tra thông tin HTTP Status và Response Body trả về. | H57: - Endpoint: POST https://10.0.137.75:7001/transaction-screening/v1/transaction-screening - Headers: Content-Type: application/json transactionId: TF_AML_MSB001_MND_01 requestId: REQ_TF_AML_MSB001_MND_01 transactionType: MSB001 channel: T24 isCallBack: N requestUserId: 1 Cookie: JSESSIONID=y2YyMBjrxzc7dswUyMO_K0_EX5gYVjC42KjbIC1m8U3Wr_WC059j!663991662 branchCd: VN0001001 Authorization: Basic YWE6YmI= - Body: { "MSB001": { "Sender": { "FullName": "TRAN VAN SENDER", "DOB": "1985-05-20", "Nationalities": [ { "Citizenship": "VN" } ], "Id": [ { "IdNumber": "037085001234" } ], "ResidenceAddress": [ { "Address": "123 Nguyen Trai, Thanh Xuan, Ha Noi", "Country": "VN" } ] }, "Receiver": { "FullName": "JOHN RECEIVER SMITH", "DOB": "1990-11-12", "Nationalities": [ { "Citizenship": "US" } ], "Id": [ { "IdNumber": "A12345678" } ], "ResidenceAddress": [ { "Address": "456 Broadway, New York, NY 10013", "Country": "US" } ] }, "SenderOrg": { "VnName": "Cong ty Co phan Xuat nhap khau ABC", "EngName": "ABC Import Export Joint Stock Company", "ShortName": "ABC IMPEX", "HeadquartersAddress": "789 Le Lai, District 1, Ho Chi Minh City", "HeadquartersCountry": "VN", "IncorporationDate": "2010-03-15", "Documents": [ { "DocumentNumber": "0102030405" } ] }, "ReceiverOrg": { "VnName": "Cong ty TNHH Giao nhan Toan Cau XYZ", "EngName": "XYZ Global Logistics Company Limited", "ShortName": "XYZ LOGISTICS", "HeadquartersAddress": "101 Marina Boulevard, Singapore 018989", "HeadquartersCountry": "SG", "IncorporationDate": "2015-08-22", "Documents": [ { "DocumentNumber": "REG987654" } ] }, "BeneficiaryBankName": "VIETCOMBANK HO CHI MINH", "BeneficiaryBankBicCode": "BFTVBNVX002", "BeneficiaryBankAddress": "29 Ben Chuong Duong, District 1, Ho Chi Minh City", "BeneficiaryBankCountry": "VN", "RemittingBankName": "CITIBANK NEW YORK", "RemittingBankBicCode": "CITIUS33XXX", "RemittingBankAddress": "399 Park Avenue, New York, NY 10022", "RemittingBankCountry": "US" } } | I57: 2. Kiểm tra thông tin HTTP Status trả về: 200 OK - Thông tin gửi thành công khi gửi bằng JSON - thông tin được confirm bình thường | J57: SIT | K57: High | L57: Yes | M57: Yes | N57: Untested | O57: Passed | P57: Untested
A58: NHÓM FUNCTION - MSB002
A59: AML_API_MSB002_01 | B59: NHÓM FUNCTION | C59: MSB002 | D59: High | E59: Kiểm tra gọi API sàng lọc thành công với dien MSB002 ket qua No-HIT | F59: - User/Quyền: Tài khoản tích hợp AML (Basic Auth YWE6YmI=) còn hiệu lực, có quyền gọi API sàng lọc giao dịch - Trạng thái hệ thống: Service transaction-screening đang chạy trên SIT (https://10.0.137.75:7001); hệ thống EDQ sẵn sàng nhận yêu cầu sàng lọc; không verify DB ([ASSUMPTION: không có tài liệu DB connection]) - Dữ liệu có sẵn: điện mẫu MSB002 hợp lệ, đầy đủ toàn bộ trường mandatory theo chuẩn; transactionId = TF_MSB002_001; JSON MSB002 đúng cấu trúc; Không có match cấm vận | G59: 1. Gửi POST request tới API transaction-screening với dien MSB002 ket qua No-HIT. 2. Kiểm tra thông tin HTTP Status và Response Body trả về. | H59: - Endpoint: POST https://10.0.137.75:7001/transaction-screening/v1/transaction-screening - Headers: Content-Type: application/json transactionId: TF_MSB002_001 requestId: REQ_TF_MSB002_001 transactionType: MSB002 channel: T24 isCallBack: N requestUserId: 1 Cookie: JSESSIONID=y2YyMBjrxzc7dswUyMO_K0_EX5gYVjC42KjbIC1m8U3Wr_WC059j!663991662 branchCd: VN0001001 Authorization: Basic YWE6YmI= - Body: { "MSB002": { "Sender": { "FullName": "TRAN VAN SENDER", "DOB": "1985-05-20", "Nationalities": [ { "Citizenship": "VN" } ], "Id": [ { "IdNumber": "037085001234" } ], "ResidenceAddress": [ { "Address": "123 Nguyen Trai, Thanh Xuan, Ha Noi", "Country": "VN" } ] }, "Receiver": { "FullName": "JOHN RECEIVER SMITH", "DOB": "1990-11-12", "Nationalities": [ { "Citizenship": "US" } ], "Id": [ { "IdNumber": "A12345678" } ], "ResidenceAddress": [ { "Address": "456 Broadway, New York, NY 10013", "Country": "US" } ] }, "SenderOrg": { "VnName": "Cong ty Co phan Xuat nhap khau ABC", "EngName": "ABC Import Export Joint Stock Company", "ShortName": "ABC IMPEX", "HeadquartersAddress": "789 Le Lai, District 1, Ho Chi Minh City", "HeadquartersCountry": "VN", "IncorporationDate": "2010-03-15", "Documents": [ { "DocumentNumber": "0102030405" } ] }, "ReceiverOrg": { "VnName": "Cong ty TNHH Giao nhan Toan Cau XYZ", "EngName": "XYZ Global Logistics Company Limited", "ShortName": "XYZ LOGISTICS", "HeadquartersAddress": "101 Marina Boulevard, Singapore 018989", "HeadquartersCountry": "SG", "IncorporationDate": "2015-08-22", "Documents": [ { "DocumentNumber": "REG987654" } ] }, "BeneficiaryBankName": "VIETCOMBANK HO CHI MINH", "BeneficiaryBankBicCode": "BFTVBNVX002", "BeneficiaryBankAddress": "29 Ben Chuong Duong, District 1, Ho Chi Minh City", "BeneficiaryBankCountry": "VN", "RemittingBankName": "CITIBANK NEW YORK", "RemittingBankBicCode": "CITIUS33XXX", "RemittingBankAddress": "399 Park Avenue, New York, NY 10022", "RemittingBankCountry": "US" } } | I59: 2. Kiểm tra thông tin HTTP Status trả về: 200 OK - Json trả về có kết quả sàng lọc: result = "NO HIT", errorCode = "00", score = 0 - Json có dạng theo format: { "transactionType": "transactionType", "result": "NO HIT", "score": 0, "groupMessageId": "groupMessageId", "requestId": "requestId", "processDate": "processDate", "channel": "channel", "errorCode": "00", "errorDetail": "No error", "alertId": null, "transactionId": "transactionId", "branchCd": "branchCd" } | J59: SIT | K59: High | L59: Yes | M59: Yes | N59: Untested | O59: Passed | P59: Untested
A60: AML_API_MSB002_02 | B60: NHÓM FUNCTION | C60: MSB002 | D60: High | E60: Kiểm tra API trả về kết quả sàng lọc HIT thành công với điện MSB002 | F60: - User/Quyền: Tài khoản tích hợp AML (Basic Auth YWE6YmI=) còn hiệu lực, có quyền gọi API sàng lọc giao dịch - Trạng thái hệ thống: Service transaction-screening đang chạy trên SIT (https://10.0.137.75:7001); hệ thống EDQ sẵn sàng nhận yêu cầu sàng lọc; không verify DB ([ASSUMPTION: không có tài liệu DB connection]) - Dữ liệu có sẵn: điện mẫu MSB002 hợp lệ, đầy đủ toàn bộ trường mandatory theo chuẩn; transactionId = TF_MSB002_002; Sender/Receiver match danh sách cấm vận | G60: 1. Gửi POST request tới API transaction-screening với điện MSB002 (kỳ vọng kết quả HIT). 2. Kiểm tra thông tin HTTP Status và Response Body trả về. | H60: - Endpoint: POST https://10.0.137.75:7001/transaction-screening/v1/transaction-screening - Headers: Content-Type: application/json transactionId: TF_MSB002_002 requestId: REQ_TF_MSB002_002 transactionType: MSB002 channel: T24 isCallBack: N requestUserId: 1 Cookie: JSESSIONID=y2YyMBjrxzc7dswUyMO_K0_EX5gYVjC42KjbIC1m8U3Wr_WC059j!663991662 branchCd: VN0001001 Authorization: Basic YWE6YmI= - Body: { "Bank01": { "MSB002": { "Sender": {"FullName":"TRAN VAN SENDER","DOB":"1985-05-20", "Nationalities":[{"SenderCitizenship":"VN"}], "Id":[{"IdNumber":"037085001234"}], "ResidenceAddress":[{"Address":"123 Nguyen Trai, Ha Noi","Country":"VN"}]}, "Receiver": {"FullName":"JOHN RECEIVER SMITH","DOB":"1990-11-12", "Nationalities":[{"Citizenship":"US"}], "Id":[{"IdNumber":"A12345678"}], "ResidenceAddress":[{"Address":"456 Broadway, New York","Country":"US"}]}, "BeneficiaryBankName":"VIETCOMBANK HO CHI MINH", "BeneficiaryBankBicCode":"BFTVBNVX002","BeneficiaryBankCountry":"VN", "RemittingBankName":"CITIBANK NEW YORK", "RemittingBankBicCode":"CITIUS33XXX","RemittingBankCountry":"US" } } } | I60: 2. Kiểm tra thông tin HTTP Status trả về: 200 OK - Json trả về có kết quả sàng lọc: result = HIT, errorCode = 00, score = > 0 - Json có dạng theo format: { "result": "HIT", "errorCode": 00, "errorDetail": "No Error", "score": "> 0", "alertId": "(not null)" } | J60: SIT | K60: Medium | L60: Yes | M60: Yes | N60: Untested | O60: Passed | P60: Untested
A61: AML_API_MSB002_03 | B61: NHÓM FUNCTION | C61: MSB002 | D61: High | E61: Kiểm tra API trả về kết quả sàng lọc KNOCKED-OUT thành công với điện MSB002 | F61: - User/Quyền: Tài khoản tích hợp AML (Basic Auth YWE6YmI=) còn hiệu lực, có quyền gọi API sàng lọc giao dịch - Trạng thái hệ thống: Service transaction-screening đang chạy trên SIT (https://10.0.137.75:7001); hệ thống EDQ sẵn sàng nhận yêu cầu sàng lọc; không verify DB ([ASSUMPTION: không có tài liệu DB connection]) - Dữ liệu có sẵn: điện mẫu MSB002 hợp lệ, đầy đủ toàn bộ trường mandatory theo chuẩn; transactionId = TF_MSB002_003; Country thuộc Knock-out list | G61: 1. Gửi POST request tới API transaction-screening với điện MSB002 (kỳ vọng kết quả KNOCKED-OUT). 2. Kiểm tra thông tin HTTP Status và Response Body trả về. | H61: - Endpoint: POST https://10.0.137.75:7001/transaction-screening/v1/transaction-screening - Headers: Content-Type: application/json transactionId: TF_MSB002_003 requestId: REQ_TF_MSB002_003 transactionType: MSB002 channel: T24 isCallBack: N requestUserId: 1 Cookie: JSESSIONID=y2YyMBjrxzc7dswUyMO_K0_EX5gYVjC42KjbIC1m8U3Wr_WC059j!663991662 branchCd: VN0001001 Authorization: Basic YWE6YmI= - Body: | I61: 2. Kiểm tra thông tin HTTP Status trả về: 200 OK - Json trả về có kết quả sàng lọc: result = "KNOCKED-OUT", errorCode = "00", score = 0 - Json có dạng theo format: { "transactionType": "transactionType", "result": "KNOCKED-OUT", "score": 0, "groupMessageId": "groupMessageId", "requestId": "requestId", "processDate": "processDate", "channel": "channel", "errorCode": "00", "errorDetail": "No error", "alertId": null, "transactionId": "transactionId", "branchCd": "branchCd" } | J61: SIT | K61: High | L61: Yes | M61: Yes | N61: Untested | O61: Passed | P61: Untested
A62: AML_API_NF_07 | B62: NHÓM FUNCTION | C62: MSB002 | D62: High | E62: Kiểm tra API từ chối thất bại khi body là điện MT nhưng transactionType = MSB002 (sai cặp) | F62: - User/Quyền: Tài khoản tích hợp AML (Basic Auth YWE6YmI=) còn hiệu lực, có quyền gọi API sàng lọc giao dịch - Trạng thái hệ thống: Service transaction-screening đang chạy trên SIT (https://10.0.137.75:7001); hệ thống EDQ sẵn sàng nhận yêu cầu sàng lọc; không verify DB ([ASSUMPTION: không có tài liệu DB connection]) - Dữ liệu có sẵn: điện mẫu MSB002 hợp lệ, đầy đủ toàn bộ trường mandatory theo chuẩn; transactionId = TF_NF_009 | G62: 1. Gửi POST request tới API transaction-screening với body là điện MT nhưng transactionType = MSB002 (sai cặp). 2. Kiểm tra thông tin HTTP Status và Response Body trả về. | H62: - Endpoint: POST https://10.0.137.75:7001/transaction-screening/v1/transaction-screening - Headers: Content-Type: application/json transactionId: TF_NF_009 requestId: REQ_TF_NF_009 transactionType: MSB002 channel: T24 isCallBack: N requestUserId: 1 Cookie: JSESSIONID=y2YyMBjrxzc7dswUyMO_K0_EX5gYVjC42KjbIC1m8U3Wr_WC059j!663991662 branchCd: VN0001001 Authorization: Basic YWE6YmI= - Body: {1:F01MCOBVNVXAXXX0000000000} {2:O2021201260724BFICCUHHAXXX00010000012607241201N} {3:{108:MT202TEST0001}} {4: :20:MT202 :21:SENDEREFERENC001 :32A:170623CNY5000 :58D:/B/BENEFICIARYINST MAJESTUALIDAQ CUBA :72:PHONBEN -} {5:{MAC:12345678}{CHK:123456789ABC}} | I62: 2. Kiểm tra thông tin HTTP Status trả về: 200 OK - Json trả về có thông báo lỗi: result = ERROR, errorCode = 03, errorDetail = Invalid message format - Mismatch: transactionType=MSB002 nhưng body là MT SWIFT format - Json có dạng theo format: { "result": "ERROR", "errorCode": 03, "errorDetail": "Invalid message format", "score": "(null)", "alertId": "(null)", "processDate": null } | J62: SIT | K62: Medium | L62: Yes | M62: Yes | N62: Untested | O62: Passed | P62: Untested
A63: AML_MSB002_MND_01 | B63: NHÓM FUNCTION | C63: MSB002 | D63: High | E63: Kiểm tra API xử lý đúng tổ hợp điều kiện: Mapping chuyen doi MSB002 tu JSON sang XML | F63: - User/Quyền: Tài khoản tích hợp AML (Basic Auth YWE6YmI=) còn hiệu lực, có quyền gọi API sàng lọc giao dịch - Trạng thái hệ thống: Service transaction-screening đang chạy trên SIT (https://10.0.137.75:7001); hệ thống EDQ sẵn sàng nhận yêu cầu sàng lọc; không verify DB ([ASSUMPTION: không có tài liệu DB connection]) - Dữ liệu có sẵn: điện mẫu MSB002 hợp lệ, đầy đủ toàn bộ trường mandatory theo chuẩn; transactionId = TF_AML_MSB002_MND_01; Body MSB002 và gửi điện bằng JSON | G63: 1. Gửi POST request tới API transaction-screening với mapping chuyen doi MSB002 tu JSON sang XML. 2. Kiểm tra thông tin HTTP Status và Response Body trả về. | H63: - Endpoint: POST https://10.0.137.75:7001/transaction-screening/v1/transaction-screening - Headers: Content-Type: application/json transactionId: TF_AML_MSB002_MND_01 requestId: REQ_TF_AML_MSB002_MND_01 transactionType: MSB002 channel: T24 isCallBack: N requestUserId: 1 Cookie: JSESSIONID=y2YyMBjrxzc7dswUyMO_K0_EX5gYVjC42KjbIC1m8U3Wr_WC059j!663991662 branchCd: VN0001001 Authorization: Basic YWE6YmI= - Body: { "MSB002": { "Sender": { "FullName": "TRAN VAN SENDER", "DOB": "1985-05-20", "Nationalities": [ { "Citizenship": "VN" } ], "Id": [ { "IdNumber": "037085001234" } ], "ResidenceAddress": [ { "Address": "123 Nguyen Trai, Thanh Xuan, Ha Noi", "Country": "VN" } ] }, "Receiver": { "FullName": "JOHN RECEIVER SMITH", "DOB": "1990-11-12", "Nationalities": [ { "Citizenship": "US" } ], "Id": [ { "IdNumber": "A12345678" } ], "ResidenceAddress": [ { "Address": "456 Broadway, New York, NY 10013", "Country": "US" } ] }, "SenderOrg": { "VnName": "Cong ty Co phan Xuat nhap khau ABC", "EngName": "ABC Import Export Joint Stock Company", "ShortName": "ABC IMPEX", "HeadquartersAddress": "789 Le Lai, District 1, Ho Chi Minh City", "HeadquartersCountry": "VN", "IncorporationDate": "2010-03-15", "Documents": [ { "DocumentNumber": "0102030405" } ] }, "ReceiverOrg": { "VnName": "Cong ty TNHH Giao nhan Toan Cau XYZ", "EngName": "XYZ Global Logistics Company Limited", "ShortName": "XYZ LOGISTICS", "HeadquartersAddress": "101 Marina Boulevard, Singapore 018989", "HeadquartersCountry": "SG", "IncorporationDate": "2015-08-22", "Documents": [ { "DocumentNumber": "REG987654" } ] }, "BeneficiaryBankName": "VIETCOMBANK HO CHI MINH", "BeneficiaryBankBicCode": "BFTVBNVX002", "BeneficiaryBankAddress": "29 Ben Chuong Duong, District 1, Ho Chi Minh City", "BeneficiaryBankCountry": "VN", "RemittingBankName": "CITIBANK NEW YORK", "RemittingBankBicCode": "CITIUS33XXX", "RemittingBankAddress": "399 Park Avenue, New York, NY 10022", "RemittingBankCountry": "US" } } | I63: 2. Kiểm tra thông tin HTTP Status trả về: 200 OK - Thông tin gửi thành công gkhi gửi bằng JSON - thông tin được confirm bình thường >>> | J63: SIT | K63: High | L63: Yes | M63: Yes | O63: Passed | P63: Untested
A64: NHÓM FUNCTION - MSB003
A65: AML_API_MSB003_01 | B65: NHÓM FUNCTION | C65: MSB003 | D65: High | E65: Kiểm tra gọi API sàng lọc thành công với dien MSB003 ket qua No-HIT | F65: - User/Quyền: Tài khoản tích hợp AML (Basic Auth YWE6YmI=) còn hiệu lực, có quyền gọi API sàng lọc giao dịch - Trạng thái hệ thống: Service transaction-screening đang chạy trên SIT (https://10.0.137.75:7001); hệ thống EDQ sẵn sàng nhận yêu cầu sàng lọc; không verify DB ([ASSUMPTION: không có tài liệu DB connection]) - Dữ liệu có sẵn: điện mẫu MSB003 hợp lệ, đầy đủ toàn bộ trường mandatory theo chuẩn; transactionId = TF_MSB003_001; JSON Array MSB003 đúng cấu trúc; Không có match cấm vận | G65: 1. Gửi POST request tới API transaction-screening với dien MSB003 ket qua No-HIT. 2. Kiểm tra thông tin HTTP Status và Response Body trả về. | H65: - Endpoint: POST https://10.0.137.75:7001/transaction-screening/v1/transaction-screening - Headers: Content-Type: application/json transactionId: TF_MSB003_001 requestId: REQ_TF_MSB003_001 transactionType: MSB003 channel: T24 isCallBack: N requestUserId: 1 Cookie: JSESSIONID=y2YyMBjrxzc7dswUyMO_K0_EX5gYVjC42KjbIC1m8U3Wr_WC059j!663991662 branchCd: VN0001001 Authorization: Basic YWE6YmI= - Body: { "MSB003": { "Debtor": { "Name": "CONG TY TNHH THUONG MAI VA XUAT NHAP KHAU ABC", "Identifier": "0101234567", "Address": { "FullAddress": "So 12 Duong Lang Ha, Phuong Thanh Cong, Quan Ba Dinh, Ha Noi, Viet Nam", "CountryInAddress": "VN" } }, "Creditor": { "Name": "SHENZHEN GLOBAL ELECTRONICS CO., LTD", "Identifier": "91440300MA5XXXXX1K", "Address": { "FullAddress": "No. 88 Huaqiang North Road, Futian District, Shenzhen, Guangdong, China", "CountryInAddress": "CN" } }, "InvolvedParty": [ { "PartyType": "Party_01", "Role": "Nguoi xuat khau (Exporter)", "Name": "SHENZHEN GLOBAL ELECTRONICS CO., LTD", "Identifier": "91440300MA5XXXXX1K", "Address": { "FullAddress": "No. 88 Huaqiang North Road, Futian District, Shenzhen, China", "CountryInAddress": "CN" } }, { "PartyType": "Party_02", "Role": "Nguoi nhap khau (Importer)", "Name": "CONG TY TNHH THUONG MAI VA XUAT NHAP KHAU ABC", "Identifier": "0101234567", "Address": { "FullAddress": "So 12 Duong Lang Ha, Quan Ba Dinh, Ha Noi, Viet Nam", "CountryInAddress": "VN" } }, { "PartyType": "Party_03", "Role": "Cong ty van tai (Transportation Company)", "Name": "OCEAN LINE SHIPPING PTE LTD", "Identifier": "SG201512345R", "Address": { "FullAddress": "10 Marina Boulevard, Singapore", "CountryInAddress": "SG" } }, { "PartyType": "Party_04", "Role": "Cong ty bao hiem (Insurance Company)", "Name": "BAO VIET INSURANCE CORPORATION", "Identifier": "0100111333", "Address": { "FullAddress": "So 7 Ly Thuong Kiet, Hoan Kiem, Ha Noi, Viet Nam", "CountryInAddress": "VN" } }, { "PartyType": "Party_05", "Role": "Nha san xuat (Manufacturer)", "Name": "DONGGUAN PRECISION MANUFACTURING LTD", "Identifier": "91441900MA4YYYYY2L", "Address": { "FullAddress": "Industrial Zone, Chang'an Town, Dongguan, China", "CountryInAddress": "CN" } }, { "PartyType": "Party_06", "Role": "Ben lien quan khac (Others)", "Name": "GLOBAL INSPECTION SERVICES LTD", "Identifier": "HK-CR-2233445", "Address": { "FullAddress": "Room 501, Nathan Road, Kowloon, Hong Kong", "CountryInAddress": "HK" } }, { "PartyType": "Party_07", "Role": "Ben lien quan khac (Others)", "Name": "ASIA FREIGHT FORWARDING JSC", "Identifier": "0312556677", "Address": { "FullAddress": "So 25 Nguyen Van Linh, Quan 7, TP Ho Chi Minh, Viet Nam", "CountryInAddress": "VN" } }, { "PartyType": "Party_08", "Role": "Ben lien quan khac (Others)", "Name": "CUSTOMS BROKER TRANG AN CO., LTD", "Identifier": "0201889900", "Address": { "FullAddress": "So 8 Le Thanh Tong, Ngo Quyen, Hai Phong, Viet Nam", "CountryInAddress": "VN" } } ], "BeneficiaryBank": { "Name": "BANK OF CHINA, SHENZHEN BRANCH", "BIC": "BKCHCNBJ45A", "Address": { "FullAddress": "1088 Shennan Road, Futian District, Shenzhen, China", "CountryInAddress": "CN" } }, "InvolvedBank": [ { "BankType": "Bank_01", "Role": "Ngan hang xac nhan (Confirming)", "Name": "HSBC HONG KONG", "BIC": "HSBCHKHHHKH", "Address": { "FullAddress": "1 Queen's Road Central, Hong Kong", "CountryInAddress": "HK" } }, { "BankType": "Bank_02", "Role": "Ngan hang hoan tra (Reimbursing)", "Name": "CITIBANK N.A., NEW YORK", "BIC": "CITIUS33XXX", "Address": { "FullAddress": "388 Greenwich Street, New York, NY, USA", "CountryInAddress": "US" } } ], "PortOfLoading": [ { "PortTypeL": "PortOfLoading_01", "Name": "Yantian International Container Terminal", "Country": "CN" } ], "PlaceOfLoading": [ { "PlaceTypeL": "PlaceOfLoading_01", "FullAddress": "Yantian Bonded Warehouse, Shenzhen, China", "CountryInAddress": "CN" } ], "PortOfTransshipment": [ { "PortTypeT": "PortOfTransshipment_01", "Name": "Hong Kong Kwai Chung Terminal", "Country": "HK" } ], "PortOfDischarge": [ { "PortTypeD": "PortOfDischarge_01", "Name": "Hai Phong Port", "Country": "VN" } ], "PlaceOfDischarge": [ { "PlaceTypeD": "PlaceOfDischarge_01", "FullAddress": "Kho ngoai quan Dinh Vu, Hai Phong, Viet Nam", "CountryInAddress": "VN" } ], "Transportation": [ { "TransportationType": "Transportation_01", "Name": "MV OCEAN STAR", "Identifier": "IMO9345678", "Flag": "PA" } ], "Goods": [ { "GoodsType": "Goods_01", "ImportCountry": "CN", "ExportCountry": "HK" } ] } } | I65: 2. Kiểm tra thông tin HTTP Status trả về: 200 OK - Json trả về có kết quả sàng lọc: result = No-HIT, errorCode = 00, score = 0 - Json có dạng theo format: { "result": "No-HIT", "errorCode": 00, "errorDetail": "No Error", "score": 0, "alertId": "(null)" } | J65: SIT | K65: High | L65: Yes | M65: Yes | N65: Untested | O65: Passed | P65: Untested
A66: AML_API_MSB003_02 | B66: NHÓM FUNCTION | C66: MSB003 | D66: High | E66: Kiểm tra API trả về kết quả sàng lọc HIT thành công với điện MSB003 | F66: - User/Quyền: Tài khoản tích hợp AML (Basic Auth YWE6YmI=) còn hiệu lực, có quyền gọi API sàng lọc giao dịch - Trạng thái hệ thống: Service transaction-screening đang chạy trên SIT (https://10.0.137.75:7001); hệ thống EDQ sẵn sàng nhận yêu cầu sàng lọc; không verify DB ([ASSUMPTION: không có tài liệu DB connection]) - Dữ liệu có sẵn: điện mẫu MSB003 hợp lệ, đầy đủ toàn bộ trường mandatory theo chuẩn; transactionId = TF_MSB003_002; Tên Debtor hoặc Creditor hoặc InvolvedParty match cấm vận | G66: 1. Gửi POST request tới API transaction-screening với điện MSB003 (kỳ vọng kết quả HIT). 2. Kiểm tra thông tin HTTP Status và Response Body trả về. | H66: - Endpoint: POST https://10.0.137.75:7001/transaction-screening/v1/transaction-screening - Headers: Content-Type: application/json transactionId: TF_MSB003_002 requestId: REQ_TF_MSB003_002 transactionType: MSB003 channel: T24 isCallBack: N requestUserId: 1 Cookie: JSESSIONID=y2YyMBjrxzc7dswUyMO_K0_EX5gYVjC42KjbIC1m8U3Wr_WC059j!663991662 branchCd: VN0001001 Authorization: Basic YWE6YmI= - Body: [ { "MSB003": { "Debtor":{"Name":"CONG TY TNHH THUONG MAI VA XUAT NHAP KHAU ABC", "FullAddress":"So 12 Duong Lang Ha, Ba Dinh, Ha Noi, Viet Nam", "CountryInAddress":"VNM","Identifier":"0101234567"}, "Creditor":{"Name":"SHENZHEN GLOBAL ELECTRONICS CO., LTD", "FullAddress":"No. 88 Huaqiang North Road, Shenzhen, China", "CountryInAddress":"CHN","Identifier":"91440300MA5XXXXX1K"}, "InvolvedParty":[{"PartyType":"PARTY_01","Role":"Exporter", "Name":"SHENZHEN GLOBAL ELECTRONICS","CountryInAddress":"CHN", "Identifier":"91440300MA5XXXXX1K"}] } } ] | I66: 2. Kiểm tra thông tin HTTP Status trả về: 200 OK - Json trả về có kết quả sàng lọc: result = HIT, errorCode = 00, score = > 0 - Verify: tất cả InvolvedParty đều được sàng lọc - Json có dạng theo format: { "result": "HIT", "errorCode": 00, "errorDetail": "No Error", "score": "> 0", "alertId": "(not null)" } | J66: SIT | K66: Medium | L66: Yes | M66: Yes | N66: Untested | O66: Passed | P66: Untested
A67: AML_API_MSB003_03 | B67: NHÓM FUNCTION | C67: MSB003 | D67: High | E67: Kiểm tra API trả về kết quả sàng lọc KNOCKED-OUT thành công với điện MSB003 | F67: - User/Quyền: Tài khoản tích hợp AML (Basic Auth YWE6YmI=) còn hiệu lực, có quyền gọi API sàng lọc giao dịch - Trạng thái hệ thống: Service transaction-screening đang chạy trên SIT (https://10.0.137.75:7001); hệ thống EDQ sẵn sàng nhận yêu cầu sàng lọc; không verify DB ([ASSUMPTION: không có tài liệu DB connection]) - Dữ liệu có sẵn: điện mẫu MSB003 hợp lệ, đầy đủ toàn bộ trường mandatory theo chuẩn; transactionId = TF_MSB003_003; CountryInAddress thuộc Knock-out list | G67: 1. Gửi POST request tới API transaction-screening với điện MSB003 (kỳ vọng kết quả KNOCKED-OUT). 2. Kiểm tra thông tin HTTP Status và Response Body trả về. | H67: - Endpoint: POST https://10.0.137.75:7001/transaction-screening/v1/transaction-screening - Headers: Content-Type: application/json transactionId: TF_MSB003_003 requestId: REQ_TF_MSB003_003 transactionType: MSB003 channel: T24 isCallBack: N requestUserId: 1 Cookie: JSESSIONID=y2YyMBjrxzc7dswUyMO_K0_EX5gYVjC42KjbIC1m8U3Wr_WC059j!663991662 branchCd: VN0001001 Authorization: Basic YWE6YmI= - Body: { "MSB003": { "Debtor": { "Name": "CONG TY TNHH THUONG MAI VA XUAT NHAP KHAU ABC", "Identifier": "0101234567", "Address": { "FullAddress": "So 12 Duong Lang Ha, Phuong Thanh Cong, Quan Ba Dinh, Ha Noi, Viet Nam", "CountryInAddress": "IR" } }, "Creditor": { "Name": "SHENZHEN GLOBAL ELECTRONICS CO., LTD", "Identifier": "91440300MA5XXXXX1K", "Address": { "FullAddress": "No. 88 Huaqiang North Road, Futian District, Shenzhen, Guangdong, China", "CountryInAddress": "CN" } }, "InvolvedParty": [ { "PartyType": "Party_01", "Role": "Nguoi xuat khau (Exporter)", "Name": "SHENZHEN GLOBAL ELECTRONICS CO., LTD", "Identifier": "91440300MA5XXXXX1K", "Address": { "FullAddress": "No. 88 Huaqiang North Road, Futian District, Shenzhen, China", "CountryInAddress": "CN" } }, { "PartyType": "Party_02", "Role": "Nguoi nhap khau (Importer)", "Name": "CONG TY TNHH THUONG MAI VA XUAT NHAP KHAU ABC", "Identifier": "0101234567", "Address": { "FullAddress": "So 12 Duong Lang Ha, Quan Ba Dinh, Ha Noi, Viet Nam", "CountryInAddress": "IR" } }, { "PartyType": "Party_03", "Role": "Cong ty van tai (Transportation Company)", "Name": "OCEAN LINE SHIPPING PTE LTD", "Identifier": "SG201512345R", "Address": { "FullAddress": "10 Marina Boulevard, Singapore", "CountryInAddress": "SG" } }, { "PartyType": "Party_04", "Role": "Cong ty bao hiem (Insurance Company)", "Name": "BAO VIET INSURANCE CORPORATION", "Identifier": "0100111333", "Address": { "FullAddress": "So 7 Ly Thuong Kiet, Hoan Kiem, Ha Noi, Viet Nam", "CountryInAddress": "IR" } }, { "PartyType": "Party_05", "Role": "Nha san xuat (Manufacturer)", "Name": "DONGGUAN PRECISION MANUFACTURING LTD", "Identifier": "91441900MA4YYYYY2L", "Address": { "FullAddress": "Industrial Zone, Chang'an Town, Dongguan, China", "CountryInAddress": "CN" } }, { "PartyType": "Party_06", "Role": "Ben lien quan khac (Others)", "Name": "GLOBAL INSPECTION SERVICES LTD", "Identifier": "HK-CR-2233445", "Address": { "FullAddress": "Room 501, Nathan Road, Kowloon, Hong Kong", "CountryInAddress": "HK" } }, { "PartyType": "Party_07", "Role": "Ben lien quan khac (Others)", "Name": "ASIA FREIGHT FORWARDING JSC", "Identifier": "0312556677", "Address": { "FullAddress": "So 25 Nguyen Van Linh, Quan 7, TP Ho Chi Minh, Viet Nam", "CountryInAddress": "IR" } }, { "PartyType": "Party_08", "Role": "Ben lien quan khac (Others)", "Name": "CUSTOMS BROKER TRANG AN CO., LTD", "Identifier": "0201889900", "Address": { "FullAddress": "So 8 Le Thanh Tong, Ngo Quyen, Hai Phong, Viet Nam", "CountryInAddress": "IR" } } ], "BeneficiaryBank": { "Name": "BANK OF CHINA, SHENZHEN BRANCH", "BIC": "BKCHCNBJ45A", "Address": { "FullAddress": "1088 Shennan Road, Futian District, Shenzhen, China", "CountryInAddress": "CN" } }, "InvolvedBank": [ { "BankType": "Bank_01", "Role": "Ngan hang xac nhan (Confirming)", "Name": "HSBC HONG KONG", "BIC": "HSBCHKHHHKH", "Address": { "FullAddress": "1 Queen's Road Central, Hong Kong", "CountryInAddress": "HK" } }, { "BankType": "Bank_02", "Role": "Ngan hang hoan tra (Reimbursing)", "Name": "CITIBANK N.A., NEW YORK", "BIC": "CITIUS33XXX", "Address": { "FullAddress": "388 Greenwich Street, New York, NY, USA", "CountryInAddress": "US" } } ], "PortOfLoading": [ { "PortTypeL": "PortOfLoading_01", "Name": "Yantian International Container Terminal", "Country": "CN" } ], "PlaceOfLoading": [ { "PlaceTypeL": "PlaceOfLoading_01", "FullAddress": "Yantian Bonded Warehouse, Shenzhen, China", "CountryInAddress": "CN" } ], "PortOfTransshipment": [ { "PortTypeT": "PortOfTransshipment_01", "Name": "Hong Kong Kwai Chung Terminal", "Country": "HK" } ], "PortOfDischarge": [ { "PortTypeD": "PortOfDischarge_01", "Name": "Hai Phong Port", "Country": "IR" } ], "PlaceOfDischarge": [ { "PlaceTypeD": "PlaceOfDischarge_01", "FullAddress": "Kho ngoai quan Dinh Vu, Hai Phong, Viet Nam", "CountryInAddress": "IR" } ], "Transportation": [ { "TransportationType": "Transportation_01", "Name": "MV OCEAN STAR", "Identifier": "IMO9345678", "Flag": "PA" } ], "Goods": [ { "GoodsType": "Goods_01", "ImportCountry": "CN", "ExportCountry": "HK" } ] } } | I67: 2. Kiểm tra thông tin HTTP Status trả về: 200 OK - Json trả về có kết quả sàng lọc: result = KNOCKED-OUT, errorCode = 00, score = 100 - Json có dạng theo format: { "result": "KNOCKED-OUT", "errorCode": 00, "errorDetail": "No Error", "score": 100, "alertId": "(not null)" } | J67: SIT | K67: High | L67: Yes | M67: Yes | N67: Untested | O67: Passed | P67: Untested
A68: AML_MSB003_MND_01 | B68: NHÓM FUNCTION | C68: MSB003 | D68: High | E68: Kiểm tra API xử lý đúng tổ hợp điều kiện: Mapping chuyen doi MSB003 tu JSON sang XML | F68: - User/Quyền: Tài khoản tích hợp AML (Basic Auth YWE6YmI=) còn hiệu lực, có quyền gọi API sàng lọc giao dịch - Trạng thái hệ thống: Service transaction-screening đang chạy trên SIT (https://10.0.137.75:7001); hệ thống EDQ sẵn sàng nhận yêu cầu sàng lọc; không verify DB ([ASSUMPTION: không có tài liệu DB connection]) - Dữ liệu có sẵn: điện mẫu MSB003 hợp lệ, đầy đủ toàn bộ trường mandatory theo chuẩn; transactionId = TF_AML_MSB003_MND_01; Body MSB003 và gửi điện bằng JSON | G68: 1. Gửi POST request tới API transaction-screening với mapping chuyen doi MSB003 tu JSON sang XML. 2. Kiểm tra thông tin HTTP Status và Response Body trả về. | H68: - Endpoint: POST https://10.0.137.75:7001/transaction-screening/v1/transaction-screening - Headers: Content-Type: application/json transactionId: TF_AML_MSB003_MND_01 requestId: REQ_TF_AML_MSB003_MND_01 transactionType: MSB003 channel: T24 isCallBack: N requestUserId: 1 Cookie: JSESSIONID=y2YyMBjrxzc7dswUyMO_K0_EX5gYVjC42KjbIC1m8U3Wr_WC059j!663991662 branchCd: VN0001001 Authorization: Basic YWE6YmI= - Body: { "MSB003": { "Debtor": { "Name": "CONG TY TNHH THUONG MAI VA XUAT NHAP KHAU ABC", "Identifier": "0101234567", "Address": { "FullAddress": "So 12 Duong Lang Ha, Phuong Thanh Cong, Quan Ba Dinh, Ha Noi, Viet Nam", "CountryInAddress": "VN" } }, "Creditor": { "Name": "SHENZHEN GLOBAL ELECTRONICS CO., LTD", "Identifier": "91440300MA5XXXXX1K", "Address": { "FullAddress": "No. 88 Huaqiang North Road, Futian District, Shenzhen, Guangdong, China", "CountryInAddress": "CN" } }, "InvolvedParty": [ { "PartyType": "Party_01", "Role": "Nguoi xuat khau (Exporter)", "Name": "SHENZHEN GLOBAL ELECTRONICS CO., LTD", "Identifier": "91440300MA5XXXXX1K", "Address": { "FullAddress": "No. 88 Huaqiang North Road, Futian District, Shenzhen, China", "CountryInAddress": "CN" } }, { "PartyType": "Party_02", "Role": "Nguoi nhap khau (Importer)", "Name": "CONG TY TNHH THUONG MAI VA XUAT NHAP KHAU ABC", "Identifier": "0101234567", "Address": { "FullAddress": "So 12 Duong Lang Ha, Quan Ba Dinh, Ha Noi, Viet Nam", "CountryInAddress": "VN" } }, { "PartyType": "Party_03", "Role": "Cong ty van tai (Transportation Company)", "Name": "OCEAN LINE SHIPPING PTE LTD", "Identifier": "SG201512345R", "Address": { "FullAddress": "10 Marina Boulevard, Singapore", "CountryInAddress": "SG" } }, { "PartyType": "Party_04", "Role": "Cong ty bao hiem (Insurance Company)", "Name": "BAO VIET INSURANCE CORPORATION", "Identifier": "0100111333", "Address": { "FullAddress": "So 7 Ly Thuong Kiet, Hoan Kiem, Ha Noi, Viet Nam", "CountryInAddress": "VN" } }, { "PartyType": "Party_05", "Role": "Nha san xuat (Manufacturer)", "Name": "DONGGUAN PRECISION MANUFACTURING LTD", "Identifier": "91441900MA4YYYYY2L", "Address": { "FullAddress": "Industrial Zone, Chang'an Town, Dongguan, China", "CountryInAddress": "CN" } }, { "PartyType": "Party_06", "Role": "Ben lien quan khac (Others)", "Name": "GLOBAL INSPECTION SERVICES LTD", "Identifier": "HK-CR-2233445", "Address": { "FullAddress": "Room 501, Nathan Road, Kowloon, Hong Kong", "CountryInAddress": "HK" } }, { "PartyType": "Party_07", "Role": "Ben lien quan khac (Others)", "Name": "ASIA FREIGHT FORWARDING JSC", "Identifier": "0312556677", "Address": { "FullAddress": "So 25 Nguyen Van Linh, Quan 7, TP Ho Chi Minh, Viet Nam", "CountryInAddress": "VN" } }, { "PartyType": "Party_08", "Role": "Ben lien quan khac (Others)", "Name": "CUSTOMS BROKER TRANG AN CO., LTD", "Identifier": "0201889900", "Address": { "FullAddress": "So 8 Le Thanh Tong, Ngo Quyen, Hai Phong, Viet Nam", "CountryInAddress": "VN" } } ], "BeneficiaryBank": { "Name": "BANK OF CHINA, SHENZHEN BRANCH", "BIC": "BKCHCNBJ45A", "Address": { "FullAddress": "1088 Shennan Road, Futian District, Shenzhen, China", "CountryInAddress": "CN" } }, "InvolvedBank": [ { "BankType": "Bank_01", "Role": "Ngan hang xac nhan (Confirming)", "Name": "HSBC HONG KONG", "BIC": "HSBCHKHHHKH", "Address": { "FullAddress": "1 Queen's Road Central, Hong Kong", "CountryInAddress": "HK" } }, { "BankType": "Bank_02", "Role": "Ngan hang hoan tra (Reimbursing)", "Name": "CITIBANK N.A., NEW YORK", "BIC": "CITIUS33XXX", "Address": { "FullAddress": "388 Greenwich Street, New York, NY, USA", "CountryInAddress": "US" } } ], "PortOfLoading": [ { "PortTypeL": "PortOfLoading_01", "Name": "Yantian International Container Terminal", "Country": "CN" } ], "PlaceOfLoading": [ { "PlaceTypeL": "PlaceOfLoading_01", "FullAddress": "Yantian Bonded Warehouse, Shenzhen, China", "CountryInAddress": "CN" } ], "PortOfTransshipment": [ { "PortTypeT": "PortOfTransshipment_01", "Name": "Hong Kong Kwai Chung Terminal", "Country": "HK" } ], "PortOfDischarge": [ { "PortTypeD": "PortOfDischarge_01", "Name": "Hai Phong Port", "Country": "VN" } ], "PlaceOfDischarge": [ { "PlaceTypeD": "PlaceOfDischarge_01", "FullAddress": "Kho ngoai quan Dinh Vu, Hai Phong, Viet Nam", "CountryInAddress": "VN" } ], "Transportation": [ { "TransportationType": "Transportation_01", "Name": "MV OCEAN STAR", "Identifier": "IMO9345678", "Flag": "PA" } ], "Goods": [ { "GoodsType": "Goods_01", "ImportCountry": "CN", "ExportCountry": "HK" }, { "GoodsType": "Goods_02", "ImportCountry": "SG", "ExportCountry": "MY" } ] } } | I68: 2. Kiểm tra thông tin HTTP Status trả về: 200 OK - Thông tin gửi thành công gkhi gửi bằng JSON - thông tin được confirm bình thường - Json có dạng theo format: [PENDING_DOC] — TC gốc/PTTK không mô tả cấu trúc response | J68: SIT | K68: High | L68: Yes | M68: Yes | O68: Passed | P68: Untested
A69: NHÓM VALIDATE - Giao thức HTTP
A70: AML_API_EP_02 | B70: NHÓM VALIDATE | C70: Giao thức HTTP | D70: Medium | E70: Kiểm tra API trả về lỗi thành công khi gọi sai endpoint URL | F70: - User/Quyền: Tài khoản tích hợp AML (Basic Auth YWE6YmI=) còn hiệu lực, có quyền gọi API sàng lọc giao dịch - Trạng thái hệ thống: Service transaction-screening đang chạy trên SIT (https://10.0.137.75:7001); hệ thống EDQ sẵn sàng nhận yêu cầu sàng lọc; không verify DB ([ASSUMPTION: không có tài liệu DB connection]) - Dữ liệu có sẵn: điện mẫu hợp lệ theo transactionType đang test | G70: 1. Gửi POST request tới API transaction-screening với endpoint URL sai: /wrong-path/v1/transaction-screening. 2. Kiểm tra thông tin HTTP Status và Response Body trả về. | H70: - Endpoint: POST https://10.0.137.75:7001/transaction-screening/v1/transaction-screenning - Headers: Content-Type: application/json transactionId: TF_AML_API_EP_02 requestId: REQ_AML_API_EP_02 transactionType: MT channel: T24 isCallBack: N requestUserId: 1 Cookie: JSESSIONID=y2YyMBjrxzc7dswUyMO_K0_EX5gYVjC42KjbIC1m8U3Wr_WC059j!663991662 branchCd: VN0001001 Authorization: Basic YWE6YmI= - Body: {1:F01MCOBVNVXAXXX0000000000} {2:O2951201260724BFICCUHHAXXX00010000012607241201N} {3:{108:MT295TEST0001}} {4: :20:QRY2607240001 :21:NONREF :75:PLEASE CONFIRM STATUS OF TRANSACTION -}{5:{MAC:00000000}{CHK:1A2B3C4D5E6F}} | I70: 2. Kiểm tra thông tin HTTP Status trả về: 404 Not Found - Json trả về: TC gốc không mô tả nội dung response - Json có dạng theo format: [PENDING_DOC] — TC gốc/PTTK không mô tả cấu trúc response | J70: SIT | K70: High | L70: Yes | M70: Yes | N70: Untested | O70: Passed | P70: Untested
A71: AML_API_HTTP_04 | B71: NHÓM VALIDATE | C71: Giao thức HTTP | D71: Medium | E71: Kiểm tra API trả về lỗi thành công khi gọi sai endpoint URL | F71: - User/Quyền: Tài khoản tích hợp AML (Basic Auth YWE6YmI=) còn hiệu lực, có quyền gọi API sàng lọc giao dịch - Trạng thái hệ thống: Service transaction-screening đang chạy trên SIT (https://10.0.137.75:7001); hệ thống EDQ sẵn sàng nhận yêu cầu sàng lọc; không verify DB ([ASSUMPTION: không có tài liệu DB connection]) - Dữ liệu có sẵn: điện mẫu hợp lệ theo transactionType đang test | G71: 1. Gửi POST request tới API transaction-screening với endpoint URL sai: /wrong-endpoint. 2. Kiểm tra thông tin HTTP Status và Response Body trả về. | H71: - Endpoint: POST https://10.0.137.75:7001/transaction-screening/v1/wrong-endpoint - Headers: Content-Type: application/json transactionId: TF_AML_API_HTTP_04 requestId: REQ_AML_API_HTTP_04 transactionType: MT channel: T24 isCallBack: N requestUserId: 1 Cookie: JSESSIONID=y2YyMBjrxzc7dswUyMO_K0_EX5gYVjC42KjbIC1m8U3Wr_WC059j!663991662 branchCd: VN0001001 Authorization: Basic YWE6YmI= - Body: {1:F01MCOBVNVXAXXX0000000000} {2:O2951201260724BFICCUHHAXXX00010000012607241201N} {3:{108:MT295TEST0001}} {4: :20:QRY2607240001 :21:NONREF :75:PLEASE CONFIRM STATUS OF TRANSACTION -}{5:{MAC:00000000}{CHK:1A2B3C4D5E6F}} | I71: 2. Kiểm tra thông tin HTTP Status trả về: 404 Not Found - (Không có body nghiệp vụ) - Json có dạng theo format: [PENDING_DOC] — TC gốc/PTTK không mô tả cấu trúc response | J71: SIT | K71: High | L71: Yes | M71: Yes | N71: Untested | O71: Passed | P71: Untested
A72: AML_API_EP_03 | B72: NHÓM VALIDATE | C72: Giao thức HTTP | D72: Medium | E72: Kiểm tra API trả về lỗi thành công khi gọi sai HTTP Method (GET thay vì POST) | F72: - User/Quyền: Tài khoản tích hợp AML (Basic Auth YWE6YmI=) còn hiệu lực, có quyền gọi API sàng lọc giao dịch - Trạng thái hệ thống: Service transaction-screening đang chạy trên SIT (https://10.0.137.75:7001); hệ thống EDQ sẵn sàng nhận yêu cầu sàng lọc; không verify DB ([ASSUMPTION: không có tài liệu DB connection]) - Dữ liệu có sẵn: điện mẫu hợp lệ theo transactionType đang test | G72: 1. Gửi POST request tới API transaction-screening với sai HTTP Method (GET thay vì POST). 2. Kiểm tra thông tin HTTP Status và Response Body trả về. | H72: - Endpoint: GET https://10.0.137.75:7001/transaction-screening/v1/transaction-screening - Headers: Content-Type: application/json transactionId: TF_AML_API_EP_03 requestId: REQ_AML_API_EP_03 transactionType: MT channel: T24 isCallBack: N requestUserId: 1 Cookie: JSESSIONID=y2YyMBjrxzc7dswUyMO_K0_EX5gYVjC42KjbIC1m8U3Wr_WC059j!663991662 branchCd: VN0001001 Authorization: Basic YWE6YmI= - Body: {1:F01MCOBVNVXAXXX0000000000} {2:O2951201260724BFICCUHHAXXX00010000012607241201N} {3:{108:MT295TEST0001}} {4: :20:QRY2607240001 :21:NONREF :75:PLEASE CONFIRM STATUS OF TRANSACTION -}{5:{MAC:00000000}{CHK:1A2B3C4D5E6F}} | I72: 2. Kiểm tra thông tin HTTP Status trả về: 405 Method Not Allowed - (Không có body nghiệp vụ) - Json có dạng theo format: [PENDING_DOC] — TC gốc/PTTK không mô tả cấu trúc response | J72: SIT | K72: Medium | L72: Yes | M72: Yes | N72: Untested | O72: Passed | P72: Untested
A73: AML_API_EP_04 | B73: NHÓM VALIDATE | C73: Giao thức HTTP | D73: Medium | E73: Kiểm tra API từ chối request thất bại khi sai Content-Type (text/plain) | F73: - User/Quyền: Tài khoản tích hợp AML (Basic Auth YWE6YmI=) còn hiệu lực, có quyền gọi API sàng lọc giao dịch - Trạng thái hệ thống: Service transaction-screening đang chạy trên SIT (https://10.0.137.75:7001); hệ thống EDQ sẵn sàng nhận yêu cầu sàng lọc; không verify DB ([ASSUMPTION: không có tài liệu DB connection]) - Dữ liệu có sẵn: điện mẫu hợp lệ theo transactionType đang test; transactionId = TF_NEW_001; Auth hop le va con han | G73: 1. Gửi POST request tới API transaction-screening với sai Content-Type (text/plain). 2. Kiểm tra thông tin HTTP Status và Response Body trả về. | H73: - Endpoint: POST https://10.0.137.75:7001/transaction-screening/v1/transaction-screening - Headers: Content-Type: text/plain transactionId: TF_NEW_001 requestId: REQ_TF_NEW_001 transactionType: MT channel: T24 isCallBack: N requestUserId: 1 Cookie: JSESSIONID=y2YyMBjrxzc7dswUyMO_K0_EX5gYVjC42KjbIC1m8U3Wr_WC059j!663991662 branchCd: VN0001001 Authorization: Basic YWE6YmI= - Body: {1:F01MCOBVNVXAXXX0000000000} {2:O1951201260724BFICCUHHAXXX00010000012607241201N} {3:{108:MT195TEST0001}} {4: :20:QRY2607240001 :21:NONREF :75:PLEASE CONFIRM -}{5:{MAC:00000000}{CHK:1A2B3C4D5E6F}} | I73: 2. Kiểm tra thông tin HTTP Status trả về: 415 Unsupported Media Type | J73: SIT | K73: Medium | L73: Yes | M73: Yes | O73: Passed | P73: Untested
A74: NHÓM VALIDATE - Header: transactionId
A75: AML_API_HDR_02 | B75: NHÓM VALIDATE | C75: Header: transactionId | D75: Medium | E75: Kiểm tra API từ chối request thất bại khi thiếu header bắt buộc 'transactionId' | F75: - User/Quyền: Tài khoản tích hợp AML (Basic Auth YWE6YmI=) còn hiệu lực, có quyền gọi API sàng lọc giao dịch - Trạng thái hệ thống: Service transaction-screening đang chạy trên SIT (https://10.0.137.75:7001); hệ thống EDQ sẵn sàng nhận yêu cầu sàng lọc; không verify DB ([ASSUMPTION: không có tài liệu DB connection]) - Dữ liệu có sẵn: điện mẫu hợp lệ theo transactionType đang test | G75: 1. Gửi POST request tới API transaction-screening với thiếu header bắt buộc 'transactionId'. 2. Kiểm tra thông tin HTTP Status và Response Body trả về. | H75: - Endpoint: POST https://10.0.137.75:7001/transaction-screening/v1/transaction-screening - Headers: Content-Type: application/json requestId: REQ_HDR_002 transactionType: MT channel: T24 isCallBack: N requestUserId: 1 Cookie: JSESSIONID=y2YyMBjrxzc7dswUyMO_K0_EX5gYVjC42KjbIC1m8U3Wr_WC059j!663991662 branchCd: VN0001001 Authorization: Basic YWE6YmI= - Body: {1:F01MCOBVNVXAXXX0000000000} {2:O1951201260724BFICCUHHAXXX00010000012607241201N} {3:{108:MT195TEST0001}} {4: :20:QRY2607240001 :21:NONREF :75:PLEASE CONFIRM -}{5:{MAC:00000000}{CHK:1A2B3C4D5E6F}} | I75: 2. Kiểm tra thông tin HTTP Status trả về: 200 OK - Json trả về có thông báo lỗi: result = null, errorCode = "01", errorDetail = "Missing Parameter" - Json có dạng theo format: { "transactionType": "transactionType", "result": null, "score": null, "groupMessageId": null, "requestId": "requestId", "processDate": null, "channel": "channel", "errorCode": "01", "errorDetail": "Missing Parameter", "alertId": null, "transactionId": "", "branchCd": "branchCd" } | J75: SIT | K75: High | L75: Yes | M75: Yes | N75: Untested | O75: Passed | P75: Untested
A76: AML_API_HDR_12 | B76: NHÓM VALIDATE | C76: Header: transactionId | D76: Medium | E76: Kiểm tra API từ chối request thất bại khi 'transactionId' vượt Max Length | F76: - User/Quyền: Tài khoản tích hợp AML (Basic Auth YWE6YmI=) còn hiệu lực, có quyền gọi API sàng lọc giao dịch - Trạng thái hệ thống: Service transaction-screening đang chạy trên SIT (https://10.0.137.75:7001); hệ thống EDQ sẵn sàng nhận yêu cầu sàng lọc; không verify DB ([ASSUMPTION: không có tài liệu DB connection]) - Dữ liệu có sẵn: điện mẫu hợp lệ theo transactionType đang test; transactionId = TF_AAAAAAAAAAAAAAAAAAAAAAAAAAAAAAAAAAAAAAAAAAAAAAAAAAAAAAAAAAAAAAAAAAAAAAAAAAAAAAAAAAAAAAAAAAAAAAAAA | G76: 1. Gửi POST request tới API transaction-screening với 'transactionId' vượt Max Length. 2. Kiểm tra thông tin HTTP Status và Response Body trả về. | H76: - Endpoint: POST https://10.0.137.75:7001/transaction-screening/v1/transaction-screening - Headers: Content-Type: application/json transactionId: TF_AAAAAAAAAAAAAAAAAAAAAAAAAAAAAAAAAAAAAAAAAAAAAAAAAAAAAAAAAAAAAAAAAAAAAAAAAAAAAAAAAAAAAAAAAAAAAAAAA requestId: REQ_AML_API_HDR_12 transactionType: MT channel: T24 isCallBack: N requestUserId: 1 Cookie: JSESSIONID=y2YyMBjrxzc7dswUyMO_K0_EX5gYVjC42KjbIC1m8U3Wr_WC059j!663991662 branchCd: VN0001001 Authorization: Basic YWE6YmI= - Body: {1:F01MCOBVNVXAXXX0000000000} {2:O2951201260724BFICCUHHAXXX00010000012607241201N} {3:{108:MT295TEST0001}} {4: :20:QRY2607240001 :21:NONREF :75:PLEASE CONFIRM STATUS OF TRANSACTION -}{5:{MAC:00000000}{CHK:1A2B3C4D5E6F}} | I76: 2. Kiểm tra thông tin HTTP Status trả về: 200 OK - Json trả về có thông báo lỗi: result = null, errorCode = "01", errorDetail = "Missing Parameter" - Json có dạng theo format: { "transactionType": "transactionType", "result": null, "score": null, "groupMessageId": null, "requestId": "requestId", "processDate": null, "channel": "channel", "errorCode": "01", "errorDetail": "Missing Parameter", "alertId": null, "transactionId": "transactionId", "branchCd": "branchCd" } | J76: SIT | K76: Medium | L76: Yes | M76: Yes | N76: Untested | O76: Passed | P76: Untested
A77: AML_API_NF_03 | B77: NHÓM VALIDATE | C77: Header: transactionId | D77: Medium | E77: Kiểm tra API xử lý an toàn khi 'transactionId' chứa ký tự đặc biệt | F77: - User/Quyền: Tài khoản tích hợp AML (Basic Auth YWE6YmI=) còn hiệu lực, có quyền gọi API sàng lọc giao dịch - Trạng thái hệ thống: Service transaction-screening đang chạy trên SIT (https://10.0.137.75:7001); hệ thống EDQ sẵn sàng nhận yêu cầu sàng lọc; không verify DB ([ASSUMPTION: không có tài liệu DB connection]) - Dữ liệu có sẵn: điện mẫu hợp lệ theo transactionType đang test; transactionId = TF-001 | G77: 1. Gửi POST request tới API transaction-screening với 'transactionId' chứa ký tự đặc biệt. 2. Kiểm tra thông tin HTTP Status và Response Body trả về. | H77: - Endpoint: POST https://10.0.137.75:7001/transaction-screening/v1/transaction-screening - Headers: Content-Type: application/json transactionId: TF-001@#$%& requestId: REQ_TF-001@#$%& transactionType: MT channel: T24 isCallBack: N requestUserId: 1 Cookie: JSESSIONID=y2YyMBjrxzc7dswUyMO_K0_EX5gYVjC42KjbIC1m8U3Wr_WC059j!663991662 branchCd: VN0001001 Authorization: Basic YWE6YmI= - Body: {1:F01MCOBVNVXAXXX0000000000} {2:O2021201260724BFICCUHHAXXX00010000012607241201N} {3:{108:MT202TEST0001}} {4: :20:MT202 :21:SENDEREFERENC001 :32A:170623CNY5000 :58D:/B/BENEFICIARYINST MAJESTUALIDAQ CUBA :72:PHONBEN -} {5:{MAC:12345678}{CHK:123456789ABC}} | I77: 2. Kiểm tra thông tin HTTP Status trả về: 200 OK - errorCode=07 - Json có dạng theo format: [PENDING_DOC] — TC gốc/PTTK không mô tả cấu trúc response | J77: SIT | K77: Low | L77: Yes | M77: Yes | N77: Untested | O77: Passed | P77: Untested
A78: NHÓM VALIDATE - Header: requestId
A79: AML_API_HDR_03 | B79: NHÓM VALIDATE | C79: Header: requestId | D79: Medium | E79: Kiểm tra API từ chối request thất bại khi thiếu header bắt buộc 'requestId' | F79: - User/Quyền: Tài khoản tích hợp AML (Basic Auth YWE6YmI=) còn hiệu lực, có quyền gọi API sàng lọc giao dịch - Trạng thái hệ thống: Service transaction-screening đang chạy trên SIT (https://10.0.137.75:7001); hệ thống EDQ sẵn sàng nhận yêu cầu sàng lọc; không verify DB ([ASSUMPTION: không có tài liệu DB connection]) - Dữ liệu có sẵn: điện mẫu hợp lệ theo transactionType đang test; transactionId = TF_HDR_003 | G79: 1. Gửi POST request tới API transaction-screening với thiếu header bắt buộc 'requestId'. 2. Kiểm tra thông tin HTTP Status và Response Body trả về. | H79: - Endpoint: POST https://10.0.137.75:7001/transaction-screening/v1/transaction-screening - Headers: Content-Type: application/json transactionId: TF_HDR_003 transactionType: MT channel: T24 isCallBack: N requestUserId: 1 Cookie: JSESSIONID=y2YyMBjrxzc7dswUyMO_K0_EX5gYVjC42KjbIC1m8U3Wr_WC059j!663991662 branchCd: VN0001001 Authorization: Basic YWE6YmI= - Body: {1:F01MCOBVNVXAXXX0000000000} {2:O1951201260724BFICCUHHAXXX00010000012607241201N} {3:{108:MT195TEST0001}} {4: :20:QRY2607240001 :21:NONREF :75:PLEASE CONFIRM -}{5:{MAC:00000000}{CHK:1A2B3C4D5E6F}} | I79: 2. Kiểm tra thông tin HTTP Status trả về: 200 OK - Json trả về có thông báo lỗi: result = null, errorCode = "01", errorDetail = "Missing Parameter" - Json có dạng theo format: { "transactionType": "transactionType", "result": null, "score": null, "groupMessageId": null, "requestId": "", "processDate": null, "channel": "channel", "errorCode": "01", "errorDetail": "Missing Parameter", "alertId": null, "transactionId": "transactionId", "branchCd": "branchCd" } | J79: SIT | K79: High | L79: Yes | M79: Yes | N79: Untested | O79: Passed | P79: Untested
A80: NHÓM VALIDATE - Header: transactionType
A81: AML_API_HDR_04 | B81: NHÓM VALIDATE | C81: Header: transactionType | D81: Medium | E81: Kiểm tra API từ chối request thất bại khi thiếu header bắt buộc 'transactionType' | F81: - User/Quyền: Tài khoản tích hợp AML (Basic Auth YWE6YmI=) còn hiệu lực, có quyền gọi API sàng lọc giao dịch - Trạng thái hệ thống: Service transaction-screening đang chạy trên SIT (https://10.0.137.75:7001); hệ thống EDQ sẵn sàng nhận yêu cầu sàng lọc; không verify DB ([ASSUMPTION: không có tài liệu DB connection]) - Dữ liệu có sẵn: điện mẫu hợp lệ theo transactionType đang test; transactionId = TF_HDR_004 | G81: 1. Gửi POST request tới API transaction-screening với thiếu header bắt buộc 'transactionType'. 2. Kiểm tra thông tin HTTP Status và Response Body trả về. | H81: - Endpoint: POST https://10.0.137.75:7001/transaction-screening/v1/transaction-screening - Headers: Content-Type: application/json transactionId: TF_HDR_004 requestId: REQ_HDR_004 channel: T24 isCallBack: N requestUserId: 1 Cookie: JSESSIONID=y2YyMBjrxzc7dswUyMO_K0_EX5gYVjC42KjbIC1m8U3Wr_WC059j!663991662 branchCd: VN0001001 Authorization: Basic YWE6YmI= - Body: {1:F01MCOBVNVXAXXX0000000000} {2:O1951201260724BFICCUHHAXXX00010000012607241201N} {3:{108:MT195TEST0001}} {4: :20:QRY2607240001 :21:NONREF :75:PLEASE CONFIRM -}{5:{MAC:00000000}{CHK:1A2B3C4D5E6F}} | I81: 2. Kiểm tra thông tin HTTP Status trả về: 200 OK - Json trả về có thông báo lỗi: result = null, errorCode = "01", errorDetail = "Missing Parameter" - Json có dạng theo format: { "transactionType": "", "result": null, "score": null, "groupMessageId": null, "requestId": "requestId", "processDate": null, "channel": "channel", "errorCode": "01", "errorDetail": "Missing Parameter", "alertId": null, "transactionId": "transactionId", "branchCd": "branchCd" } | J81: SIT | K81: High | L81: Yes | M81: Yes | N81: Untested | O81: Passed | P81: Untested
A82: AML_API_HDR_13 | B82: NHÓM VALIDATE | C82: Header: transactionType | D82: Medium | E82: Kiểm tra API từ chối request thất bại khi header 'transactionType' không thuộc Code Set được hỗ trợ | F82: - User/Quyền: Tài khoản tích hợp AML (Basic Auth YWE6YmI=) còn hiệu lực, có quyền gọi API sàng lọc giao dịch - Trạng thái hệ thống: Service transaction-screening đang chạy trên SIT (https://10.0.137.75:7001); hệ thống EDQ sẵn sàng nhận yêu cầu sàng lọc; không verify DB ([ASSUMPTION: không có tài liệu DB connection]) - Dữ liệu có sẵn: điện mẫu hợp lệ theo transactionType đang test; transactionId = TF_HDR_013 | G82: 1. Gửi POST request tới API transaction-screening với header 'transactionType' không thuộc Code Set được hỗ trợ. 2. Kiểm tra thông tin HTTP Status và Response Body trả về. | H82: - Endpoint: POST https://10.0.137.75:7001/transaction-screening/v1/transaction-screening - Headers: Content-Type: application/json transactionId: TF_HDR_013 requestId: REQ_TF_HDR_013 transactionType: UNKNOWN_TYPE channel: T24 isCallBack: N requestUserId: 1 Cookie: JSESSIONID=y2YyMBjrxzc7dswUyMO_K0_EX5gYVjC42KjbIC1m8U3Wr_WC059j!663991662 branchCd: VN0001001 Authorization: Basic YWE6YmI= - Body: {1:F01MCOBVNVXAXXX0000000000} {2:O1951201260724BFICCUHHAXXX00010000012607241201N} {3:{108:MT195TEST0001}} {4: :20:QRY2607240001 :21:NONREF :75:PLEASE CONFIRM -}{5:{MAC:00000000}{CHK:1A2B3C4D5E6F}} | I82: 2. Kiểm tra thông tin HTTP Status trả về: 200 OK - Json trả về có thông báo lỗi: result = null, errorCode = "01", errorDetail = "Missing Parameter" - Json có dạng theo format: { "transactionType": "transactionType", "result": null, "score": null, "groupMessageId": null, "requestId": "requestId", "processDate": null, "channel": "channel", "errorCode": "01", "errorDetail": "Missing Parameter", "alertId": null, "transactionId": "transactionId", "branchCd": "branchCd" } | J82: SIT | K82: Medium | L82: Yes | M82: Yes | N82: Untested | O82: Passed | P82: Untested
A83: NHÓM VALIDATE - Header: branchCd
A84: AML_API_HDR_05 | B84: NHÓM VALIDATE | C84: Header: branchCd | D84: Medium | E84: Kiểm tra API từ chối request thất bại khi thiếu header bắt buộc 'branchCd' | F84: - User/Quyền: Tài khoản tích hợp AML (Basic Auth YWE6YmI=) còn hiệu lực, có quyền gọi API sàng lọc giao dịch - Trạng thái hệ thống: Service transaction-screening đang chạy trên SIT (https://10.0.137.75:7001); hệ thống EDQ sẵn sàng nhận yêu cầu sàng lọc; không verify DB ([ASSUMPTION: không có tài liệu DB connection]) - Dữ liệu có sẵn: điện mẫu hợp lệ theo transactionType đang test; transactionId = TF_HDR_005 | G84: 1. Gửi POST request tới API transaction-screening với thiếu header bắt buộc 'branchCd'. 2. Kiểm tra thông tin HTTP Status và Response Body trả về. | H84: - Endpoint: POST https://10.0.137.75:7001/transaction-screening/v1/transaction-screening - Headers: Content-Type: application/json transactionId: TF_HDR_005 requestId: REQ_HDR_005 transactionType: MT channel: T24 isCallBack: N requestUserId: 1 Cookie: JSESSIONID=y2YyMBjrxzc7dswUyMO_K0_EX5gYVjC42KjbIC1m8U3Wr_WC059j!663991662 Authorization: Basic YWE6YmI= - Body: {1:F01MCOBVNVXAXXX0000000000} {2:O1951201260724BFICCUHHAXXX00010000012607241201N} {3:{108:MT195TEST0001}} {4: :20:QRY2607240001 :21:NONREF :75:PLEASE CONFIRM -}{5:{MAC:00000000}{CHK:1A2B3C4D5E6F}} | I84: 2. Kiểm tra thông tin HTTP Status trả về: 200 OK - Json trả về có thông báo lỗi: result = null, errorCode = "01", errorDetail = "Missing Parameter" - Json có dạng theo format: { "transactionType": "transactionType", "result": null, "score": null, "groupMessageId": null, "requestId": "requestId", "processDate": null, "channel": "channel", "errorCode": "01", "errorDetail": "Missing Parameter", "alertId": null, "transactionId": "transactionId", "branchCd": "" } | J84: SIT | K84: High | L84: Yes | M84: Yes | N84: Untested | O84: Passed | P84: Untested
A85: NHÓM VALIDATE - Header: channel
A86: AML_API_HDR_06 | B86: NHÓM VALIDATE | C86: Header: channel | D86: Medium | E86: Kiểm tra API từ chối request thất bại khi thiếu header bắt buộc 'channel' | F86: - User/Quyền: Tài khoản tích hợp AML (Basic Auth YWE6YmI=) còn hiệu lực, có quyền gọi API sàng lọc giao dịch - Trạng thái hệ thống: Service transaction-screening đang chạy trên SIT (https://10.0.137.75:7001); hệ thống EDQ sẵn sàng nhận yêu cầu sàng lọc; không verify DB ([ASSUMPTION: không có tài liệu DB connection]) - Dữ liệu có sẵn: điện mẫu hợp lệ theo transactionType đang test; transactionId = TF_HDR_006 | G86: 1. Gửi POST request tới API transaction-screening với thiếu header bắt buộc 'channel'. 2. Kiểm tra thông tin HTTP Status và Response Body trả về. | H86: - Endpoint: POST https://10.0.137.75:7001/transaction-screening/v1/transaction-screening - Headers: Content-Type: application/json transactionId: TF_HDR_006 requestId: REQ_HDR_006 transactionType: MT isCallBack: N requestUserId: 1 Cookie: JSESSIONID=y2YyMBjrxzc7dswUyMO_K0_EX5gYVjC42KjbIC1m8U3Wr_WC059j!663991662 branchCd: VN0001001 Authorization: Basic YWE6YmI= - Body: {1:F01MCOBVNVXAXXX0000000000} {2:O1951201260724BFICCUHHAXXX00010000012607241201N} {3:{108:MT195TEST0001}} {4: :20:QRY2607240001 :21:NONREF :75:PLEASE CONFIRM -}{5:{MAC:00000000}{CHK:1A2B3C4D5E6F}} | I86: 2. Kiểm tra thông tin HTTP Status trả về: 200 OK - Json trả về có thông báo lỗi: result = null, errorCode = "01", errorDetail = "Missing Parameter" - Json có dạng theo format: { "transactionType": "transactionType", "result": null, "score": null, "groupMessageId": null, "requestId": "requestId", "processDate": null, "channel": "", "errorCode": "01", "errorDetail": "Missing Parameter", "alertId": null, "transactionId": "transactionId", "branchCd": "branchCd" } | J86: SIT | K86: High | L86: Yes | M86: Yes | N86: Untested | O86: Passed | P86: Untested
A87: AML_API_NF_02 | B87: NHÓM VALIDATE | C87: Header: channel | D87: Medium | E87: Kiểm tra API từ chối request thất bại khi 'channel' vượt Max Length | F87: - User/Quyền: Tài khoản tích hợp AML (Basic Auth YWE6YmI=) còn hiệu lực, có quyền gọi API sàng lọc giao dịch - Trạng thái hệ thống: Service transaction-screening đang chạy trên SIT (https://10.0.137.75:7001); hệ thống EDQ sẵn sàng nhận yêu cầu sàng lọc; không verify DB ([ASSUMPTION: không có tài liệu DB connection]) - Dữ liệu có sẵn: điện mẫu hợp lệ theo transactionType đang test; transactionId = TF_NF_004 | G87: 1. Gửi POST request tới API transaction-screening với 'channel' vượt Max Length. 2. Kiểm tra thông tin HTTP Status và Response Body trả về. | H87: - Endpoint: POST https://10.0.137.75:7001/transaction-screening/v1/transaction-screening - Headers: Content-Type: application/json transactionId: TF_NF_004 requestId: REQ_TF_NF_004 transactionType: MT channel: CCCCCCCCCCCCCCCCCCCCCCCCCCCCCCCCCCCCCCCCCCCCCCCCCCCCCCCCCCCCCCCCCCCCCCCCCCCCCCCCCCCCCCCCCCCCCCCCCCCCC isCallBack: N requestUserId: 1 Cookie: JSESSIONID=y2YyMBjrxzc7dswUyMO_K0_EX5gYVjC42KjbIC1m8U3Wr_WC059j!663991662 branchCd: VN0001001 Authorization: Basic YWE6YmI= - Body: {1:F01MCOBVNVXAXXX0000000000} {2:O2021201260724BFICCUHHAXXX00010000012607241201N} {3:{108:MT202TEST0001}} {4: :20:MT202 :21:SENDEREFERENC001 :32A:170623CNY5000 :58D:/B/BENEFICIARYINST MAJESTUALIDAQ CUBA :72:PHONBEN -} {5:{MAC:12345678}{CHK:123456789ABC}} | I87: 2. Kiểm tra thông tin HTTP Status trả về: 200 OK - Json trả về có thông báo lỗi: result = ERROR, errorCode = 01, errorDetail = Missing parameter - varchar2(100): quá độ dài tối đa → lỗi - Json có dạng theo format: { "result": "ERROR", "errorCode": 01, "errorDetail": "Missing parameter", "score": "(null)", "alertId": "(null)", "processDate": null } | J87: SIT | K87: Medium | L87: Yes | M87: Yes | N87: Untested | O87: Passed | P87: Untested
A88: NHÓM VALIDATE - Header: isCallBack
A89: AML_API_HDR_07 | B89: NHÓM VALIDATE | C89: Header: isCallBack | D89: Medium | E89: Kiểm tra API từ chối request thất bại khi thiếu header bắt buộc 'isCallBack' | F89: - User/Quyền: Tài khoản tích hợp AML (Basic Auth YWE6YmI=) còn hiệu lực, có quyền gọi API sàng lọc giao dịch - Trạng thái hệ thống: Service transaction-screening đang chạy trên SIT (https://10.0.137.75:7001); hệ thống EDQ sẵn sàng nhận yêu cầu sàng lọc; không verify DB ([ASSUMPTION: không có tài liệu DB connection]) - Dữ liệu có sẵn: điện mẫu hợp lệ theo transactionType đang test; transactionId = TF_HDR_007 | G89: 1. Gửi POST request tới API transaction-screening với thiếu header bắt buộc 'isCallBack'. 2. Kiểm tra thông tin HTTP Status và Response Body trả về. | H89: - Endpoint: POST https://10.0.137.75:7001/transaction-screening/v1/transaction-screening - Headers: Content-Type: application/json transactionId: TF_HDR_007 requestId: REQ_HDR_007 transactionType: MT channel: T24 requestUserId: 1 Cookie: JSESSIONID=y2YyMBjrxzc7dswUyMO_K0_EX5gYVjC42KjbIC1m8U3Wr_WC059j!663991662 branchCd: VN0001001 Authorization: Basic YWE6YmI= - Body: {1:F01MCOBVNVXAXXX0000000000} {2:O1951201260724BFICCUHHAXXX00010000012607241201N} {3:{108:MT195TEST0001}} {4: :20:QRY2607240001 :21:NONREF :75:PLEASE CONFIRM -}{5:{MAC:00000000}{CHK:1A2B3C4D5E6F}} | I89: 2. Kiểm tra thông tin HTTP Status trả về: 200 OK - Json trả về có thông báo lỗi: result = ERROR, errorCode = 01, errorDetail = Missing parameter - Json có dạng theo format: { "result": "ERROR", "errorCode": 01, "errorDetail": "Missing parameter", "score": "(null)", "alertId": "(null)", "processDate": null } | J89: SIT | K89: High | L89: Yes | M89: Yes | N89: Untested | O89: Passed | P89: Untested
A90: AML_API_HDR_11 | B90: NHÓM VALIDATE | C90: Header: isCallBack | D90: Medium | E90: Kiểm tra API từ chối request thất bại khi header 'isCallBack' sai định dạng giá trị (khác Y/N) | F90: - User/Quyền: Tài khoản tích hợp AML (Basic Auth YWE6YmI=) còn hiệu lực, có quyền gọi API sàng lọc giao dịch - Trạng thái hệ thống: Service transaction-screening đang chạy trên SIT (https://10.0.137.75:7001); hệ thống EDQ sẵn sàng nhận yêu cầu sàng lọc; không verify DB ([ASSUMPTION: không có tài liệu DB connection]) - Dữ liệu có sẵn: điện mẫu hợp lệ theo transactionType đang test; transactionId = TF_HDR_011 | G90: 1. Gửi POST request tới API transaction-screening với header 'isCallBack' sai định dạng giá trị (khác Y/N). 2. Kiểm tra thông tin HTTP Status và Response Body trả về. | H90: - Endpoint: POST https://10.0.137.75:7001/transaction-screening/v1/transaction-screening - Headers: Content-Type: application/json transactionId: TF_HDR_011 requestId: REQ_TF_HDR_011 transactionType: MT channel: T24 isCallBack: X requestUserId: 1 Cookie: JSESSIONID=y2YyMBjrxzc7dswUyMO_K0_EX5gYVjC42KjbIC1m8U3Wr_WC059j!663991662 branchCd: VN0001001 Authorization: Basic YWE6YmI= - Body: {1:F01MCOBVNVXAXXX0000000000} {2:O1951201260724BFICCUHHAXXX00010000012607241201N} {3:{108:MT195TEST0001}} {4: :20:QRY2607240001 :21:NONREF :75:PLEASE CONFIRM -}{5:{MAC:00000000}{CHK:1A2B3C4D5E6F}} | I90: 2. Kiểm tra thông tin HTTP Status trả về: 200 OK - Json trả về có thông báo lỗi: result = null, errorCode = "01", errorDetail = "Missing Parameter" - Json có dạng theo format: { "transactionType": "transactionType", "result": null, "score": null, "groupMessageId": null, "requestId": "requestId", "processDate": null, "channel": "channel", "errorCode": "01", "errorDetail": "Missing Parameter", "alertId": null, "transactionId": "transactionId", "branchCd": "branchCd" } | J90: SIT | K90: Medium | L90: Yes | M90: Yes | N90: Untested | O90: Passed | P90: Untested
A91: NHÓM VALIDATE - Header: requestUserId
A92: AML_API_HDR_08 | B92: NHÓM VALIDATE | C92: Header: requestUserId | D92: Medium | E92: Kiểm tra API xử lý thành công khi không truyền header optional 'requestUserId' | F92: - User/Quyền: Tài khoản tích hợp AML (Basic Auth YWE6YmI=) còn hiệu lực, có quyền gọi API sàng lọc giao dịch - Trạng thái hệ thống: Service transaction-screening đang chạy trên SIT (https://10.0.137.75:7001); hệ thống EDQ sẵn sàng nhận yêu cầu sàng lọc; không verify DB ([ASSUMPTION: không có tài liệu DB connection]) - Dữ liệu có sẵn: điện mẫu hợp lệ theo transactionType đang test; transactionId = TF_HDR_008; Không truyền requestUserId | G92: 1. Gửi POST request tới API transaction-screening với không truyền header optional 'requestUserId'. 2. Kiểm tra thông tin HTTP Status và Response Body trả về. | H92: - Endpoint: POST https://10.0.137.75:7001/transaction-screening/v1/transaction-screening - Headers: Content-Type: application/json transactionId: TF_HDR_008 requestId: REQ_TF_HDR_008 transactionType: MT channel: T24 isCallBack: N Cookie: JSESSIONID=y2YyMBjrxzc7dswUyMO_K0_EX5gYVjC42KjbIC1m8U3Wr_WC059j!663991662 branchCd: VN0001001 Authorization: Basic YWE6YmI= - Body: {1:F01MCOBVNVXAXXX0000000000} {2:O1951201260724BFICCUHHAXXX00010000012607241201N} {3:{108:MT195TEST0001}} {4: :20:QRY2607240001 :21:NONREF :75:PLEASE CONFIRM -}{5:{MAC:00000000}{CHK:1A2B3C4D5E6F}} | I92: 2. Kiểm tra thông tin HTTP Status trả về: 200 OK - Json trả về có kết quả sàng lọc: result = No-HIT hoặc HIT, errorCode = null, score = score - Json có dạng theo format: { "result": "No-HIT hoặc HIT", "transactionType": "transactionType", "score": "score", "groupMessageId": "groupMessageId", "requestId": "requestId", "processDate": "processDate", "channel": "channel", "errorCode": null, "errorDetail": null, "alertId": "alertId", "transactionId": "transactionId", "branchCd": "branchCd" } | J92: SIT | K92: Medium | L92: Yes | M92: Yes | N92: Untested | O92: Passed | P92: Untested
A93: AML_API_HDR_09 | B93: NHÓM VALIDATE | C93: Header: requestUserId | D93: Medium | E93: Kiểm tra API từ chối request thất bại khi 'requestUserId' vượt Max Length | F93: - User/Quyền: Tài khoản tích hợp AML (Basic Auth YWE6YmI=) còn hiệu lực, có quyền gọi API sàng lọc giao dịch - Trạng thái hệ thống: Service transaction-screening đang chạy trên SIT (https://10.0.137.75:7001); hệ thống EDQ sẵn sàng nhận yêu cầu sàng lọc; không verify DB ([ASSUMPTION: không có tài liệu DB connection]) - Dữ liệu có sẵn: điện mẫu hợp lệ theo transactionType đang test; transactionId = TF_NEW_P2_007; Auth hop le va con han | G93: 1. Gửi POST request tới API transaction-screening với 'requestUserId' vượt Max Length. 2. Kiểm tra thông tin HTTP Status và Response Body trả về. | H93: - Endpoint: POST https://10.0.137.75:7001/transaction-screening/v1/transaction-screening - Headers: Content-Type: application/json transactionId: TF_NEW_P2_007 requestId: REQ_TF_NEW_P2_007 transactionType: MT channel: T24 isCallBack: N requestUserId: xxxxxxxxxxxxxxxxxxxxxxxxxxxxxxxxxxxxxxxxxxxxxxxxxxxxxxxxxxxxxxxxxxxxxxxxxxxxxxxxxxxxxxxxxxxxxxxxxxxxx Cookie: JSESSIONID=y2YyMBjrxzc7dswUyMO_K0_EX5gYVjC42KjbIC1m8U3Wr_WC059j!663991662 branchCd: VN0001001 Authorization: Basic YWE6YmI= - Body: {1:F01MCOBVNVXAXXX0000000000} {2:O1951201260724BFICCUHHAXXX00010000012607241201N} {3:{108:MT195TEST0001}} {4: :20:QRY2607240001 :21:NONREF :75:PLEASE CONFIRM -}{5:{MAC:00000000}{CHK:1A2B3C4D5E6F}} | I93: 2. Kiểm tra thông tin HTTP Status trả về: 200 OK - Json trả về có thông báo lỗi: result = "ERROR", errorCode = "01", errorDetail = "Missing Parameter" | J93: SIT | K93: Medium | L93: Yes | M93: Yes | O93: Passed | P93: Untested
A94: NHÓM VALIDATE - Cấu trúc body: MT
A95: AML_API_MT_04 | B95: NHÓM VALIDATE | C95: Cấu trúc body: MT | D95: Medium | E95: Kiểm tra API từ chối điện MT thất bại khi body sai format cú pháp | F95: - User/Quyền: Tài khoản tích hợp AML (Basic Auth YWE6YmI=) còn hiệu lực, có quyền gọi API sàng lọc giao dịch - Trạng thái hệ thống: Service transaction-screening đang chạy trên SIT (https://10.0.137.75:7001); hệ thống EDQ sẵn sàng nhận yêu cầu sàng lọc; không verify DB ([ASSUMPTION: không có tài liệu DB connection]) - Dữ liệu có sẵn: điện mẫu hợp lệ theo transactionType đang test; transactionId = TF_MT_004 | G95: 1. Gửi POST request tới API transaction-screening với điện MT body sai format cú pháp. 2. Kiểm tra thông tin HTTP Status và Response Body trả về. | H95: - Endpoint: POST https://10.0.137.75:7001/transaction-screening/v1/transaction-screening - Headers: Content-Type: application/json transactionId: TF_MT_004 requestId: REQ_TF_MT_004 transactionType: MT channel: T24 isCallBack: N requestUserId: 1 Cookie: JSESSIONID=y2YyMBjrxzc7dswUyMO_K0_EX5gYVjC42KjbIC1m8U3Wr_WC059j!663991662 branchCd: VN0001001 Authorization: Basic YWE6YmI= - Body: INVALID_MT_BODY_NOT_SWIFT | I95: 2. Kiểm tra thông tin HTTP Status trả về: 200 OK [ASSUMPTION: TC gốc chỉ mô tả nội dung response, không nêu HTTP Status; API trả HTTP 200 cho mọi kết quả nghiệp vụ theo các TC cùng nhóm] - Json trả về có thông báo lỗi: result = null, errorCode = "03", errorDetail = "Invalid message format" - Json có dạng theo format: { "result": null, "score": null, "groupMessageId": null, "requestId": "requestId", "processDate": null, "channel": "T24", "errorCode": "03", "errorDetail": "Invalid message format", "alertId": null, "transactionId": "transactionId" } | J95: SIT | K95: High | L95: Yes | M95: Yes | N95: Untested | O95: Passed | P95: Untested
A96: AML_API_MT_05 | B96: NHÓM VALIDATE | C96: Cấu trúc body: MT | D96: Medium | E96: Kiểm tra API từ chối request thất bại khi body điện MT null | F96: - User/Quyền: Tài khoản tích hợp AML (Basic Auth YWE6YmI=) còn hiệu lực, có quyền gọi API sàng lọc giao dịch - Trạng thái hệ thống: Service transaction-screening đang chạy trên SIT (https://10.0.137.75:7001); hệ thống EDQ sẵn sàng nhận yêu cầu sàng lọc; không verify DB ([ASSUMPTION: không có tài liệu DB connection]) - Dữ liệu có sẵn: điện mẫu hợp lệ theo transactionType đang test; transactionId = TF_MT_005 | G96: 1. Gửi POST request tới API transaction-screening với body điện MT null. 2. Kiểm tra thông tin HTTP Status và Response Body trả về. | H96: - Endpoint: POST https://10.0.137.75:7001/transaction-screening/v1/transaction-screening - Headers: Content-Type: application/json transactionId: TF_MT_005 requestId: REQ_TF_MT_005 transactionType: MT channel: T24 isCallBack: N requestUserId: 1 Cookie: JSESSIONID=y2YyMBjrxzc7dswUyMO_K0_EX5gYVjC42KjbIC1m8U3Wr_WC059j!663991662 branchCd: VN0001001 Authorization: Basic YWE6YmI= - Body: | I96: 2. Kiểm tra thông tin HTTP Status trả về: 400 Bad Request - Json trả về có thông tin: timestamp = "timestamp UTC", status = 400, error = "Bad Request" - Json có dạng theo format: { "timestamp": "timestamp UTC", "status": 400, "error": "Bad Request", "path": "/transaction-screening/v1/transaction-screening" } | J96: SIT | K96: High | L96: Yes | M96: Yes | N96: Untested | O96: Passed | P96: Untested
A97: NHÓM VALIDATE - Cấu trúc body: MX
A98: AML_API_MX_05 | B98: NHÓM VALIDATE | C98: Cấu trúc body: MX | D98: Medium | E98: Kiểm tra API từ chối điện MX thất bại khi body sai format cú pháp | F98: - User/Quyền: Tài khoản tích hợp AML (Basic Auth YWE6YmI=) còn hiệu lực, có quyền gọi API sàng lọc giao dịch - Trạng thái hệ thống: Service transaction-screening đang chạy trên SIT (https://10.0.137.75:7001); hệ thống EDQ sẵn sàng nhận yêu cầu sàng lọc; không verify DB ([ASSUMPTION: không có tài liệu DB connection]) - Dữ liệu có sẵn: điện mẫu MX_IN hợp lệ, đầy đủ toàn bộ trường mandatory theo chuẩn; transactionId = TF_MX_005 | G98: 1. Gửi POST request tới API transaction-screening với điện MX body sai format cú pháp. 2. Kiểm tra thông tin HTTP Status và Response Body trả về. | H98: - Endpoint: POST https://10.0.137.75:7001/transaction-screening/v1/transaction-screening - Headers: Content-Type: application/json transactionId: TF_MX_005 requestId: REQ_TF_MX_005 transactionType: MX_IN channel: T24 isCallBack: N requestUserId: 1 Cookie: JSESSIONID=y2YyMBjrxzc7dswUyMO_K0_EX5gYVjC42KjbIC1m8U3Wr_WC059j!663991662 branchCd: VN0001001 Authorization: Basic YWE6YmI= - Body: <Document><INVALID></Document> | I98: 2. Kiểm tra thông tin HTTP Status trả về: 200 OK - Json trả về có thông báo lỗi: result = ERROR, errorCode = 03, errorDetail = Invalid message format - XML không đúng schema ISO 20022 pacs.009 - Json có dạng theo format: { "result": "ERROR", "errorCode": 03, "errorDetail": "Invalid message format", "score": "(null)", "alertId": "(null)", "processDate": null } | J98: SIT | K98: High | L98: Yes | M98: Yes | N98: Untested | O98: Passed | P98: Untested
A99: AML_API_MX_06 | B99: NHÓM VALIDATE | C99: Cấu trúc body: MX | D99: Medium | E99: Kiểm tra API từ chối request thất bại khi body điện MX null | F99: - User/Quyền: Tài khoản tích hợp AML (Basic Auth YWE6YmI=) còn hiệu lực, có quyền gọi API sàng lọc giao dịch - Trạng thái hệ thống: Service transaction-screening đang chạy trên SIT (https://10.0.137.75:7001); hệ thống EDQ sẵn sàng nhận yêu cầu sàng lọc; không verify DB ([ASSUMPTION: không có tài liệu DB connection]) - Dữ liệu có sẵn: điện mẫu hợp lệ theo transactionType đang test; transactionId = TF_AML_API_MX_06_B | G99: 1. Gửi POST request tới API transaction-screening với body điện MX null. 2. Kiểm tra thông tin HTTP Status và Response Body trả về. | H99: - Endpoint: POST https://10.0.137.75:7001/transaction-screening/v1/transaction-screening - Headers: Content-Type: application/json transactionId: TF_AML_API_MX_06_B requestId: REQ_TF_AML_API_MX_06_B transactionType: MX_IN channel: T24 isCallBack: N requestUserId: 1 Cookie: JSESSIONID=y2YyMBjrxzc7dswUyMO_K0_EX5gYVjC42KjbIC1m8U3Wr_WC059j!663991662 branchCd: VN0001001 Authorization: Basic YWE6YmI= - Body: | I99: 2. Kiểm tra thông tin HTTP Status trả về: 400 Bad Request - Json trả về có thông tin: timestamp = "timestamp UTC", status = 400, error = "Bad Request" - Json có dạng theo format: { "timestamp": "timestamp UTC", "status": 400, "error": "Bad Request", "path": "/transaction-screening/v1/transaction-screening" } | J99: SIT | K99: Medium | L99: Yes | M99: Yes | N99: Untested | O99: Passed | P99: Untested
A100: NHÓM VALIDATE - điện MT195
A101: AML_MT195_MND_01 | B101: NHÓM VALIDATE | C101: điện MT195 | D101: Medium | E101: Kiểm tra API từ chối điện MT195 thất bại khi thiếu trường mandatory 20 (Transaction Reference Number) | F101: - User/Quyền: Tài khoản tích hợp AML (Basic Auth YWE6YmI=) còn hiệu lực, có quyền gọi API sàng lọc giao dịch - Trạng thái hệ thống: Service transaction-screening đang chạy trên SIT (https://10.0.137.75:7001); hệ thống EDQ sẵn sàng nhận yêu cầu sàng lọc; không verify DB ([ASSUMPTION: không có tài liệu DB connection]) - Dữ liệu có sẵn: điện mẫu MT195 hợp lệ, đầy đủ toàn bộ trường mandatory theo chuẩn; transactionId = TF_AML_MT195_MND_03; Body MT195 KHÔNG có thông tin tag :20: Format thông tin yêu cầu: Tối đa 16 ký tự alphanumeric Các thông tin mandatory khác vẫn đủ thông tin | G101: 1. Gửi POST request tới API transaction-screening với điện MT195 thiếu trường mandatory 20 (Transaction Reference Number). 2. Kiểm tra thông tin HTTP Status và Response Body trả về. | H101: - Endpoint: POST https://10.0.137.75:7001/transaction-screening/v1/transaction-screening - Headers: Content-Type: application/json transactionId: TF_AML_MT195_MND_03 requestId: REQ_AML_MT195_MND_03 transactionType: MT channel: T24 isCallBack: N requestUserId: 1 Cookie: JSESSIONID=y2YyMBjrxzc7dswUyMO_K0_EX5gYVjC42KjbIC1m8U3Wr_WC059j!663991662 branchCd: VN0001001 Authorization: Basic YWE6YmI= - Body: {1:F01MCOBVNVXAXXX0000000000} {2:O1951201260724BFICCUHHAXXX00010000012607241201N} {3:{108:MT195TEST0001}} {4: :21:NONREF :75:PLEASE CONFIRM STATUS OF TRANSACTION -}{5:{MAC:00000000}{CHK:1A2B3C4D5E6F}} | I101: 2. Kiểm tra thông tin HTTP Status trả về: 200 OK - Json trả về có thông báo lỗi: result = ERROR, errorCode = "03", errorDetail = "Message is not valid. Please correct the message and repost it" - Json có dạng theo format: { "result": "ERROR", "errorCode": "03", "errorDetail": "Message is not valid. Please correct the message and repost it", "score": null, "alertId": null, "processDate": null } | J101: SIT | K101: Medium | L101: Yes | M101: Yes | N101: Untested | O101: Passed | P101: Untested
A102: AML_MT195_MND_02 | B102: NHÓM VALIDATE | C102: điện MT195 | D102: Medium | E102: Kiểm tra API từ chối điện MT195 thất bại khi thiếu trường mandatory 21 (Related Reference) | F102: - User/Quyền: Tài khoản tích hợp AML (Basic Auth YWE6YmI=) còn hiệu lực, có quyền gọi API sàng lọc giao dịch - Trạng thái hệ thống: Service transaction-screening đang chạy trên SIT (https://10.0.137.75:7001); hệ thống EDQ sẵn sàng nhận yêu cầu sàng lọc; không verify DB ([ASSUMPTION: không có tài liệu DB connection]) - Dữ liệu có sẵn: điện mẫu MT195 hợp lệ, đầy đủ toàn bộ trường mandatory theo chuẩn; transactionId = TF_AML_MT195_MND_05; Body MT195 KHÔNG có thông tin tag :21: Format thông tin yêu cầu: Tối đa 16 ký tự alphanumeric Các thông tin mandatory khác vẫn đủ thông tin | G102: 1. Gửi POST request tới API transaction-screening với điện MT195 thiếu trường mandatory 21 (Related Reference). 2. Kiểm tra thông tin HTTP Status và Response Body trả về. | H102: - Endpoint: POST https://10.0.137.75:7001/transaction-screening/v1/transaction-screening - Headers: Content-Type: application/json transactionId: TF_AML_MT195_MND_05 requestId: REQ_AML_MT195_MND_05 transactionType: MT channel: T24 isCallBack: N requestUserId: 1 Cookie: JSESSIONID=y2YyMBjrxzc7dswUyMO_K0_EX5gYVjC42KjbIC1m8U3Wr_WC059j!663991662 branchCd: VN0001001 Authorization: Basic YWE6YmI= - Body: {1:F01MCOBVNVXAXXX0000000000} {2:O1951201260724BFICCUHHAXXX00010000012607241201N} {3:{108:MT195TEST0001}} {4: :20:QRY2607240001 :75:PLEASE CONFIRM STATUS OF TRANSACTION -}{5:{MAC:00000000}{CHK:1A2B3C4D5E6F}} | I102: 2. Kiểm tra thông tin HTTP Status trả về: 200 OK - Json trả về có thông báo lỗi: result = ERROR, errorCode = "03", errorDetail = "Message is not valid. Please correct the message and repost it" - Json có dạng theo format: { "result": "ERROR", "errorCode": "03", "errorDetail": "Message is not valid. Please correct the message and repost it", "score": null, "alertId": null, "processDate": null } | J102: SIT | K102: Medium | L102: Yes | M102: Yes | N102: Untested | O102: Passed | P102: Untested
A103: AML_MT195_MND_03 | B103: NHÓM VALIDATE | C103: điện MT195 | D103: Medium | E103: Kiểm tra API từ chối điện MT195 thất bại khi thiếu trường mandatory 75 (Queries) | F103: - User/Quyền: Tài khoản tích hợp AML (Basic Auth YWE6YmI=) còn hiệu lực, có quyền gọi API sàng lọc giao dịch - Trạng thái hệ thống: Service transaction-screening đang chạy trên SIT (https://10.0.137.75:7001); hệ thống EDQ sẵn sàng nhận yêu cầu sàng lọc; không verify DB ([ASSUMPTION: không có tài liệu DB connection]) - Dữ liệu có sẵn: điện mẫu MT195 hợp lệ, đầy đủ toàn bộ trường mandatory theo chuẩn; transactionId = TF_AML_MT195_MND_07; Body MT195 KHÔNG có thông tin tag :75: Format thông tin yêu cầu: Tối đa 6 dòng × 35 ký tự Các thông tin mandatory khác vẫn đủ thông tin | G103: 1. Gửi POST request tới API transaction-screening với điện MT195 thiếu trường mandatory 75 (Queries). 2. Kiểm tra thông tin HTTP Status và Response Body trả về. | H103: - Endpoint: POST https://10.0.137.75:7001/transaction-screening/v1/transaction-screening - Headers: Content-Type: application/json transactionId: TF_AML_MT195_MND_07 requestId: REQ_AML_MT195_MND_07 transactionType: MT channel: T24 isCallBack: N requestUserId: 1 Cookie: JSESSIONID=y2YyMBjrxzc7dswUyMO_K0_EX5gYVjC42KjbIC1m8U3Wr_WC059j!663991662 branchCd: VN0001001 Authorization: Basic YWE6YmI= - Body: {1:F01MCOBVNVXAXXX0000000000} {2:O1951201260724BFICCUHHAXXX00010000012607241201N} {3:{108:MT195TEST0001}} {4: :20:QRY2607240001 :21:NONREF -}{5:{MAC:00000000}{CHK:1A2B3C4D5E6F}} | I103: 2. Kiểm tra thông tin HTTP Status trả về: 200 OK - Json trả về có thông báo lỗi: result = ERROR, errorCode = "03", errorDetail = "Message is not valid. Please correct the message and repost it" - Json có dạng theo format: { "result": "ERROR", "errorCode": "03", "errorDetail": "Message is not valid. Please correct the message and repost it", "score": null, "alertId": null, "processDate": null } | J103: SIT | K103: Medium | L103: Yes | M103: Yes | N103: Untested | O103: Passed | P103: Untested
A104: NHÓM VALIDATE - điện MT196
...

Sheet Validate MSB001
A1: VALIDATE ĐIỆN MSB001 — chia block theo trường (Thiết kế tích hợp điện)
A2: Test Case ID | B2: Function | C2: Group Tests | D2: Risk Level | E2: Test Case Title | F2: Pre-conditions | G2: Test Steps | H2: Test Data | I2: Expected result | J2: Environment | K2: Priority | L2: Regression | M2: Automation | N2: 1st Test Results | O2: 2nd Test Results | P2: 3rd Test Results | Q2: Automation Test Results | R2: Actual result | S2: BugID | T2: Note
A3: NHÓM VALIDATE - Trường: Sender.FullName
A4: AML_MSB001_VAL_001 | B4: NHÓM VALIDATE | C4: Sender.FullName | D4: Medium | E4: Kiểm tra API từ chối Điện MSB001 thất bại khi thiếu trường mandatory Sender.FullName | F4: - User/Quyền: Tài khoản đăng nhập có quyền gọi API sàng lọc giao dịch - token còn hạn - Dữ liệu có sẵn: Thông tin dữ liệu mẫu MSB001 hợp lệ có thông số transactionType đang test, đầy đủ toàn bộ trường mandatory theo chuẩn, transactionId là TF_AML_MSB001_MND_02; Body MSB001 KHÔNG có trường Sender.FullName Các thông tin mandatory khác vẫn đủ thông tin | G4: 1. Gửi POST request tới API transaction-screening với Điện MSB001 thiếu trường mandatory Sender.FullName. 2. Kiểm tra thông tin HTTP Status và Response Body trả về. | H4: - Endpoint: POST https://10.0.137.75:7001/transaction-screening/v1/transaction-screening - Headers: Content-Type: application/json transactionId: TF_AML_MSB001_MND_02 requestId: REQ_TF_AML_MSB001_MND_02 transactionType: MSB001 channel: T24 isCallBack: N requestUserId: 1 Cookie: JSESSIONID=y2YyMBjrxzc7dswUyMO_K0_EX5gYVjC42KjbIC1m8U3Wr_WC059j!663991662 branchCd: VN0001001 Authorization: Basic YWE6YmI= - Body: { "MSB001": { "Sender": { "DOB": "1985-05-20", "Nationalities": [ { "Citizenship": "VN" } ], "Id": [ { "IdNumber": "037085001234" } ], "ResidenceAddress": [ { "Address": "123 Nguyen Trai, Thanh Xuan, Ha Noi", "Country": "VN" } ] }, "Receiver": { "FullName": "JOHN RECEIVER SMITH", "DOB": "1990-11-12", "Nationalities": [ { "Citizenship": "US" } ], "Id": [ { "IdNumber": "A12345678" } ], "ResidenceAddress": [ { "Address": "456 Broadway, New York, NY 10013", "Country": "US" } ] }, "SenderOrg": { "VnName": "Cong ty Co phan Xuat nhap khau ABC", "EngName": "ABC Import Export Joint Stock Company", "ShortName": "ABC IMPEX", "HeadquartersAddress": "789 Le Lai, District 1, Ho Chi Minh City", "HeadquartersCountry": "VN", "IncorporationDate": "2010-03-15", "Documents": [ { "DocumentNumber": "0102030405" } ] }, "ReceiverOrg": { "VnName": "Cong ty TNHH Giao nhan Toan Cau XYZ", "EngName": "XYZ Global Logistics Company Limited", "ShortName": "XYZ LOGISTICS", "HeadquartersAddress": "101 Marina Boulevard, Singapore 018989", "HeadquartersCountry": "SG", "IncorporationDate": "2015-08-22", "Documents": [ { "DocumentNumber": "REG987654" } ] }, "BeneficiaryBankName": "VIETCOMBANK HO CHI MINH", "BeneficiaryBankBicCode": "BFTVBNVX002", "BeneficiaryBankAddress": "29 Ben Chuong Duong, District 1, Ho Chi Minh City", "BeneficiaryBankCountry": "VN", "RemittingBankName": "CITIBANK NEW YORK", "RemittingBankBicCode": "CITIUS33XXX", "RemittingBankAddress": "399 Park Avenue, New York, NY 10022", "RemittingBankCountry": "US" } } | I4: 2. Kiểm tra thông tin HTTP Status trả về: 404 - Json trả về có thông báo lỗi: result = ERROR, errorCode = "03", errorDetail = "Message is not valid. Please correct the message and repost it" | J4: SIT | K4: Medium | L4: Yes | M4: Yes | N4: Untested | O4: Passed | P4: Untested | T4: [DANH LAI ID] ID goc: AML_MSB001_MND_02 | Da gop 1 ban trung tu sheet ROUND 1
A5: AML_MSB001_VAL_002 | B5: NHÓM VALIDATE | C5: Sender.FullName | D5: Medium | E5: Kiểm tra MSB001: trường Sender.FullName truyền null | F5: - Tài khoản tích hợp AML còn hiệu lực và có quyền gọi API. - Service transaction-screening và EDQ sẵn sàng, trừ TC mô phỏng lỗi hạ tầng. - Có payload MSB001 hợp lệ theo file Thiết kế tích hợp điện và Mapping điện NonSwift; giữ nguyên các trường khác. | G5: 1. Chuẩn bị request hợp lệ. 2. Gán Sender.FullName = null; các trường khác hợp lệ. 3. Gửi request. 4. Kiểm tra HTTP status, result, errorCode, errorDetail và thời gian phản hồi. | H5: - Endpoint: POST https://10.0.137.75:7001/transaction-screening/v1/transaction-screening - Headers hợp lệ: Content-Type=application/json; transactionId=AML_MSB001_BODY_001; requestId=REQ_AML_MSB001_BODY_001; transactionType=MSB001; branchCd=VN0001001; channel=T24; isCallBack=N; requestUserId=1; Authorization=Basic YWE6YmI= - Body: dùng payload MSB001 hợp lệ làm baseline, chỉ thay đổi đúng trường nêu trong TC. - Biến thể: Sender.FullName = null. - Theo Mapping điện NonSwift1: maxlength = 140 (Max140Text); trường mandatory. | I5: - HTTP 404 theo cơ chế response nghiệp vụ. - result = "ERROR". - errorCode = "03" (Invalid message format). - errorDetail chỉ rõ trường bắt buộc bị thiếu giá trị; không tạo kết quả sàng lọc sai. | J5: SIT | K5: Medium | L5: Yes | M5: No | N5: Untested | O5: Untested | P5: Untested | T5: [DANH LAI ID] ID goc: AML_MSB001_BODY_001
A6: AML_MSB001_VAL_003 | B6: NHÓM VALIDATE | C6: Sender.FullName | D6: Medium | E6: Kiểm tra MSB001: trường Sender.FullName truyền chuỗi rỗng | F6: - Tài khoản tích hợp AML còn hiệu lực và có quyền gọi API. - Service transaction-screening và EDQ sẵn sàng, trừ TC mô phỏng lỗi hạ tầng. - Có payload MSB001 hợp lệ theo file Thiết kế tích hợp điện và Mapping điện NonSwift; giữ nguyên các trường khác. | G6: 1. Chuẩn bị request hợp lệ. 2. Gán Sender.FullName = ""; các trường khác hợp lệ. 3. Gửi request. 4. Kiểm tra HTTP status, result, errorCode, errorDetail và thời gian phản hồi. | H6: - Endpoint: POST https://10.0.137.75:7001/transaction-screening/v1/transaction-screening - Headers hợp lệ: Content-Type=application/json; transactionId=AML_MSB001_BODY_002; requestId=REQ_AML_MSB001_BODY_002; transactionType=MSB001; branchCd=VN0001001; channel=T24; isCallBack=N; requestUserId=1; Authorization=Basic YWE6YmI= - Body: dùng payload MSB001 hợp lệ làm baseline, chỉ thay đổi đúng trường nêu trong TC. - Biến thể: Sender.FullName = "". - Theo Mapping điện NonSwift1: maxlength = 140 (Max140Text); trường mandatory. | I6: - HTTP 404 theo cơ chế response nghiệp vụ. - result = "ERROR". - errorCode = "03" (Invalid message format). - errorDetail chỉ rõ trường bắt buộc bị thiếu giá trị; không tạo kết quả sàng lọc sai. | J6: SIT | K6: Medium | L6: Yes | M6: No | N6: Untested | O6: Untested | P6: Untested | T6: [DANH LAI ID] ID goc: AML_MSB001_BODY_002
A7: AML_MSB001_VAL_004 | B7: NHÓM VALIDATE | C7: Sender.FullName | D7: Medium | E7: Kiểm tra MSB001: trường Sender.FullName truyền vượt độ dài tối đa (141 ký tự) | F7: - Tài khoản tích hợp AML còn hiệu lực và có quyền gọi API. - Service transaction-screening và EDQ sẵn sàng, trừ TC mô phỏng lỗi hạ tầng. - Có payload MSB001 hợp lệ theo file Thiết kế tích hợp điện và Mapping điện NonSwift; giữ nguyên các trường khác. | G7: 1. Chuẩn bị request hợp lệ. 2. Gán Sender.FullName = chuỗi 141 ký tự, vượt giới hạn 140 ký tự theo Mapping điện NonSwift1; các trường khác hợp lệ. 3. Gửi request. 4. Kiểm tra HTTP status, result, errorCode, errorDetail và thời gian phản hồi. | H7: - Endpoint: POST https://10.0.137.75:7001/transaction-screening/v1/transaction-screening - Headers hợp lệ: Content-Type=application/json; transactionId=AML_MSB001_BODY_003; requestId=REQ_AML_MSB001_BODY_003; transactionType=MSB001; branchCd=VN0001001; channel=T24; isCallBack=N; requestUserId=1; Authorization=Basic YWE6YmI= - Body: dùng payload MSB001 hợp lệ làm baseline, chỉ thay đổi đúng trường nêu trong TC. - Biến thể: Sender.FullName = "XXXXXXXXXXXXXXXXXXXXXXXXXXXXXXXXXXXXXXXXXXXXXXXXXXXXXXXXXXXXXXXXXXXXXXXXXXXXXXXXXXXXXXXXXXXXXXXXXXXXXXXXXXXXXXXXXXXXXXXXXXXXXXXXXXXXXXXXXXXXX". - Theo Mapping điện NonSwift1: maxlength = 140 (Max140Text); trường mandatory. | I7: - HTTP 404 theo cơ chế response nghiệp vụ. - result = "ERROR". - errorCode = "03" (Invalid message format). - errorDetail chỉ rõ trường vượt độ dài tối đa 140 ký tự; API không truncate rồi xử lý tiếp. | J7: SIT | K7: Medium | L7: Yes | M7: No | N7: Untested | O7: Untested | P7: Untested | T7: [DANH LAI ID] ID goc: AML_MSB001_BODY_003
A8: AML_MSB001_VAL_005 | B8: NHÓM VALIDATE | C8: Sender.FullName | D8: High | E8: Kiểm tra MSB001: Sender.FullName chứa ký tự đặc biệt | F8: - Tài khoản tích hợp AML còn hiệu lực và có quyền gọi API. - Service transaction-screening và EDQ sẵn sàng, trừ TC mô phỏng lỗi hạ tầng. - Có payload MSB001 hợp lệ theo file Thiết kế tích hợp điện và Mapping điện NonSwift; giữ nguyên các trường khác. | G8: 1. Chuẩn bị request hợp lệ. 2. Gán Sender.FullName bằng tên có dấu nối, nháy đơn, dấu chấm và ký tự tiếng Việt. 3. Gửi request. 4. Kiểm tra HTTP status, result, errorCode, errorDetail và thời gian phản hồi. | H8: - Endpoint: POST https://10.0.137.75:7001/transaction-screening/v1/transaction-screening - Headers hợp lệ: Content-Type=application/json; transactionId=AML_MSB001_NAME_SENDER_FULLNAME; requestId=REQ_AML_MSB001_NAME_SENDER_FULLNAME; transactionType=MSB001; branchCd=VN0001001; channel=T24; isCallBack=N; requestUserId=1; Authorization=Basic YWE6YmI= - Body: dùng payload MSB001 hợp lệ làm baseline, chỉ thay đổi đúng trường nêu trong TC. - Sender.FullName = "NGUYỄN O'CONNOR-SMITH & CO., LTD.". | I8: - HTTP 200 OK. - API tiếp nhận và xử lý an toàn; result = No-HIT hoặc HIT. - errorCode = "00"; errorDetail không có lỗi validation. - Không truncate sai dữ liệu tại đúng biên maxlength. | J8: SIT | K8: Medium | L8: Yes | M8: No | N8: Untested | O8: Untested | P8: Untested | T8: [DANH LAI ID] ID goc: AML_MSB001_NAME_SENDER_FULLNAME
