Workbook

Sheet Cover
E8: Test Report
C11: Project Name: | E11: DỰ ÁN TRIỂN KHAI BẢN QUYỀN PHẦN MỀM HỆ THỐNG AML MỚI | G11: Reviewer:
C12: Document Code: | E12: MSB_AML_Testcase_KYC_UI_customize | G12: Position:
C13: Originator: | G13: Reviewed Date:
C14: Position: | G14: Approver:
C15: Created Date: | E15: 46153 | G15: Position:
C16: Version: | E16: 1.0 | G16: Approved Date:

Sheet Records
A1: TABLE OF CONTENT
A3: No | B3: Items | C3: Content
A4: 1 | B4: Cover | C4: Cover
A5: 2 | B5: Records | C5: Record of changes
A6: 3 | B6: Function | C6: List out all test cases of the application
A7: 4 | B7: Screen Element | C7: Screen Element test cases, which are based on the application's SRS
A9: Effective Date | B9: A, M, D | C9: Change Description | F9: New Version | G9: Author
A10: 46153 | B10: A | C10: Create new TC | F10: 1

Sheet Test Report
B2: SYSTEM TEST REPORT
A5: Project | B5: =#NAME? -> #NAME? | D5: Project manager
A6: Application | D6: Approved Date
A7: Consolidated By | D7: Reviewed By
A8: Build Versions | D8: Reviewed date
A9: Test Environment | B9: SIT
A10: Last Updated Date
A11: Test Execution Summary
A12: Reported by
A13: Date
A14: Test Results | B14: Passed | C14: Failed | D14: Pending | E14: Next | F14: Canel | G14: Untested | H14: Total
A15: Total | B15: =SUM(B16:B18) -> 81 | C15: =SUM(C16:C18) -> 1 | D15: =SUM(D16:D18) -> 0 | E15: =SUM(E16:E18) -> 0 | F15: =SUM(F16:F18) -> 0 | G15: =SUM(G16:G18) -> 52 | H15: =SUM(B15:G15) -> 134
A16: Cấu hình điện | B16: ='Cấu hình điện'!E6 -> 31 | C16: ='Cấu hình điện'!E7 -> 1 | D16: ='Cấu hình điện'!E8 -> 0 | E16: ='Cấu hình điện'!E12 -> 0 | F16: ='Cấu hình điện'!E9 -> 0 | G16: ='Cấu hình điện'!E10 -> 0 | H16: =SUM(B16:G16) -> 32
A17: Cấu hình chủ thể | B17: ='Cấu hình chủ thể'!E6 -> 42 | C17: ='Cấu hình chủ thể'!E7 -> 0 | D17: ='Cấu hình chủ thể'!E8 -> 0 | E17: ='Cấu hình chủ thể'!E11 -> 0 | F17: ='Cấu hình chủ thể'!E10 -> 0 | G17: ='Cấu hình chủ thể'!E9 -> 0 | H17: =SUM(B17:G17) -> 42
A18: Sàng lọc điện | B18: ='Sàng lọc điện'!E6 -> 8 | C18: ='Sàng lọc điện'!E7 -> 0 | D18: ='Sàng lọc điện'!E11 -> 0 | E18: ='Sàng lọc điện'!E10 -> 0 | F18: ='Sàng lọc điện'!E9 -> 0 | G18: ='Sàng lọc điện'!E8 -> 52 | H18: =SUM(B18:G18) -> 60
A19: Test coverage
A20: Test coverage | H20: =IFERROR(SUM(B15,C15,F15)/H15, 0) -> 0.6119403
A21: Test successful coverage | H21: =IFERROR(SUM(B15,F15)/H15, 0) -> 0.60447761
A22: Issues
A23: 1. Block testing issue
A24: 2. Critical defects

Sheet Cấu hình điện
A1: Functions | B1: Config EDQ
A2: Build Version | B2: v1.0
B4: High | C4: Medium | D4: Low | E4: Total
B5: =SUM(B6:B11) -> 0 | C5: =SUM(C6:C11) -> 32 | D5: =SUM(D6:D11) -> 0 | E5: =SUM(B5:D5) -> 32
A6: Passed | B6: =COUNTIFS($J:$J, $A$6,$H:$H,B$4) -> 0 | C6: =COUNTIFS($J:$J, $A$6,$H:$H,C$4) -> 31 | D6: =COUNTIFS($J:$J, $A$6,$H:$H,D$4) -> 0 | E6: =SUM(B6:D6) -> 31
A7: Failed | B7: =COUNTIFS($J:$J, $A$7,$H:$H,B$4) -> 0 | C7: =COUNTIFS($J:$J, $A$7,$H:$H,C$4) -> 1 | D7: =COUNTIFS($J:$J, $A$7,$H:$H,D$4) -> 0 | E7: =SUM(B7:D7) -> 1
A8: Pending | B8: =COUNTIFS($J:$J, $A$8,H:H,B$4) -> 0 | C8: =COUNTIFS($J:$J, $A$8,I:I,C$4) -> 0 | D8: =COUNTIFS($J:$J, $A$8,J:J,D$4) -> 0 | E8: =SUM(B8:D8) -> 0
A9: Cancel | B9: =COUNTIFS($J:$J, $A$8,H:H,B$4) -> 0 | C9: =COUNTIFS($J:$J, $A$8,I:I,C$4) -> 0 | D9: =COUNTIFS($J:$J, $A$8,J:J,D$4) -> 0 | E9: =SUM(B9:D9) -> 0
A10: Untested | B10: =COUNTIFS($J:$J, $A$10,$H:$H,B$4) -> 0 | C10: =COUNTIFS($J:$J, $A$10,$H:$H,C$4) -> 0 | D10: =COUNTIFS($J:$J, $A$10,$H:$H,D$4) -> 0 | E10: =SUM(B10:D10) -> 0
A11: Accepted | B11: =COUNTIFS($J:$J, $A$11,$H:$H,B$4) -> 0 | C11: =COUNTIFS($J:$J, $A$11,$H:$H,C$4) -> 0 | D11: =COUNTIFS($J:$J, $A$11,$H:$H,D$4) -> 0 | E11: =SUM(B11:D11) -> 0
A12: Next | B12: =COUNTIFS($J:$J, $A$12,H:H,B$4) -> 0 | C12: =COUNTIFS($J:$J, $A$12,I:I,C$4) -> 0 | D12: =COUNTIFS($J:$J, $A$12,J:J,D$4) -> 0 | E12: =SUM(B12:D12) -> 0
A15: Test case Id | B15: Test case Title | C15: Pre-conditions | D15: Test Step | E15: Test Datas | F15: Expected result | G15: Test Environment | H15: Priority | I15: Automation Status | J15: 1st Test Results | K15: 2nd Test Results | L15: 3rd Test Result | M15: BugID | N15: Notes
B16: Kiểm tra config các trường của điện MT700
A17: MT700.01 | B17: Kiểm tra điện MT700 - Webservice IDENTIFIER được gán tương ứng với các trường trong điện | D17: 1. Login hệ thống TF bằng user admin 2. Truy cập theo đường dẫn Financial Services Analytical Applications Transactions Filtering/ Financial Services Sanctions Pack/ SWIFT Configuration Admin 3. Chọn điện MT700 trên drop down list 4. Sau khi bấm nút Save, click liên tiếp 2 lần button mũi tên sang phải (>) ở bên cạnh. 5. Chọn webservice IDENTIFIER trên dropdown list Screening webservice trên màn hình và kiểm tra các tags tương ứng được gán | F17: Thông tin hiển thị các field, field name tương ứng theo từng webservice đảm bảo đủ, đúng theo yêu cầu, có trạng thái Enable = Yes, bao gồm: Basic Header Block - LT Identifier Application Header Input - Receiver's Address Application Header Output - Full input SWIFT address 51A - Party Identifier 51A - Identifier Code 51D - Party Identifier 41A - Identifier Code 42A - Party Identifier 42A - Identifier Code 42D - Party Identifier 58A - Party Identifier 58A - Identifier Code 58D - Party Identifier 53A - Party Identifier 53A - Identifier Code 53D - Party Identifier 57A - Party Identifier 57A - Identifier Code 57B - Party Identifier 57D - Party Identifier | H17: Medium | I17: Manual | J17: Passed | K17: Untested | L17: Untested
A18: MT700.02 | B18: Kiểm tra điện MT700 - Webservice COUNTRY AND CITY được gán tương ứng với các trường trong điện | D18: 1. Login hệ thống TF bằng user admin 2. Truy cập theo đường dẫn Financial Services Analytical Applications Transactions Filtering/ Financial Services Sanctions Pack/ SWIFT Configuration Admin 3. Chọn điện MT700 trên drop down list 4. Sau khi bấm nút Save, click liên tiếp 2 lần button mũi tên sang phải (>) ở bên cạnh. 5. Chọn webservice COUNTRY AND CITY trên dropdown list Screening webservice trên màn hình và kiểm tra các tags tương ứng được gán | F18: Thông tin hiển thị các field, field name tương ứng theo từng webservice đảm bảo đủ, đúng theo yêu cầu, có trạng thái Enable = Yes, bao gồm: Basic Header Block - LT Identifier Application Header Input - Receiver's Address Application Header Output - Full input SWIFT address 51A - Identifier Code 50R (Sequence A) - Applicant Country 59R (Sequence B) - Beneficiary Country 41A - Identifier Code 42A - Identifier Code 58A - Identifier Code 53A - Identifier Code 57A - Identifier Code | H18: Medium | I18: Manual | J18: Passed | K18: Untested | L18: Untested
A19: MT700.03 | B19: Kiểm tra điện MT700 - Webservice PORT được gán tương ứng với các trường trong điện | D19: 1. Login hệ thống TF bằng user admin 2. Truy cập theo đường dẫn Financial Services Analytical Applications Transactions Filtering/ Financial Services Sanctions Pack/ SWIFT Configuration Admin 3. Chọn điện MT700 trên drop down list 4. Sau khi bấm nút Save, click liên tiếp 2 lần button mũi tên sang phải (>) ở bên cạnh. 5. Chọn webservice PORT trên dropdown list Screening webservice trên màn hình và kiểm tra các tags tương ứng được gán | F19: Thông tin hiển thị các field, field name tương ứng theo từng webservice đảm bảo đủ, đúng theo yêu cầu, có trạng thái Enable = Yes, bao gồm: 44A - Place of Taking in Charge/Dispatch from .../Place of Receipt 44E - Port of Loading/Airport of Departure 44F - Port of Discharge/Airport of Destination 44B - Place of Final Destination/For Transportation to .../Place of Delivery | H19: Medium | I19: Manual | J19: Passed | K19: Untested | L19: Untested
A20: MT700.04 | B20: Kiểm tra điện MT700 - Webservice NARRATIVE được gán tương ứng với các trường trong điện | D20: 1. Login hệ thống TF bằng user admin 2. Truy cập theo đường dẫn Financial Services Analytical Applications Transactions Filtering/ Financial Services Sanctions Pack/ SWIFT Configuration Admin 3. Chọn điện MT700 trên drop down list 4. Sau khi bấm nút Save, click liên tiếp 2 lần button mũi tên sang phải (>) ở bên cạnh. 5. Chọn webservice NARRATIVE trên dropdown list Screening webservice trên màn hình và kiểm tra các tags tương ứng được gán | F20: Thông tin hiển thị các field, field name tương ứng theo từng webservice đảm bảo đủ, đúng theo yêu cầu, có trạng thái Enable = Yes, bao gồm: 42M - Mixed Payment Details 42P - Negotiation/Deferred Payment Details 44A - Place of Taking in Charge/Dispatch from .../Place of Receipt 44E - Port of Loading/Airport of Departure 44F - Port of Discharge/Airport of Destination 44B - Place of Final Destination/For Transportation to .../Place of Delivery 45A - Description of Goods and/or Services 46A - Documents Required 47A - Additional Conditions 49G - Special Payment Conditions for Beneficiary 49H - Special Payment Conditions for Bank Only 71D - Charges 78K - Instructions to the Paying/Accepting/Negotiating Bank 72Z - Sender to Receiver Information | H20: Medium | I20: Manual | J20: Passed | K20: Untested | L20: Untested
A21: MT700.05 | B21: Kiểm tra điện MT700 - Webservice NAME AND ADDRESS được gán tương ứng với các trường trong điện | D21: 1. Login hệ thống TF bằng user admin 2. Truy cập theo đường dẫn Financial Services Analytical Applications Transactions Filtering/ Financial Services Sanctions Pack/ SWIFT Configuration Admin 3. Chọn điện MT700 trên drop down list 4. Sau khi bấm nút Save, click liên tiếp 2 lần button mũi tên sang phải (>) ở bên cạnh. 5. Chọn webservice NAME AND ADDRESS trên dropdown list Screening webservice trên màn hình và kiểm tra các tags tương ứng được gán | F21: Thông tin hiển thị các field, field name tương ứng theo từng webservice đảm bảo đủ, đúng theo yêu cầu, có trạng thái Enable = Yes, bao gồm: Basic Header Block - LT Identifier Application Header Input - Receiver's Address Application Header Output - Full input SWIFT address 51A - Identifier Code 51D - Name and Address 50N (Sequence A) - Applicant Name 59N (Sequence B) - Beneficiary Name 41A - Identifier Code 41D - Name and Address 42A - Identifier Code 42D - Name and Address 58A - Identifier Code 58D - Name and Address 53A - Identifier Code 53D - Name and Address 57A - Identifier Code 57D - Name and Address | H21: Medium | I21: Manual | J21: Passed | K21: Untested | L21: Untested
B22: Kiểm tra config các trường của điện MT707
A23: MT707.01 | B23: Kiểm tra điện MT707 - Webservice IDENTIFIER được gán tương ứng với các trường trong điện | D23: 1. Login hệ thống TF bằng user admin 2. Truy cập theo đường dẫn Financial Services Analytical Applications Transactions Filtering/ Financial Services Sanctions Pack/ SWIFT Configuration Admin 3. Chọn điện MT707 trên drop down list 4. Sau khi bấm nút Save, click liên tiếp 2 lần button mũi tên sang phải (>) ở bên cạnh. 5. Chọn webservice IDENTIFIER trên dropdown list Screening webservice trên màn hình và kiểm tra các tags tương ứng được gán | F23: Thông tin hiển thị các field, field name tương ứng theo từng webservice đảm bảo đủ, đúng theo yêu cầu, có trạng thái Enable = Yes, bao gồm: Basic Header Block - LT Identifier Application Header Input - Receiver's Address Application Header Output - Full input SWIFT address 52A - Party Identifier 52A - Identifier Code 52D - Party Identifier 41A - Identifier Code 42A - Party Identifier 42A - Identifier Code 42D - Party Identifier 58A - Party Identifier 58A - Identifier Code 58D - Party Identifier 53A - Party Identifier 53A - Identifier Code 53D - Party Identifier 57A - Party Identifier 57A - Identifier Code 57B - Party Identifier 57D - Party Identifier | H23: Medium | I23: Manual | J23: Passed | K23: Untested | L23: Untested
A24: MT707.02 | B24: Kiểm tra điện MT707 - Webservice COUNTRY AND CITY được gán tương ứng với các trường trong điện | D24: 1. Login hệ thống TF bằng user admin 2. Truy cập theo đường dẫn Financial Services Analytical Applications Transactions Filtering/ Financial Services Sanctions Pack/ SWIFT Configuration Admin 3. Chọn điện MT707 trên drop down list 4. Sau khi bấm nút Save, click liên tiếp 2 lần button mũi tên sang phải (>) ở bên cạnh. 5. Chọn webservice COUNTRY AND CITY trên dropdown list Screening webservice trên màn hình và kiểm tra các tags tương ứng được gán | F24: Thông tin hiển thị các field, field name tương ứng theo từng webservice đảm bảo đủ, đúng theo yêu cầu, có trạng thái Enable = Yes, bao gồm: Basic Header Block - LT Identifier Application Header Input - Receiver's Address Application Header Output - Full input SWIFT address 52A - Identifier Code 50W (Sequence A) - Non-Bank Issuer Country 50R (Sequence B) - Changed Applicant Country 59R (Sequence C) - Beneficiary Country 41A - Identifier Code 42A - Identifier Code 58A - Identifier Code 53A - Identifier Code 57A - Identifier Code | H24: Medium | I24: Manual | J24: Passed | K24: Untested | L24: Untested
A25: MT707.03 | B25: Kiểm tra điện MT707 - Webservice PORT được gán tương ứng với các trường trong điện | D25: 1. Login hệ thống TF bằng user admin 2. Truy cập theo đường dẫn Financial Services Analytical Applications Transactions Filtering/ Financial Services Sanctions Pack/ SWIFT Configuration Admin 3. Chọn điện MT707 trên drop down list 4. Sau khi bấm nút Save, click liên tiếp 2 lần button mũi tên sang phải (>) ở bên cạnh. 5. Chọn webservice PORT trên dropdown list Screening webservice trên màn hình và kiểm tra các tags tương ứng được gán | F25: Thông tin hiển thị các field, field name tương ứng theo từng webservice đảm bảo đủ, đúng theo yêu cầu, có trạng thái Enable = Yes, bao gồm: 44A - Place of Taking in Charge/Dispatch from .../Place of Receipt 44E - Port of Loading/Airport of Departure 44F - Port of Discharge/Airport of Destination 44B - Place of Final Destination/For Transportation to .../Place of Delivery | H25: Medium | I25: Manual | J25: Passed | K25: Untested | L25: Untested
A26: MT707.04 | B26: Kiểm tra điện MT707 - Webservice NARRATIVE được gán tương ứng với các trường trong điện | D26: 1. Login hệ thống TF bằng user admin 2. Truy cập theo đường dẫn Financial Services Analytical Applications Transactions Filtering/ Financial Services Sanctions Pack/ SWIFT Configuration Admin 3. Chọn điện MT707 trên drop down list 4. Sau khi bấm nút Save, click liên tiếp 2 lần button mũi tên sang phải (>) ở bên cạnh. 5. Chọn webservice NARRATIVE trên dropdown list Screening webservice trên màn hình và kiểm tra các tags tương ứng được gán | F26: Thông tin hiển thị các field, field name tương ứng theo từng webservice đảm bảo đủ, đúng theo yêu cầu, có trạng thái Enable = Yes, bao gồm: 42M - Mixed Payment Details 42P - Negotiation/Deferred Payment Details 44A - Place of Taking in Charge/Dispatch from .../Place of Receipt 44E - Port of Loading/Airport of Departure 44F - Port of Discharge/Airport of Destination 44B - Place of Final Destination/For Transportation to .../Place of Delivery 45B - Description of Goods and/or Services 46B - Documents Required 47B - Additional Conditions 49M - Special Payment Conditions for Beneficiary 49N - Special Payment Conditions for Bank Only 71D - Charges 71N - Amendment Charge Payable By 78K - Instructions to the Paying/Accepting/Negotiating Bank 72Z - Sender to Receiver Information | H26: Medium | I26: Manual | J26: Passed | K26: Untested | L26: Untested
A27: MT707.05 | B27: Kiểm tra điện MT707 - Webservice NAME AND ADDRESS được gán tương ứng với các trường trong điện | D27: 1. Login hệ thống TF bằng user admin 2. Truy cập theo đường dẫn Financial Services Analytical Applications Transactions Filtering/ Financial Services Sanctions Pack/ SWIFT Configuration Admin 3. Chọn điện MT707 trên drop down list 4. Sau khi bấm nút Save, click liên tiếp 2 lần button mũi tên sang phải (>) ở bên cạnh. 5. Chọn webservice NAME AND ADDRESS trên dropdown list Screening webservice trên màn hình và kiểm tra các tags tương ứng được gán | F27: Thông tin hiển thị các field, field name tương ứng theo từng webservice đảm bảo đủ, đúng theo yêu cầu, có trạng thái Enable = Yes, bao gồm: Basic Header Block - LT Identifier Application Header Input - Receiver's Address Application Header Output - Full input SWIFT address 52A - Identifier Code 52D - Name and Address 50E (Sequence A) - Non-Bank Issuer Name 50N (Sequence B) - Changed Applicant Name 59N (Sequence C) - Beneficiary Name 41A - Identifier Code 41D - Name and Address 42A - Identifier Code 42D - Name and Address 58A - Identifier Code 58D - Name and Address 53A - Identifier Code 53D - Name and Address 57A - Identifier Code 57D - Name and Address | H27: Medium | I27: Manual | J27: Passed | K27: Untested | L27: Untested
B28: Kiểm tra config các trường của điện MT710
A29: MT710.01 | B29: Kiểm tra điện MT710 - Webservice IDENTIFIER được gán tương ứng với các trường trong điện | D29: 1. Login hệ thống TF bằng user admin 2. Truy cập theo đường dẫn Financial Services Analytical Applications Transactions Filtering/ Financial Services Sanctions Pack/ SWIFT Configuration Admin 3. Chọn điện MT710 trên drop down list 4. Sau khi bấm nút Save, click liên tiếp 2 lần button mũi tên sang phải (>) ở bên cạnh. 5. Chọn webservice IDENTIFIER trên dropdown list Screening webservice trên màn hình và kiểm tra các tags tương ứng được gán | F29: Thông tin hiển thị các field, field name tương ứng theo từng webservice đảm bảo đủ, đúng theo yêu cầu, có trạng thái Enable = Yes, bao gồm: Basic Header Block - LT Identifier Application Header Input - Receiver's Address Application Header Output - Full input SWIFT address 52A - Party Identifier 52A - Identifier Code 52D - Party Identifier 51A - Party Identifier 51A - Identifier Code 41A - Identifier Code 42A - Party Identifier 42A - Identifier Code 42D - Party Identifier 58A - Party Identifier 58A - Identifier Code 58D - Party Identifier 53A - Party Identifier 53A - Identifier Code 53D - Party Identifier 57A - Party Identifier 57A - Identifier Code 57B - Party Identifier 57D - Party Identifier | H29: Medium | I29: Manual | J29: Passed | K29: Untested | L29: Untested
A30: MT710.02 | B30: Kiểm tra điện MT710 - Webservice COUNTRY AND CITY được gán tương ứng với các trường trong điện | D30: 1. Login hệ thống TF bằng user admin 2. Truy cập theo đường dẫn Financial Services Analytical Applications Transactions Filtering/ Financial Services Sanctions Pack/ SWIFT Configuration Admin 3. Chọn điện MT710 trên drop down list 4. Sau khi bấm nút Save, click liên tiếp 2 lần button mũi tên sang phải (>) ở bên cạnh. 5. Chọn webservice COUNTRY AND CITY trên dropdown list Screening webservice trên màn hình và kiểm tra các tags tương ứng được gán | F30: Thông tin hiển thị các field, field name tương ứng theo từng webservice đảm bảo đủ, đúng theo yêu cầu, có trạng thái Enable = Yes, bao gồm: Basic Header Block - LT Identifier Application Header Input - Receiver's Address Application Header Output - Full input SWIFT address 52A - Identifier Code 50W (Sequence A) - Non-Bank Issuer Country 51A - Identifier Code 50R (Sequence B) - Applicant Country 59R (Sequence C) - Beneficiary Country 41A - Identifier Code 42A - Identifier Code 58A - Identifier Code 53A - Identifier Code 57A - Identifier Code | H30: Medium | I30: Manual | J30: Passed | K30: Untested | L30: Untested
A31: MT710.03 | B31: Kiểm tra điện MT710 - Webservice PORT được gán tương ứng với các trường trong điện | D31: 1. Login hệ thống TF bằng user admin 2. Truy cập theo đường dẫn Financial Services Analytical Applications Transactions Filtering/ Financial Services Sanctions Pack/ SWIFT Configuration Admin 3. Chọn điện MT710 trên drop down list 4. Sau khi bấm nút Save, click liên tiếp 2 lần button mũi tên sang phải (>) ở bên cạnh. 5. Chọn webservice PORT trên dropdown list Screening webservice trên màn hình và kiểm tra các tags tương ứng được gán | F31: Thông tin hiển thị các field, field name tương ứng theo từng webservice đảm bảo đủ, đúng theo yêu cầu, có trạng thái Enable = Yes, bao gồm: 44A - Place of Taking in Charge/Dispatch from .../Place of Receipt 44E - Port of Loading/Airport of Departure 44F - Port of Discharge/Airport of Destination 44B - Place of Final Destination/For Transportation to .../Place of Delivery | H31: Medium | I31: Manual | J31: Passed | K31: Untested | L31: Untested
A32: MT710.04 | B32: Kiểm tra điện MT710 - Webservice NARRATIVE được gán tương ứng với các trường trong điện | D32: 1. Login hệ thống TF bằng user admin 2. Truy cập theo đường dẫn Financial Services Analytical Applications Transactions Filtering/ Financial Services Sanctions Pack/ SWIFT Configuration Admin 3. Chọn điện MT710 trên drop down list 4. Sau khi bấm nút Save, click liên tiếp 2 lần button mũi tên sang phải (>) ở bên cạnh. 5. Chọn webservice NARRATIVE trên dropdown list Screening webservice trên màn hình và kiểm tra các tags tương ứng được gán | F32: Thông tin hiển thị các field, field name tương ứng theo từng webservice đảm bảo đủ, đúng theo yêu cầu, có trạng thái Enable = Yes, bao gồm: 42M - Mixed Payment Details 42P - Negotiation/Deferred Payment Details 44A - Place of Taking in Charge/Dispatch from .../Place of Receipt 44E - Port of Loading/Airport of Departure 44F - Port of Discharge/Airport of Destination 44B - Place of Final Destination/For Transportation to .../Place of Delivery 45A - Description of Goods and/or Services 46A - Documents Required 47A - Additional Conditions 49G - Special Payment Conditions for Beneficiary 49H - Special Payment Conditions for Bank Only 71D - Charges 78K - Instructions to the Paying/Accepting/Negotiating Bank 72Z - Sender to Receiver Information | H32: Medium | I32: Manual | J32: Passed | K32: Untested | L32: Untested
A33: MT710.05 | B33: Kiểm tra điện MT710 - Webservice NAME AND ADDRESS được gán tương ứng với các trường trong điện | D33: 1. Login hệ thống TF bằng user admin 2. Truy cập theo đường dẫn Financial Services Analytical Applications Transactions Filtering/ Financial Services Sanctions Pack/ SWIFT Configuration Admin 3. Chọn điện MT710 trên drop down list 4. Sau khi bấm nút Save, click liên tiếp 2 lần button mũi tên sang phải (>) ở bên cạnh. 5. Chọn webservice NAME AND ADDRESS trên dropdown list Screening webservice trên màn hình và kiểm tra các tags tương ứng được gán | F33: Thông tin hiển thị các field, field name tương ứng theo từng webservice đảm bảo đủ, đúng theo yêu cầu, có trạng thái Enable = Yes, bao gồm: Basic Header Block - LT Identifier Application Header Input - Receiver's Address Application Header Output - Full input SWIFT address 52A - Identifier Code 52D - Name and Address 50E (Sequence A) - Non-Bank Issuer Name 51A - Identifier Code 51A - Name and Address 50N (Sequence B) - Applicant Name 59N (Sequence C) - Beneficiary Name 41A - Identifier Code 41D - Name and Address 42A - Identifier Code 42D - Name and Address 58A - Identifier Code 58D - Name and Address 53A - Identifier Code 53D - Name and Address 57A - Identifier Code 57D - Name and Address | H33: Medium | I33: Manual | J33: Passed | K33: Untested | L33: Untested
B34: Kiểm tra config các trường của điện MT720
A35: MT720.01 | B35: Kiểm tra điện MT720 - Webservice IDENTIFIER được gán tương ứng với các trường trong điện | D35: 1. Login hệ thống TF bằng user admin 2. Truy cập theo đường dẫn Financial Services Analytical Applications Transactions Filtering/ Financial Services Sanctions Pack/ SWIFT Configuration Admin 3. Chọn điện MT720 trên drop down list 4. Sau khi bấm nút Save, click liên tiếp 2 lần button mũi tên sang phải (>) ở bên cạnh. 5. Chọn webservice IDENTIFIER trên dropdown list Screening webservice trên màn hình và kiểm tra các tags tương ứng được gán | F35: Thông tin hiển thị các field, field name tương ứng theo từng webservice đảm bảo đủ, đúng theo yêu cầu, có trạng thái Enable = Yes, bao gồm: Basic Header Block - LT Identifier Application Header Input - Receiver's Address Application Header Output - Full input SWIFT address 52A - Party Identifier 52A - Identifier Code 52D - Party Identifier 41A - Identifier Code 42A - Party Identifier 42A - Identifier Code 42D - Party Identifier 58A - Party Identifier 58A - Identifier Code 58D - Party Identifier 57A - Party Identifier 57A - Identifier Code 57B - Party Identifier 57D - Party Identifier | H35: Medium | I35: Manual | J35: Passed | K35: Untested | L35: Untested
A36: MT720.02 | B36: Kiểm tra điện MT720 - Webservice COUNTRY AND CITY được gán tương ứng với các trường trong điện | D36: 1. Login hệ thống TF bằng user admin 2. Truy cập theo đường dẫn Financial Services Analytical Applications Transactions Filtering/ Financial Services Sanctions Pack/ SWIFT Configuration Admin 3. Chọn điện MT720 trên drop down list 4. Sau khi bấm nút Save, click liên tiếp 2 lần button mũi tên sang phải (>) ở bên cạnh. 5. Chọn webservice COUNTRY AND CITY trên dropdown list Screening webservice trên màn hình và kiểm tra các tags tương ứng được gán | F36: Thông tin hiển thị các field, field name tương ứng theo từng webservice đảm bảo đủ, đúng theo yêu cầu, có trạng thái Enable = Yes, bao gồm: Basic Header Block - LT Identifier Application Header Input - Receiver's Address Application Header Output - Full input SWIFT address 52A - Identifier Code 50W (Sequence A) - Non-Bank Issuer Country 50R (Sequence B) - First Beneficiary Country 59R (Sequence C) - Second Beneficiary Country 41A - Identifier Code 42A - Identifier Code 58A - Identifier Code 57A - Identifier Code | H36: Medium | I36: Manual | J36: Passed | K36: Untested | L36: Untested
A37: MT720.03 | B37: Kiểm tra điện MT720 - Webservice PORT được gán tương ứng với các trường trong điện | D37: 1. Login hệ thống TF bằng user admin 2. Truy cập theo đường dẫn Financial Services Analytical Applications Transactions Filtering/ Financial Services Sanctions Pack/ SWIFT Configuration Admin 3. Chọn điện MT720 trên drop down list 4. Sau khi bấm nút Save, click liên tiếp 2 lần button mũi tên sang phải (>) ở bên cạnh. 5. Chọn webservice PORT trên dropdown list Screening webservice trên màn hình và kiểm tra các tags tương ứng được gán | F37: Thông tin hiển thị các field, field name tương ứng theo từng webservice đảm bảo đủ, đúng theo yêu cầu, có trạng thái Enable = Yes, bao gồm: 44A - Place of Taking in Charge/Dispatch from .../Place of Receipt 44E - Port of Loading/Airport of Departure 44F - Port of Discharge/Airport of Destination 44B - Place of Final Destination/For Transportation to .../Place of Delivery | H37: Medium | I37: Manual | J37: Passed | K37: Untested | L37: Untested
A38: MT720.04 | B38: Kiểm tra điện MT720 - Webservice NARRATIVE được gán tương ứng với các trường trong điện | D38: 1. Login hệ thống TF bằng user admin 2. Truy cập theo đường dẫn Financial Services Analytical Applications Transactions Filtering/ Financial Services Sanctions Pack/ SWIFT Configuration Admin 3. Chọn điện MT720 trên drop down list 4. Sau khi bấm nút Save, click liên tiếp 2 lần button mũi tên sang phải (>) ở bên cạnh. 5. Chọn webservice NARRATIVE trên dropdown list Screening webservice trên màn hình và kiểm tra các tags tương ứng được gán | F38: Thông tin hiển thị các field, field name tương ứng theo từng webservice đảm bảo đủ, đúng theo yêu cầu, có trạng thái Enable = Yes, bao gồm: 42M - Mixed Payment Details 42P - Negotiation/Deferred Payment Details 44A - Place of Taking in Charge/Dispatch from .../Place of Receipt 44E - Port of Loading/Airport of Departure 44F - Port of Discharge/Airport of Destination 44B - Place of Final Destination/For Transportation to .../Place of Delivery 45A - Description of Goods and/or Services 46A - Documents Required 47A - Additional Conditions 49G - Special Payment Conditions for Beneficiary 49H - Special Payment Conditions for Bank Only 71D - Charges 78K - Instructions to the Paying/Accepting/Negotiating Bank 78D - Instructions from Transferring Bank 72Z - Sender to Receiver Information | H38: Medium | I38: Manual | J38: Passed | K38: Untested | L38: Untested
A39: MT720.05 | B39: Kiểm tra điện MT720 - Webservice NAME AND ADDRESS được gán tương ứng với các trường trong điện | D39: 1. Login hệ thống TF bằng user admin 2. Truy cập theo đường dẫn Financial Services Analytical Applications Transactions Filtering/ Financial Services Sanctions Pack/ SWIFT Configuration Admin 3. Chọn điện MT720 trên drop down list 4. Sau khi bấm nút Save, click liên tiếp 2 lần button mũi tên sang phải (>) ở bên cạnh. 5. Chọn webservice NAME AND ADDRESS trên dropdown list Screening webservice trên màn hình và kiểm tra các tags tương ứng được gán | F39: Thông tin hiển thị các field, field name tương ứng theo từng webservice đảm bảo đủ, đúng theo yêu cầu, có trạng thái Enable = Yes, bao gồm: Basic Header Block - LT Identifier Application Header Input - Receiver's Address Application Header Output - Full input SWIFT address 52A - Identifier Code 52D - Name and Address 50E (Sequence A) - Non-Bank Issuer Name 50N (Sequence B) - First Beneficiary Name 59N (Sequence C) - Second Beneficiary Name 41A - Identifier Code 41D - Name and Address 42A - Identifier Code 42D - Name and Address 58A - Identifier Code 58D - Name and Address 57A - Identifier Code 57D - Name and Address | H39: Medium | I39: Manual | J39: Passed | K39: Untested | L39: Untested
B40: Kiểm tra config các trường của điện MT740
A41: MT740.01 | B41: Kiểm tra điện MT740 - Webservice IDENTIFIER được gán tương ứng với các trường trong điện | D41: 1. Login hệ thống TF bằng user admin 2. Truy cập theo đường dẫn Financial Services Analytical Applications Transactions Filtering/ Financial Services Sanctions Pack/ SWIFT Configuration Admin 3. Chọn điện MT740 trên drop down list 4. Sau khi bấm nút Save, click liên tiếp 2 lần button mũi tên sang phải (>) ở bên cạnh. 5. Chọn webservice IDENTIFIER trên dropdown list Screening webservice trên màn hình và kiểm tra các tags tương ứng được gán | F41: Thông tin hiển thị các field, field name tương ứng theo từng webservice đảm bảo đủ, đúng theo yêu cầu, có trạng thái Enable = Yes, bao gồm: Basic Header Block - LT Identifier Application Header Input - Receiver's Address Application Header Output - Full input SWIFT address 58A - Party Identifier 58A - Identifier Code 58D - Party Identifier 41A - Identifier Code 42A - Party Identifier 42A - Identifier Code 42D - Party Identifier | H41: Medium | I41: Manual | J41: Passed | K41: Untested | L41: Untested
A42: MT740.02 | B42: Kiểm tra điện MT740 - Webservice COUNTRY AND CITY được gán tương ứng với các trường trong điện | D42: 1. Login hệ thống TF bằng user admin 2. Truy cập theo đường dẫn Financial Services Analytical Applications Transactions Filtering/ Financial Services Sanctions Pack/ SWIFT Configuration Admin 3. Chọn điện MT740 trên drop down list 4. Sau khi bấm nút Save, click liên tiếp 2 lần button mũi tên sang phải (>) ở bên cạnh. 5. Chọn webservice COUNTRY AND CITY trên dropdown list Screening webservice trên màn hình và kiểm tra các tags tương ứng được gán | F42: Thông tin hiển thị các field, field name tương ứng theo từng webservice đảm bảo đủ, đúng theo yêu cầu, có trạng thái Enable = Yes, bao gồm: Basic Header Block - LT Identifier Application Header Input - Receiver's Address Application Header Output - Full input SWIFT address 58A - Identifier Code 59R (Sequence A) - Beneficiary Country 41A - Identifier Code 42A - Identifier Code | H42: Medium | I42: Manual | J42: Passed | K42: Untested | L42: Untested
A43: MT740.03 | B43: Kiểm tra điện MT740 - Webservice NARRATIVE được gán tương ứng với các trường trong điện | D43: 1. Login hệ thống TF bằng user admin 2. Truy cập theo đường dẫn Financial Services Analytical Applications Transactions Filtering/ Financial Services Sanctions Pack/ SWIFT Configuration Admin 3. Chọn điện MT740 trên drop down list 4. Sau khi bấm nút Save, click liên tiếp 2 lần button mũi tên sang phải (>) ở bên cạnh. 5. Chọn webservice NARRATIVE trên dropdown list Screening webservice trên màn hình và kiểm tra các tags tương ứng được gán | F43: Thông tin hiển thị các field, field name tương ứng theo từng webservice đảm bảo đủ, đúng theo yêu cầu, có trạng thái Enable = Yes, bao gồm: 42M - Mixed Payment Details 42P - Negotiation/Deferred Payment Details 71D - Other Charges 72Z - Sender to Receiver Information | H43: Medium | I43: Manual | J43: Passed | K43: Untested | L43: Untested
A44: MT740.04 | B44: Kiểm tra điện MT740 - Webservice NAME AND ADDRESS được gán tương ứng với các trường trong điện | D44: 1. Login hệ thống TF bằng user admin 2. Truy cập theo đường dẫn Financial Services Analytical Applications Transactions Filtering/ Financial Services Sanctions Pack/ SWIFT Configuration Admin 3. Chọn điện MT740 trên drop down list 4. Sau khi bấm nút Save, click liên tiếp 2 lần button mũi tên sang phải (>) ở bên cạnh. 5. Chọn webservice NAME AND ADDRESS trên dropdown list Screening webservice trên màn hình và kiểm tra các tags tương ứng được gán | F44: Thông tin hiển thị các field, field name tương ứng theo từng webservice đảm bảo đủ, đúng theo yêu cầu, có trạng thái Enable = Yes, bao gồm: Basic Header Block - LT Identifier Application Header Input - Receiver's Address Application Header Output - Full input SWIFT address 58A - Identifier Code 58D - Name and Address 59N (Sequence A) - Beneficiary Name 41A - Identifier Code 41D - Name and Address 42A - Identifier Code 42D - Name and Address | H44: Medium | I44: Manual | J44: Passed | K44: Untested | L44: Untested
B45: Kiểm tra config các trường của điện MT760
A46: MT760.01 | B46: Kiểm tra điện MT760 (Sequence) - Webservice IDENTIFIER được gán tương ứng với các trường trong điện | D46: 1. Login hệ thống TF bằng user admin 2. Truy cập theo đường dẫn Financial Services Analytical Applications Transactions Filtering/ Financial Services Sanctions Pack/ SWIFT Configuration Admin 3. Chọn điện MT760 trên drop down list 4. Sau khi bấm nút Save, click liên tiếp 2 lần button mũi tên sang phải (>) ở bên cạnh. 5. Chọn webservice IDENTIFIER trên dropdown list Screening webservice trên màn hình và kiểm tra các tags tương ứng được gán | F46: Thông tin hiển thị các field, field name tương ứng theo từng webservice đảm bảo đủ, đúng theo yêu cầu, có trạng thái Enable = Yes, bao gồm: Basic Header Block - LT Identifier Application Header Input - Receiver's Address Application Header Output - Full input SWIFT address 52A (Sequence B) - Party Identifier 52A (Sequence B) - Identifier Code 52D (Sequence B) - Party Identifier 59E (Sequence B) - Beneficiary Identification 56A (Sequence B) - Party Identifier 56A (Sequence B) - Identifier Code 56D (Sequence B) - Party Identifier 57A (Sequence B) - Party Identifier 57A (Sequence B) - Identifier Code 57D (Sequence B) - Party Identifier 41F (Sequence B) - Identifier Code 58A (Sequence B) - Party Identifier 58A (Sequence B) - Identifier Code 58D (Sequence B) - Party Identifier 52A (Sequence C) - Party Identifier 52A (Sequence C) - Identifier Code 52D (Sequence C) - Party Identifier 57A (Sequence C) - Party Identifier 57A (Sequence C) - Identifier Code 57D (Sequence C) - Party Identifier 41F (Sequence C) - Identifier Code | H46: Medium | I46: Manual | J46: Passed | K46: Untested | L46: Untested
A47: MT760.02 | B47: Kiểm tra điện MT760 (Sequence) - Webservice COUNTRY AND CITY được gán tương ứng với các trường trong điện | D47: 1. Login hệ thống TF bằng user admin 2. Truy cập theo đường dẫn Financial Services Analytical Applications Transactions Filtering/ Financial Services Sanctions Pack/ SWIFT Configuration Admin 3. Chọn điện MT760 trên drop down list 4. Sau khi bấm nút Save, click liên tiếp 2 lần button mũi tên sang phải (>) ở bên cạnh. 5. Chọn webservice COUNTRY AND CITY trên dropdown list Screening webservice trên màn hình và kiểm tra các tags tương ứng được gán | F47: Thông tin hiển thị các field, field name tương ứng theo từng webservice đảm bảo đủ, đúng theo yêu cầu, có trạng thái Enable = Yes, bao gồm: Basic Header Block - LT Identifier Application Header Input - Receiver's Address Application Header Output - Full input SWIFT address 50R (Subsequence B1) - Applicant Country 51R (Subsequence B2) - Obligor/Instructing Party Country 52A (Sequence B) - Identifier Code 59R (Subsequence B3) - Beneficiary Country 59E (Sequence B) - Beneficiary Identification 56A (Sequence B) - Identifier Code 57A (Sequence B) - Identifier Code 41F (Sequence B) - Identifier Code 58A (Sequence B) - Identifier Code 50R (Subsequence C1) - Applicant Country 51R (Subsequence C2) - Obligor/Instructing Party Country 52A (Sequence C) - Identifier Code 59R (Subsequence C3) - Beneficiary Country 57A (Sequence C) - Identifier Code 41F (Sequence C) - Identifier Code | H47: Medium | I47: Manual | J47: Failed | K47: Untested | L47: Untested
A48: MT760.03 | B48: Kiểm tra điện MT760 (Sequence) - Webservice NARRATIVE được gán tương ứng với các trường trong điện | D48: 1. Login hệ thống TF bằng user admin 2. Truy cập theo đường dẫn Financial Services Analytical Applications Transactions Filtering/ Financial Services Sanctions Pack/ SWIFT Configuration Admin 3. Chọn điện MT760 trên drop down list 4. Sau khi bấm nút Save, click liên tiếp 2 lần button mũi tên sang phải (>) ở bên cạnh. 5. Chọn webservice NARRATIVE trên dropdown list Screening webservice trên màn hình và kiểm tra các tags tương ứng được gán | F48: Thông tin hiển thị các field, field name tương ứng theo từng webservice đảm bảo đủ, đúng theo yêu cầu, có trạng thái Enable = Yes, bao gồm: 72Z (Sequence A) - Sender to Receiver Information 35G (Sequence B) - Expiry Condition/Event 39F (Sequence B) - Supplementary Information About Amount 71D (Sequence B) - Charges 45C (Sequence B) - Document and Presentation Instructions 77U (Sequence B) - Undertaking Terms and Conditions 78 (Sequence B) - Automatic Extension Non-Extension Notification 39E (Sequence B) - Transfer Conditions 45L (Sequence B) - Underlying Transaction Details 35G (Sequence C) - Expiry Condition/Event 39F (Sequence C) - Supplementary Information About Amount 71D (Sequence C) - Charges 45C (Sequence C) - Document and Presentation Instructions 77L (Sequence C) - Requested Local Undertaking Terms and Conditions 78 (Sequence C) - Automatic Extension Non-Extension Notification 39E (Sequence C) - Transfer Conditions 45L (Sequence C) - Underlying Transaction Details | H48: Medium | I48: Manual | J48: Passed | K48: Untested | L48: Untested
A49: MT760.04 | B49: Kiểm tra điện MT760 (Sequence) - Webservice NAME AND ADDRESS được gán tương ứng với các trường trong điện | D49: 1. Login hệ thống TF bằng user admin 2. Truy cập theo đường dẫn Financial Services Analytical Applications Transactions Filtering/ Financial Services Sanctions Pack/ SWIFT Configuration Admin 3. Chọn điện MT760 trên drop down list 4. Sau khi bấm nút Save, click liên tiếp 2 lần button mũi tên sang phải (>) ở bên cạnh. 5. Chọn webservice NAME AND ADDRESS trên dropdown list Screening webservice trên màn hình và kiểm tra các tags tương ứng được gán | F49: Thông tin hiển thị các field, field name tương ứng theo từng webservice đảm bảo đủ, đúng theo yêu cầu, có trạng thái Enable = Yes, bao gồm: Basic Header Block - LT Identifier Application Header Input - Receiver's Address Application Header Output - Full input SWIFT address 50N (Subsequence B1) - Applicant Name 51N (Subsequence B2) - Obligor/Instructing Party Name 52A (Sequence B) - Identifier Code 52D (Sequence B) - Name and Address 59N (Subsequence B3) - Beneficiary Name 59E (Sequence B) - Beneficiary Identification 56A (Sequence B) - Identifier Code 56D (Sequence B) - Name and Address 57A (Sequence B) - Identifier Code 57D (Sequence B) - Name and Address 41F (Sequence B) - Identifier Code 41G (Sequence B) - Name and Address 58A (Sequence B) - Identifier Code 58D (Sequence B) - Name and Address 24G (Sequence B) - Narrative 50N (Subsequence C1) - Applicant Name 51N (Subsequence C2) - Obligor/Instructing Party Name 52A (Sequence C) - Identifier Code 52D (Sequence C) - Name and Address 59N (Subsequence C3) - Beneficiary Name 57A (Sequence C) - Identifier Code 57D (Sequence C) - Name and Address 41F (Sequence C) - Identifier Code 41G (Sequence C) - Name and Address 24G (Sequence C) - Narrative | H49: Medium | I49: Manual | J49: Passed | K49: Untested | L49: Untested
B50: Kiểm tra config các trường của điện MT767
A51: MT767.01 | B51: Kiểm tra điện MT767 - Webservice IDENTIFIER được gán tương ứng với các trường trong điện | D51: 1. Login hệ thống TF bằng user admin 2. Truy cập theo đường dẫn Financial Services Analytical Applications Transactions Filtering/ Financial Services Sanctions Pack/ SWIFT Configuration Admin 3. Chọn điện MT767 trên drop down list 4. Sau khi bấm nút Save, click liên tiếp 2 lần button mũi tên sang phải (>) ở bên cạnh. 5. Chọn webservice IDENTIFIER trên dropdown list Screening webservice trên màn hình và kiểm tra các tags tương ứng được gán | F51: Thông tin hiển thị các field, field name tương ứng theo từng webservice đảm bảo đủ, đúng theo yêu cầu, có trạng thái Enable = Yes, bao gồm: Basic Header Block - LT Identifier Application Header Input - Receiver's Address Application Header Output - Full input SWIFT address 52A (Sequence B) - Party Identifier 52A (Sequence B) - Identifier Code 52D (Sequence B) - Party Identifier 59E (Sequence B) - Beneficiary Identification | H51: Medium | I51: Manual | J51: Passed | K51: Untested | L51: Untested
A52: MT767.02 | B52: Kiểm tra điện MT767 - Webservice COUNTRY AND CITY được gán tương ứng với các trường trong điện | D52: 1. Login hệ thống TF bằng user admin 2. Truy cập theo đường dẫn Financial Services Analytical Applications Transactions Filtering/ Financial Services Sanctions Pack/ SWIFT Configuration Admin 3. Chọn điện MT767 trên drop down list 4. Sau khi bấm nút Save, click liên tiếp 2 lần button mũi tên sang phải (>) ở bên cạnh. 5. Chọn webservice COUNTRY AND CITY trên dropdown list Screening webservice trên màn hình và kiểm tra các tags tương ứng được gán | F52: Thông tin hiển thị các field, field name tương ứng theo từng webservice đảm bảo đủ, đúng theo yêu cầu, có trạng thái Enable = Yes, bao gồm: Basic Header Block - LT Identifier Application Header Input - Receiver's Address Application Header Output - Full input SWIFT address 52A (Sequence B) - Identifier Code 59R (Subsequence B1) - Beneficiary Country 59E (Sequence B) - Beneficiary Identification 59R (Subsequence C1) - Beneficiary Country | H52: Medium | I52: Manual | J52: Passed | K52: Untested | L52: Untested
A53: MT767.03 | B53: Kiểm tra điện MT767 - Webservice NARRATIVE được gán tương ứng với các trường trong điện | D53: 1. Login hệ thống TF bằng user admin 2. Truy cập theo đường dẫn Financial Services Analytical Applications Transactions Filtering/ Financial Services Sanctions Pack/ SWIFT Configuration Admin 3. Chọn điện MT767 trên drop down list 4. Sau khi bấm nút Save, click liên tiếp 2 lần button mũi tên sang phải (>) ở bên cạnh. 5. Chọn webservice NARRATIVE trên dropdown list Screening webservice trên màn hình và kiểm tra các tags tương ứng được gán | F53: Thông tin hiển thị các field, field name tương ứng theo từng webservice đảm bảo đủ, đúng theo yêu cầu, có trạng thái Enable = Yes, bao gồm: 72Z (Sequence A) - Sender to Receiver Information 35G (Sequence B) - Expiry Condition/Event 77U (Sequence B) - Other Amendments to Undertaking 35G (Sequence C) - Expiry Condition/Event 77L (Sequence C) - Other Amendments to Local Undertaking | H53: Medium | I53: Manual | J53: Passed | K53: Untested | L53: Untested
A54: MT767.04 | B54: Kiểm tra điện MT767 - Webservice NAME AND ADDRESS được gán tương ứng với các trường trong điện | D54: 1. Login hệ thống TF bằng user admin 2. Truy cập theo đường dẫn Financial Services Analytical Applications Transactions Filtering/ Financial Services Sanctions Pack/ SWIFT Configuration Admin 3. Chọn điện MT767 trên drop down list 4. Sau khi bấm nút Save, click liên tiếp 2 lần button mũi tên sang phải (>) ở bên cạnh. 5. Chọn webservice NAME AND ADDRESS trên dropdown list Screening webservice trên màn hình và kiểm tra các tags tương ứng được gán | F54: Thông tin hiển thị các field, field name tương ứng theo từng webservice đảm bảo đủ, đúng theo yêu cầu, có trạng thái Enable = Yes, bao gồm: Basic Header Block - LT Identifier Application Header Input - Receiver's Address Application Header Output - Full input SWIFT address 52A (Sequence B) - Identifier Code 52D (Sequence B) - Name and Address 59N (Subsequence B1) - Beneficiary Name 59E (Sequence B) - Beneficiary Identification 24G (Sequence B) - Narrative 59N (Subsequence C1) - Beneficiary Name 24G (Sequence C) - Narrative | H54: Medium | I54: Manual | J54: Passed | K54: Untested | L54: Untested

Sheet Cấu hình chủ thể
A1: Functions | B1: Config EDQ
A2: Build Version | B2: v1.0
B4: High | C4: Medium | D4: Low | E4: Total
C5: =SUM(C6:C11) -> 42 | D5: =SUM(D6:D11) -> 0 | E5: =SUM(B5:D5) -> 42
A6: Passed | B6: =COUNTIFS($J:$J, $A$6,$H:$H,B$4) -> 0 | C6: =COUNTIFS($J:$J, $A$6,$H:$H,C$4) -> 42 | D6: =COUNTIFS($J:$J, $A$6,$H:$H,D$4) -> 0 | E6: =SUM(B6:D6) -> 42
A7: Failed | B7: =COUNTIFS($J:$J, $A$7,$H:$H,B$4) -> 0 | C7: =COUNTIFS($J:$J, $A$7,$H:$H,C$4) -> 0 | D7: =COUNTIFS($J:$J, $A$7,$H:$H,D$4) -> 0 | E7: =SUM(B7:D7) -> 0
A8: Pending | B8: =COUNTIFS($J:$J, $A$8,H:H,B$4) -> 0 | C8: =COUNTIFS($J:$J, $A$8,I:I,C$4) -> 0 | D8: =COUNTIFS($J:$J, $A$8,J:J,D$4) -> 0 | E8: =SUM(B8:D8) -> 0
A9: Untested | B9: =COUNTIFS($J:$J, $A$9,$H:$H,B$4) -> 0 | C9: =COUNTIFS($J:$J, $A$9,$H:$H,C$4) -> 0 | D9: =COUNTIFS($J:$J, $A$9,$H:$H,D$4) -> 0 | E9: =SUM(B9:D9) -> 0
A10: Cancel | B10: =COUNTIFS($J:$J, $A$10,$H:$H,B$4) -> 0 | C10: =COUNTIFS($J:$J, $A$10,$H:$H,C$4) -> 0 | D10: =COUNTIFS($J:$J, $A$10,$H:$H,D$4) -> 0 | E10: =SUM(B10:D10) -> 0
A11: Next | B11: =COUNTIFS($J:$J,$A$11,$H:$H,B$4) -> 0 | C11: =COUNTIFS($J:$J,$A$11,$H:$H,C$4) -> 0 | D11: =COUNTIFS($J:$J,$A$11,$H:$H,D$4) -> 0 | E11: =SUM(B11:D11) -> 0
A14: Test case Id | B14: Test case Title | C14: Pre-conditions | D14: Test Step | E14: Test Datas | F14: Expected result | G14: Test Environment | H14: Priority | I14: Automation Status | J14: 1st Test Results | K14: 2nd Test Results | L14: 3rd Test Results | M14: BugID | N14: Notes
B15: Kiểm tra cấu hình sàng lọc trường dữ liệu với chủ thể đối với điện MT700
A16: MT700_Config_EDQ.01 | B16: Kiểm tra các trường sàng lọc Name and Address theo chủ thể Entity | D16: 1. NSD đăng nhập EDQ Director bằng user được phân quyền 2. NSD truy cập theo đường dẫn Project/Transaction_Screening/ Reference Data/ MSB_TYPE_FOR_OBJ 3. Kiểm tra danh sách các trường được config với Type = "MT700" Webservice_Name = 1 và ENTITY = 'ENT' | F16: 3. Các trường config bao gồm: Basic Header Block Application Header - Input Application Header - Output 41A 41D 42A 42D 50N 51A 51D 53A 53D 57A 57D 58A 58D 59N | H16: Medium | I16: Manual | J16: Passed | K16: Untested | L16: Untested
A17: MT700_Config_EDQ.02 | B17: Kiểm tra các trường sàng lọc Identifier theo chủ thể Entity | D17: 1. NSD đăng nhập EDQ Director bằng user được phân quyền 2. NSD truy cập theo đường dẫn Project/Transaction_Screening/ Reference Data/ MSB_TYPE_FOR_OBJ 3. Kiểm tra danh sách các trường được config với Type = "MT700" Webservice_Name = 2 và ENTITY = 'ENT' | F17: 3. Các trường config bao gồm: Basic Header Block Application Header - Input Application Header - Output 41A 42A 42D 51A 51D 53A 53D 57A 57B 57D 58A 58D | H17: Medium | I17: Manual | J17: Passed | K17: Untested | L17: Untested
A18: MT700_Config_EDQ.03 | B18: Kiểm tra các trường sàng lọc Country | D18: 1. NSD đăng nhập EDQ Director bằng user được phân quyền 2. NSD truy cập theo đường dẫn Project/Transaction_Screening/ Reference Data/ MSB_TYPE_FOR_OBJ 3. Kiểm tra danh sách các trường được config với Type = "MT700" Webservice_Name = 3 và ENTITY = 'All' | F18: 3. Các trường config bao gồm: Basic Header Block Application Header - Input Application Header - Output 41A 42A 50R 51A 53A 57A 58A 59R | H18: Medium | I18: Manual | J18: Passed | K18: Untested | L18: Untested
A19: MT700_Config_EDQ.04 | B19: Kiểm tra các trường sàng lọc Narrative theo Stop KeyWords | D19: 1. NSD đăng nhập EDQ Director bằng user được phân quyền 2. NSD truy cập theo đường dẫn Project/Transaction_Screening/ Reference Data/ MSB_TYPE_FOR_OBJ 3. Kiểm tra danh sách các trường được config với Type = "MT700" Webservice_Name = 4 và ENTITY = 'STK' | F19: 3. Các trường config bao gồm: 45A | H19: Medium | I19: Manual | J19: Passed | K19: Untested | L19: Untested
A20: MT700_Config_EDQ.05 | B20: Kiểm tra các trường sàng lọc Narrative theo chủ thể Port | D20: 1. NSD đăng nhập EDQ Director bằng user được phân quyền 2. NSD truy cập theo đường dẫn Project/Transaction_Screening/ Reference Data/ MSB_TYPE_FOR_OBJ 3. Kiểm tra danh sách các trường được config với Type = "MT700" Webservice_Name = 4 và ENTITY = 'POR' | F20: 3. Các trường config bao gồm: 44A 44B 44E 44F | H20: Medium | I20: Manual | J20: Passed | K20: Untested | L20: Untested
A21: MT700_Config_EDQ.06 | B21: Kiểm tra các trường sàng lọc Narrative theo tất cả chủ thể | D21: 1. NSD đăng nhập EDQ Director bằng user được phân quyền 2. NSD truy cập theo đường dẫn Project/Transaction_Screening/ Reference Data/ MSB_TYPE_FOR_OBJ 3. Kiểm tra danh sách các trường được config với Type = "MT700" Webservice_Name = 4 và ENTITY = 'ALL' | F21: 3. Các trường config bao gồm: 42M 42P 46A 47A 49G 49H 71D 72Z 78K | H21: Medium | I21: Manual | J21: Passed | K21: Untested | L21: Untested
A22: MT700_Config_EDQ.07 | B22: Kiểm tra các trường sàng lọc Port | D22: 1. NSD đăng nhập EDQ Director bằng user được phân quyền 2. NSD truy cập theo đường dẫn Project/Transaction_Screening/ Reference Data/ MSB_TYPE_FOR_OBJ 3. Kiểm tra danh sách các trường được config với Type = "MT700" Webservice_Name = 5 và ENTITY = 'All' | F22: 3. Các trường config bao gồm: 44A 44B 44E 44F | H22: Medium | I22: Manual | J22: Passed | K22: Untested | L22: Untested
B23: Kiểm tra cấu hình sàng lọc trường dữ liệu với chủ thể đối với điện MT707
A24: MT707_Config_EDQ.01 | B24: Kiểm tra các trường sàng lọc Name and Address theo chủ thể Entity | D24: 1. NSD đăng nhập EDQ Director bằng user được phân quyền 2. NSD truy cập theo đường dẫn Project/Transaction_Screening/ Reference Data/ MSB_TYPE_FOR_OBJ 3. Kiểm tra danh sách các trường được config với Type = "MT707" Webservice_Name = 1 và ENTITY = 'ENT' | F24: 3. Các trường config bao gồm: Basic Header Block Application Header - Input Application Header - Output 41A 41D 42A 42D 50E 50N 52A 52D 53A 53D 57A 57D 58A 58D 59N | H24: Medium | I24: Manual | J24: Passed | K24: Untested | L24: Untested
A25: MT707_Config_EDQ.02 | B25: Kiểm tra các trường sàng lọc Identifier theo chủ thể Entity | D25: 1. NSD đăng nhập EDQ Director bằng user được phân quyền 2. NSD truy cập theo đường dẫn Project/Transaction_Screening/ Reference Data/ MSB_TYPE_FOR_OBJ 3. Kiểm tra danh sách các trường được config với Type = "MT707" Webservice_Name = 2 và ENTITY = 'ENT' | F25: 3. Các trường config bao gồm: Basic Header Block Application Header - Input Application Header - Output 41A 42A 42D 52A 52D 53A 53D 57A 57B 57D 58A 58D | H25: Medium | I25: Manual | J25: Passed | K25: Untested | L25: Untested
A26: MT707_Config_EDQ.03 | B26: Kiểm tra các trường sàng lọc Country | D26: 1. NSD đăng nhập EDQ Director bằng user được phân quyền 2. NSD truy cập theo đường dẫn Project/Transaction_Screening/ Reference Data/ MSB_TYPE_FOR_OBJ 3. Kiểm tra danh sách các trường được config với Type = "MT707" Webservice_Name = 3 và ENTITY = 'All' | F26: 3. Các trường config bao gồm: Basic Header Block Application Header - Input Application Header - Output 41A 42A 50R 50W 52A 53A 57A 58A 59R | H26: Medium | I26: Manual | J26: Passed | K26: Untested | L26: Untested
A27: MT707_Config_EDQ.04 | B27: Kiểm tra các trường sàng lọc Narrative theo Stop KeyWords | D27: 1. NSD đăng nhập EDQ Director bằng user được phân quyền 2. NSD truy cập theo đường dẫn Project/Transaction_Screening/ Reference Data/ MSB_TYPE_FOR_OBJ 3. Kiểm tra danh sách các trường được config với Type = "MT707" Webservice_Name = 4 và ENTITY = 'STK' | F27: 3. Các trường config bao gồm: 45B | H27: Medium | I27: Manual | J27: Passed | K27: Untested | L27: Untested
A28: MT707_Config_EDQ.05 | B28: Kiểm tra các trường sàng lọc Narrative theo chủ thể Port | D28: 1. NSD đăng nhập EDQ Director bằng user được phân quyền 2. NSD truy cập theo đường dẫn Project/Transaction_Screening/ Reference Data/ MSB_TYPE_FOR_OBJ 3. Kiểm tra danh sách các trường được config với Type = "MT707" Webservice_Name = 4 và ENTITY = 'POR' | F28: 3. Các trường config bao gồm: 44A 44B 44E 44F | H28: Medium | I28: Manual | J28: Passed | K28: Untested | L28: Untested
A29: MT707_Config_EDQ.06 | B29: Kiểm tra các trường sàng lọc Narrative theo tất cả chủ thể | D29: 1. NSD đăng nhập EDQ Director bằng user được phân quyền 2. NSD truy cập theo đường dẫn Project/Transaction_Screening/ Reference Data/ MSB_TYPE_FOR_OBJ 3. Kiểm tra danh sách các trường được config với Type = "MT707" Webservice_Name = 4 và ENTITY = 'ALL' | F29: 3. Các trường config bao gồm: 42M 42P 46B 47B 49M 49N 71D 71N 72Z 78K | H29: Medium | I29: Manual | J29: Passed | K29: Untested | L29: Untested
A30: MT707_Config_EDQ.07 | B30: Kiểm tra các trường sàng lọc Port | D30: 1. NSD đăng nhập EDQ Director bằng user được phân quyền 2. NSD truy cập theo đường dẫn Project/Transaction_Screening/ Reference Data/ MSB_TYPE_FOR_OBJ 3. Kiểm tra danh sách các trường được config với Type = "MT707" Webservice_Name = 5 và ENTITY = 'All' | F30: 3. Các trường config bao gồm: 44A 44B 44E 44F | H30: Medium | I30: Manual | J30: Passed | K30: Untested | L30: Untested
B31: Kiểm tra cấu hình sàng lọc trường dữ liệu với chủ thể đối với điện MT710
A32: MT710_Config_EDQ.01 | B32: Kiểm tra các trường sàng lọc Name and Address theo chủ thể Entity | D32: 1. NSD đăng nhập EDQ Director bằng user được phân quyền 2. NSD truy cập theo đường dẫn Project/Transaction_Screening/ Reference Data/ MSB_TYPE_FOR_OBJ 3. Kiểm tra danh sách các trường được config với Type = "MT710" Webservice_Name = 1 và ENTITY = 'ENT' | F32: 3. Các trường config bao gồm: Basic Header Block Application Header - Input Application Header - Output 41A 41D 42A 42D 50E 50N 51A 51D 52A 52D 53A 53D 57A 57D 58A 58D 59N | H32: Medium | I32: Manual | J32: Passed | K32: Untested | L32: Untested
A33: MT710_Config_EDQ.02 | B33: Kiểm tra các trường sàng lọc Identifier theo chủ thể Entity | D33: 1. NSD đăng nhập EDQ Director bằng user được phân quyền 2. NSD truy cập theo đường dẫn Project/Transaction_Screening/ Reference Data/ MSB_TYPE_FOR_OBJ 3. Kiểm tra danh sách các trường được config với Type = "MT710" Webservice_Name = 2 và ENTITY = 'ENT' | F33: 3. Các trường config bao gồm: Basic Header Block Application Header - Input Application Header - Output 41A 42A 42D 51A 51D 52A 52D 53A 53D 57A 57B 57D 58A 58D | H33: Medium | I33: Manual | J33: Passed | K33: Untested | L33: Untested
A34: MT710_Config_EDQ.03 | B34: Kiểm tra các trường sàng lọc Country | D34: 1. NSD đăng nhập EDQ Director bằng user được phân quyền 2. NSD truy cập theo đường dẫn Project/Transaction_Screening/ Reference Data/ MSB_TYPE_FOR_OBJ 3. Kiểm tra danh sách các trường được config với Type = "MT710" Webservice_Name = 3 và ENTITY = 'All' | F34: 3. Các trường config bao gồm: Basic Header Block Application Header - Input Application Header - Output 41A 42A 50R 50W 51A 52A 53A 57A 58A 59R | H34: Medium | I34: Manual | J34: Passed | K34: Untested | L34: Untested
A35: MT710_Config_EDQ.04 | B35: Kiểm tra các trường sàng lọc Narrative theo Stop KeyWords | D35: 1. NSD đăng nhập EDQ Director bằng user được phân quyền 2. NSD truy cập theo đường dẫn Project/Transaction_Screening/ Reference Data/ MSB_TYPE_FOR_OBJ 3. Kiểm tra danh sách các trường được config với Type = "MT710" Webservice_Name = 4 và ENTITY = 'STK' | F35: 3. Các trường config bao gồm: 45A | H35: Medium | I35: Manual | J35: Passed | K35: Untested | L35: Untested
A36: MT710_Config_EDQ.05 | B36: Kiểm tra các trường sàng lọc Narrative theo chủ thể Port | D36: 1. NSD đăng nhập EDQ Director bằng user được phân quyền 2. NSD truy cập theo đường dẫn Project/Transaction_Screening/ Reference Data/ MSB_TYPE_FOR_OBJ 3. Kiểm tra danh sách các trường được config với Type = "MT710" Webservice_Name = 4 và ENTITY = 'POR' | F36: 3. Các trường config bao gồm: 44A 44B 44E 44F | H36: Medium | I36: Manual | J36: Passed | K36: Untested | L36: Untested
A37: MT710_Config_EDQ.06 | B37: Kiểm tra các trường sàng lọc Narrative theo tất cả chủ thể | D37: 1. NSD đăng nhập EDQ Director bằng user được phân quyền 2. NSD truy cập theo đường dẫn Project/Transaction_Screening/ Reference Data/ MSB_TYPE_FOR_OBJ 3. Kiểm tra danh sách các trường được config với Type = "MT710" Webservice_Name = 4 và ENTITY = 'ALL' | F37: 3. Các trường config bao gồm: 42M 42P 46A 47A 49G 49H 71D 72Z 78D 78K | H37: Medium | I37: Manual | J37: Passed | K37: Untested | L37: Untested
A38: MT710_Config_EDQ.07 | B38: Kiểm tra các trường sàng lọc Port | D38: 1. NSD đăng nhập EDQ Director bằng user được phân quyền 2. NSD truy cập theo đường dẫn Project/Transaction_Screening/ Reference Data/ MSB_TYPE_FOR_OBJ 3. Kiểm tra danh sách các trường được config với Type = "MT710" Webservice_Name = 5 và ENTITY = 'All' | F38: 3. Các trường config bao gồm: 44A 44B 44E 44F | H38: Medium | I38: Manual | J38: Passed | K38: Untested | L38: Untested
B39: Kiểm tra cấu hình sàng lọc trường dữ liệu với chủ thể đối với điện MT720
A40: MT720_Config_EDQ.01 | B40: Kiểm tra các trường sàng lọc Name and Address theo chủ thể Entity | D40: 1. NSD đăng nhập EDQ Director bằng user được phân quyền 2. NSD truy cập theo đường dẫn Project/Transaction_Screening/ Reference Data/ MSB_TYPE_FOR_OBJ 3. Kiểm tra danh sách các trường được config với Type = "MT720" Webservice_Name = 1 và ENTITY = 'ENT' | F40: 3. Các trường config bao gồm: Basic Header Block Application Header - Input Application Header - Output 41A 41D 42A 42D 50E 50N 52A 52D 57A 57D 58A 58D 59N | H40: Medium | I40: Manual | J40: Passed | K40: Untested | L40: Untested
A41: MT720_Config_EDQ.02 | B41: Kiểm tra các trường sàng lọc Identifier theo chủ thể Entity | D41: 1. NSD đăng nhập EDQ Director bằng user được phân quyền 2. NSD truy cập theo đường dẫn Project/Transaction_Screening/ Reference Data/ MSB_TYPE_FOR_OBJ 3. Kiểm tra danh sách các trường được config với Type = "MT720" Webservice_Name = 2 và ENTITY = 'ENT' | F41: 3. Các trường config bao gồm: Basic Header Block Application Header - Input Application Header - Output 41A 42A 42D 52A 52D 57A 57B 57D 58A 58D | H41: Medium | I41: Manual | J41: Passed | K41: Untested | L41: Untested
A42: MT720_Config_EDQ.03 | B42: Kiểm tra các trường sàng lọc Country | D42: 1. NSD đăng nhập EDQ Director bằng user được phân quyền 2. NSD truy cập theo đường dẫn Project/Transaction_Screening/ Reference Data/ MSB_TYPE_FOR_OBJ 3. Kiểm tra danh sách các trường được config với Type = "MT720" Webservice_Name = 3 và ENTITY = 'All' | F42: 3. Các trường config bao gồm: Basic Header Block Application Header - Input Application Header - Output 41A 42A 50R 50W 52A 57A 58A 59R | H42: Medium | I42: Manual | J42: Passed | K42: Untested | L42: Untested
A43: MT720_Config_EDQ.04 | B43: Kiểm tra các trường sàng lọc Narrative theo Stop KeyWords | D43: 1. NSD đăng nhập EDQ Director bằng user được phân quyền 2. NSD truy cập theo đường dẫn Project/Transaction_Screening/ Reference Data/ MSB_TYPE_FOR_OBJ 3. Kiểm tra danh sách các trường được config với Type = "MT720" Webservice_Name = 4 và ENTITY = 'STK' | F43: 3. Các trường config bao gồm: 45A | H43: Medium | I43: Manual | J43: Passed | K43: Untested | L43: Untested
A44: MT720_Config_EDQ.05 | B44: Kiểm tra các trường sàng lọc Narrative theo chủ thể Port | D44: 1. NSD đăng nhập EDQ Director bằng user được phân quyền 2. NSD truy cập theo đường dẫn Project/Transaction_Screening/ Reference Data/ MSB_TYPE_FOR_OBJ 3. Kiểm tra danh sách các trường được config với Type = "MT720" Webservice_Name = 4 và ENTITY = 'POR' | F44: 3. Các trường config bao gồm: 44A 44B 44E 44F | H44: Medium | I44: Manual | J44: Passed | K44: Untested | L44: Untested
A45: MT720_Config_EDQ.06 | B45: Kiểm tra các trường sàng lọc Narrative theo tất cả chủ thể | D45: 1. NSD đăng nhập EDQ Director bằng user được phân quyền 2. NSD truy cập theo đường dẫn Project/Transaction_Screening/ Reference Data/ MSB_TYPE_FOR_OBJ 3. Kiểm tra danh sách các trường được config với Type = "MT720" Webservice_Name = 4 và ENTITY = 'ALL' | F45: 3. Các trường config bao gồm: 42M 42P 46A 47A 49G 49H 71D 72Z 78D 78K | H45: Medium | I45: Manual | J45: Passed | K45: Untested | L45: Untested
A46: MT720_Config_EDQ.07 | B46: Kiểm tra các trường sàng lọc Port | D46: 1. NSD đăng nhập EDQ Director bằng user được phân quyền 2. NSD truy cập theo đường dẫn Project/Transaction_Screening/ Reference Data/ MSB_TYPE_FOR_OBJ 3. Kiểm tra danh sách các trường được config với Type = "MT720" Webservice_Name = 5 và ENTITY = 'All' | F46: 3. Các trường config bao gồm: 44A 44B 44E 44F | H46: Medium | I46: Manual | J46: Passed | K46: Untested | L46: Untested
B47: Kiểm tra cấu hình sàng lọc trường dữ liệu với chủ thể đối với điện MT740
A48: MT740_Config_EDQ.01 | B48: Kiểm tra các trường sàng lọc Name and Address theo chủ thể Entity | D48: 1. NSD đăng nhập EDQ Director bằng user được phân quyền 2. NSD truy cập theo đường dẫn Project/Transaction_Screening/ Reference Data/ MSB_TYPE_FOR_OBJ 3. Kiểm tra danh sách các trường được config với Type = "MT740" Webservice_Name = 1 và ENTITY = 'ENT' | F48: 3. Các trường config bao gồm: Basic Header Block Application Header - Input Application Header - Output 41A 41D 42A 42D 58A 58D 59N | H48: Medium | I48: Manual | J48: Passed | K48: Untested | L48: Untested
A49: MT740_Config_EDQ.02 | B49: Kiểm tra các trường sàng lọc Identifier theo chủ thể Entity | D49: 1. NSD đăng nhập EDQ Director bằng user được phân quyền 2. NSD truy cập theo đường dẫn Project/Transaction_Screening/ Reference Data/ MSB_TYPE_FOR_OBJ 3. Kiểm tra danh sách các trường được config với Type = "MT740" Webservice_Name = 2 và ENTITY = 'ENT' | F49: 3. Các trường config bao gồm: Basic Header Block Application Header - Input Application Header - Output 41A 42A 42D 58A 58D | H49: Medium | I49: Manual | J49: Passed | K49: Untested | L49: Untested
A50: MT740_Config_EDQ.03 | B50: Kiểm tra các trường sàng lọc Country | D50: 1. NSD đăng nhập EDQ Director bằng user được phân quyền 2. NSD truy cập theo đường dẫn Project/Transaction_Screening/ Reference Data/ MSB_TYPE_FOR_OBJ 3. Kiểm tra danh sách các trường được config với Type = "MT740" Webservice_Name = 3 và ENTITY = 'All' | F50: 3. Các trường config bao gồm: Basic Header Block Application Header - Input Application Header - Output 41A 42A 58A 59R | H50: Medium | I50: Manual | J50: Passed | K50: Untested | L50: Untested
A51: MT740_Config_EDQ.04 | B51: Kiểm tra các trường sàng lọc Narrative theo tất cả chủ thể | D51: 1. NSD đăng nhập EDQ Director bằng user được phân quyền 2. NSD truy cập theo đường dẫn Project/Transaction_Screening/ Reference Data/ MSB_TYPE_FOR_OBJ 3. Kiểm tra danh sách các trường được config với Type = "MT740" Webservice_Name = 4 và ENTITY = 'ALL' | F51: 3. Các trường config bao gồm: 42M 42P 71D 72Z | H51: Medium | I51: Manual | J51: Passed | K51: Untested | L51: Untested
B52: Kiểm tra cấu hình sàng lọc trường dữ liệu với chủ thể đối với điện MT760
A53: MT760_Config_EDQ.01 | B53: Kiểm tra các trường sàng lọc Name and Address theo chủ thể Entity | D53: 1. NSD đăng nhập EDQ Director bằng user được phân quyền 2. NSD truy cập theo đường dẫn Project/Transaction_Screening/ Reference Data/ MSB_TYPE_FOR_OBJ 3. Kiểm tra danh sách các trường được config với Type = "MT760" Webservice_Name = 1 và ENTITY = 'ENT' | F53: 3. Các trường config bao gồm: Basic Header Block Application Header - Input Application Header - Output 24G 41F 41G 50N 51N 52A 52D 56A 56D 57A 57D 58A 58D 59E 59N | H53: Medium | I53: Manual | J53: Passed | K53: Untested | L53: Untested
A54: MT760_Config_EDQ.02 | B54: Kiểm tra các trường sàng lọc Name and Address theo chủ thể Individual | D54: 1. NSD đăng nhập EDQ Director bằng user được phân quyền 2. NSD truy cập theo đường dẫn Project/Transaction_Screening/ Reference Data/ MSB_TYPE_FOR_OBJ 3. Kiểm tra danh sách các trường được config với Type = "MT760" Webservice_Name = 1 và ENTITY = 'IND' | F54: 3. Các trường config bao gồm: 24G | H54: Medium | I54: Manual | J54: Passed | K54: Untested | L54: Untested
A55: MT760_Config_EDQ.03 | B55: Kiểm tra các trường sàng lọc Identifier theo chủ thể Entity | D55: 1. NSD đăng nhập EDQ Director bằng user được phân quyền 2. NSD truy cập theo đường dẫn Project/Transaction_Screening/ Reference Data/ MSB_TYPE_FOR_OBJ 3. Kiểm tra danh sách các trường được config với Type = "MT760" Webservice_Name = 2 và ENTITY = 'ENT' | F55: 3. Các trường config bao gồm: Basic Header Block Application Header - Input Application Header - Output 41F 52A 52D 56A 56D 57A 57D 58A 58D 59E | H55: Medium | I55: Manual | J55: Passed | K55: Untested | L55: Untested
A56: MT760_Config_EDQ.04 | B56: Kiểm tra các trường sàng lọc Country | D56: 1. NSD đăng nhập EDQ Director bằng user được phân quyền 2. NSD truy cập theo đường dẫn Project/Transaction_Screening/ Reference Data/ MSB_TYPE_FOR_OBJ 3. Kiểm tra danh sách các trường được config với Type = "MT760" Webservice_Name = 3 và ENTITY = 'All' | F56: 3. Các trường config bao gồm: Basic Header Block Application Header - Input Application Header - Output 41F 50R 51R 52A 56A 57A 58A 59E 59R | H56: Medium | I56: Manual | J56: Passed | K56: Untested | L56: Untested
A57: MT760_Config_EDQ.05 | B57: Kiểm tra các trường sàng lọc Narrative theo tất cả chủ thể | D57: 1. NSD đăng nhập EDQ Director bằng user được phân quyền 2. NSD truy cập theo đường dẫn Project/Transaction_Screening/ Reference Data/ MSB_TYPE_FOR_OBJ 3. Kiểm tra danh sách các trường được config với Type = "MT760" Webservice_Name = 4 và ENTITY = 'ALL' | F57: 3. Các trường config bao gồm: 35G 39E 39F 45C 45L 71D 72Z 77L 77U 78 | H57: Medium | I57: Manual | J57: Passed | K57: Untested | L57: Untested
B58: Kiểm tra cấu hình sàng lọc trường dữ liệu với chủ thể đối với điện MT767
A59: MT767_Config_EDQ.01 | B59: Kiểm tra các trường sàng lọc Name and Address theo chủ thể Entity | D59: 1. NSD đăng nhập EDQ Director bằng user được phân quyền 2. NSD truy cập theo đường dẫn Project/Transaction_Screening/ Reference Data/ MSB_TYPE_FOR_OBJ 3. Kiểm tra danh sách các trường được config với Type = "MT767" Webservice_Name = 1 và ENTITY = 'ENT' | F59: 3. Các trường config bao gồm: Basic Header Block Application Header - Input Application Header - Output 24G 52A 52D 59E 59N | H59: Medium | I59: Manual | J59: Passed | K59: Untested | L59: Untested
A60: MT767_Config_EDQ.02 | B60: Kiểm tra các trường sàng lọc Name and Address theo chủ thể Individual | D60: 1. NSD đăng nhập EDQ Director bằng user được phân quyền 2. NSD truy cập theo đường dẫn Project/Transaction_Screening/ Reference Data/ MSB_TYPE_FOR_OBJ 3. Kiểm tra danh sách các trường được config với Type = "MT767" Webservice_Name = 1 và ENTITY = 'IND' | F60: 3. Các trường config bao gồm: 24G | H60: Medium | I60: Manual | J60: Passed | K60: Untested | L60: Untested
A61: MT767_Config_EDQ.03 | B61: Kiểm tra các trường sàng lọc Identifier theo chủ thể Entity | D61: 1. NSD đăng nhập EDQ Director bằng user được phân quyền 2. NSD truy cập theo đường dẫn Project/Transaction_Screening/ Reference Data/ MSB_TYPE_FOR_OBJ 3. Kiểm tra danh sách các trường được config với Type = "MT767" Webservice_Name = 2 và ENTITY = 'ENT' | F61: 3. Các trường config bao gồm: Basic Header Block Application Header - Input Application Header - Output 52A 52D 59E | H61: Medium | I61: Manual | J61: Passed | K61: Untested | L61: Untested
A62: MT767_Config_EDQ.04 | B62: Kiểm tra các trường sàng lọc Country | D62: 1. NSD đăng nhập EDQ Director bằng user được phân quyền 2. NSD truy cập theo đường dẫn Project/Transaction_Screening/ Reference Data/ MSB_TYPE_FOR_OBJ 3. Kiểm tra danh sách các trường được config với Type = "MT767" Webservice_Name = 3 và ENTITY = 'All' | F62: 3. Các trường config bao gồm: Basic Header Block Application Header - Input Application Header - Output 52A 59E 59R | H62: Medium | I62: Manual | J62: Passed | K62: Untested | L62: Untested
A63: MT767_Config_EDQ.05 | B63: Kiểm tra các trường sàng lọc Narrative theo tất cả chủ thể | D63: 1. NSD đăng nhập EDQ Director bằng user được phân quyền 2. NSD truy cập theo đường dẫn Project/Transaction_Screening/ Reference Data/ MSB_TYPE_FOR_OBJ 3. Kiểm tra danh sách các trường được config với Type = "MT767" Webservice_Name = 4 và ENTITY = 'ALL' | F63: 3. Các trường config bao gồm: 35G 72Z 77L 77U | H63: Medium | I63: Manual | J63: Passed | K63: Untested | L63: Untested

Sheet Sàng lọc điện
A1: Functions | B1: Sàng lọc giao dịch (Tổng hợp MT + MX)
A2: Build Version | B2: v1.0
A4: Trạng thái | B4: High | C4: Medium | D4: Low | E4: Total
A5: Total | B5: =COUNTIFS($I$14:$I$80,"High") -> 60 | C5: =COUNTIFS($I$14:$I$80,"Medium") -> 0 | D5: =COUNTIFS($I$14:$I$80,"Low") -> 0 | E5: =SUM(B5:D5) -> 60
A6: Passed | B6: =COUNTIFS($K$14:$K$80,$A$6,$I$14:$I$80,"High") -> 8 | C6: =COUNTIFS($K$14:$K$80,$A$6,$I$14:$I$80,"Medium") -> 0 | D6: =COUNTIFS($K$14:$K$80,$A$6,$I$14:$I$80,"Low") -> 0 | E6: =SUM(B6:D6) -> 8 | L6: 10
A7: Failed | B7: =COUNTIFS($K$14:$K$80,$A$7,$I$14:$I$80,"High") -> 0 | C7: =COUNTIFS($K$14:$K$80,$A$7,$I$14:$I$80,"Medium") -> 0 | D7: =COUNTIFS($K$14:$K$80,$A$7,$I$14:$I$80,"Low") -> 0 | E7: =SUM(B7:D7) -> 0 | L7: 5
A8: Untested | B8: =COUNTIFS($K$14:$K$80,$A$8,$I$14:$I$80,"High") -> 52 | C8: =COUNTIFS($K$14:$K$80,$A$8,$I$14:$I$80,"Medium") -> 0 | D8: =COUNTIFS($K$14:$K$80,$A$8,$I$14:$I$80,"Low") -> 0 | E8: =SUM(B8:D8) -> 52 | L8: 115
A9: Cancel | B9: =COUNTIFS($K$14:$K$80,$A$9,$I$14:$I$80,"High") -> 0 | C9: =COUNTIFS($K$14:$K$80,$A$9,$I$14:$I$80,"Medium") -> 0 | D9: =COUNTIFS($K$14:$K$80,$A$9,$I$14:$I$80,"Low") -> 0 | E9: =SUM(B9:D9) -> 0
A10: Next | B10: =COUNTIFS($K$14:$K$80,$A$10,$I$14:$I$80,"High") -> 0 | C10: =COUNTIFS($K$14:$K$80,$A$10,$I$14:$I$80,"High") -> 0 | D10: =COUNTIFS($K$14:$K$80,$A$10,$I$14:$I$80,"High") -> 0 | E10: =COUNTIFS($K$14:$K$80,$A$10,$I$14:$I$80,"High") -> 0
A11: Pending | B11: =COUNTIFS($K$14:$K$80,$A$11,$I$14:$I$80,"High") -> 0 | C11: =COUNTIFS($K$14:$K$80,$A$11,$I$14:$I$80,"Medium") -> 0 | D11: =COUNTIFS($K$14:$K$80,$A$11,$I$14:$I$80,"Low") -> 0 | E11: =SUM(B11:D11) -> 0
A13: Loại điện | B13: Test case Id | C13: Test case Title | D13: Pre-conditions | E13: Test Step | F13: Test Datas | G13: Expected result | H13: Test Environment | I13: Priority | J13: Automation Status | K13: 1st Test Results | L13: 2nd Test Results | M13: 3rd Test Result | N13: BugID | O13: Notes
A14: Sàng lọc giao dịch MT 700
A15: MT700 | B15: MT700.01 | C15: Sàng lọc giao dịch MT 700 - Identifier, Name and Address, Country and City - Entity | E15: 1. Đẩy giao dịch vào API Post Message với trường thông tin Basic Header Block, Application Header - Input, 51A, 41A, 42A, 58A, 53A, 57A có dữ liệu nằm trong các danh sách theo dõi <Link URL hệ thống AML ở môi trường SIT> Path: transaction-screening/v1/transaction-screening Method: POST Request Header: Authorization: Basic Auth (Username and password to login to application) Content-Type: text/plain Accept: */* Request Body: cột Test Datas 2. Kiểm tra thông tin Event của giao dịch theo đường dẫn Financial Services Analytical Applications Transactions Filtering > Financial services Sanctions Pack > Transaction Filtering Alert List Chọn Filter, nhập thông tin tìm kiếm theo AlertID, nhấn <Search> Click mã AlertID và kiểm tra các thông tin Hoặc kiểm tra các thông tin trong file kết quả truy vấn Database | F15: {1:F01BFICCUHHAXXX0000000000} {2:I700BFICCUHHXXXXN} {3:{108:MT700TEST0001}} {4: :27:1/1 :40A:IRREVOCABLE :20:DCI2607240001 :31C:260415 :40E:UCP LATEST VERSION :31D:261231SINGAPORE :51A:BFICCUHH :50N:MEKONG TRADING JOINT STOCK CO :50S:12 NGUYEN HUE STREET :50T:HO CHI MINH CITY :50R:VN :59N:SUNRISE IMPORT EXPORT PTE LTD :59S:18 MARINA BOULEVARD :59T:SINGAPORE :59R:SG :32B:USD50000, :41A:BFICCUHH7 BY PAYMENT :42C:AT SIGHT :42A:BFICCUHH :49:WITHOUT :58A:BFICCUHH :53A:BFICCUHH :57A:BFICCUHH -}{5:{MAC:00000000}{CHK:1A2B3C4D5E6F}} | G15: 2. Hệ thống trả kết quả: HIT với Webservice Identifier, Name and Address, Country and City loại chủ thể Entity; đồng thời HIT danh sách Quốc gia Knock-out (quốc gia cấm vận) và không HIT với chủ thể Individual, Vessel, Aircraft Câu query kiểm tra kết quả (KET_QUA = HIT): SELECT CASE WHEN COUNT(*) = 3 THEN 'HIT' ELSE 'NO HIT' END AS KET_QUA FROM ( SELECT T.N_WEBSERVICE_ID FROM FSI_RT_AL_WLS_RESPONSE T WHERE T.N_GRP_MSG_ID = :N_GRP_MSG_ID AND T.N_WEBSERVICE_ID IN (1, 2, 3) AND T.V_TAG_NAME IN ( 'Basic Header Block', 'Application Header - Input', '51A', '41A', '42A', '58A', '53A', '57A' ) GROUP BY T.N_WEBSERVICE_ID HAVING COUNT(DISTINCT T.V_TAG_NAME) = 8 AND COUNT(CASE WHEN UPPER(NVL(T.V_MATCHED_TYPE,DECODE(T.V_MATCHED_LIST_NAME,'Blacklisted Country','ENTITY','N/A'))) = 'ENTITY' THEN 1 END) > 0 AND COUNT(CASE WHEN UPPER(T.V_MATCHED_TYPE) = 'INDIVIDUAL' THEN 1 END) = 0 AND COUNT(CASE WHEN UPPER(T.V_MATCHED_TYPE) = 'VESSEL' THEN 1 END) = 0 AND COUNT(CASE WHEN UPPER(T.V_MATCHED_TYPE) = 'AIRCRAFT' THEN 1 END) = 0 ); | I15: High | J15: Manual | K15: Untested | L15: Untested | M15: Untested | O15: Nhóm tag quét giống nhau (Identifier, Name and Address, Country and City - Entity): Basic Header Block, Application Header - Input, 51A, 41A, 42A, 58A, 53A, 57A
A16: MT700 | B16: MT700.02 | C16: Sàng lọc giao dịch MT 700 - Identifier, Name and Address, Country and City - Entity | E16: 1. Đẩy giao dịch vào API Post Message với trường thông tin Application Header - Output có dữ liệu nằm trong các danh sách theo dõi <Link URL hệ thống AML ở môi trường SIT> Path: transaction-screening/v1/transaction-screening Method: POST Request Header: Authorization: Basic Auth (Username and password to login to application) Content-Type: text/plain Accept: */* Request Body: cột Test Datas 2. Kiểm tra thông tin Event của giao dịch theo đường dẫn Financial Services Analytical Applications Transactions Filtering > Financial services Sanctions Pack > Transaction Filtering Alert List Chọn Filter, nhập thông tin tìm kiếm theo AlertID, nhấn <Search> Click mã AlertID và kiểm tra các thông tin Hoặc kiểm tra các thông tin trong file kết quả truy vấn Database | F16: {1:F01MCOBVNVXAXXX0000000000} {2:O7001201260724BFICCUHHAXXX00010000012607241201N} {3:{108:MT700TEST0008}} {4: :27:1/1 :40A:IRREVOCABLE :20:DCI2607240008 :31C:260415 :40E:UCP LATEST VERSION :31D:261231SINGAPORE :51A:SCBLSGSG :50N:MEKONG TRADING JOINT STOCK CO :50S:12 NGUYEN HUE STREET :50T:HO CHI MINH CITY :50R:VN :59N:SUNRISE IMPORT EXPORT PTE LTD :59S:18 MARINA BOULEVARD :59T:SINGAPORE :59R:SG :32B:USD50000, :41A:SCBLSGSG BY PAYMENT :42C:AT SIGHT :42A:SCBLSGSG :49:WITHOUT :58A:SCBLSGSG :53A:SCBLSGSG :57A:SCBLSGSG -}{5:{MAC:00000000}{CHK:1A2B3C4D5E6F}} | G16: 2. Hệ thống trả kết quả: HIT với Webservice Identifier, Name and Address, Country and City loại chủ thể Entity; đồng thời HIT danh sách Quốc gia Knock-out (quốc gia cấm vận) và không HIT với chủ thể Individual, Vessel, Aircraft Câu query kiểm tra kết quả (KET_QUA = HIT): SELECT CASE WHEN COUNT(*) = 3 THEN 'HIT' ELSE 'NO HIT' END AS KET_QUA FROM ( SELECT T.N_WEBSERVICE_ID FROM FSI_RT_AL_WLS_RESPONSE T WHERE T.N_GRP_MSG_ID = :N_GRP_MSG_ID AND T.N_WEBSERVICE_ID IN (1, 2, 3) AND T.V_TAG_NAME = 'Application Header - Output' GROUP BY T.N_WEBSERVICE_ID HAVING COUNT(DISTINCT T.V_TAG_NAME) = 1 AND COUNT(CASE WHEN UPPER(NVL(T.V_MATCHED_TYPE,DECODE(T.V_MATCHED_LIST_NAME,'Blacklisted Country','ENTITY','N/A'))) = 'ENTITY' THEN 1 END) > 0 AND COUNT(CASE WHEN UPPER(T.V_MATCHED_TYPE) = 'INDIVIDUAL' THEN 1 END) = 0 AND COUNT(CASE WHEN UPPER(T.V_MATCHED_TYPE) = 'VESSEL' THEN 1 END) = 0 AND COUNT(CASE WHEN UPPER(T.V_MATCHED_TYPE) = 'AIRCRAFT' THEN 1 END) = 0 ); | I16: High | J16: Manual | K16: Untested | L16: Untested | M16: Untested | O16: Nhóm tag quét giống nhau (Identifier, Name and Address, Country and City - Entity): Application Header - Output
A17: MT700 | B17: MT700.03 | C17: Sàng lọc giao dịch MT 700 - Name and Address - Entity | E17: 1. Đẩy giao dịch vào API Post Message với trường thông tin 51D, 50N, 59N, 41D, 42D, 58D, 53D, 57D có dữ liệu nằm trong các danh sách theo dõi <Link URL hệ thống AML ở môi trường SIT> Path: transaction-screening/v1/transaction-screening Method: POST Request Header: Authorization: Basic Auth (Username and password to login to application) Content-Type: text/plain Accept: */* Request Body: cột Test Datas 2. Kiểm tra thông tin Event của giao dịch theo đường dẫn Financial Services Analytical Applications Transactions Filtering > Financial services Sanctions Pack > Transaction Filtering Alert List Chọn Filter, nhập thông tin tìm kiếm theo AlertID, nhấn <Search> Click mã AlertID và kiểm tra các thông tin Hoặc kiểm tra các thông tin trong file kết quả truy vấn Database | F17: {1:F01SCBLSGSGAXXX0000000000} {2:I700MCOBVNVXXXXXN} {3:{108:MT700TEST0002}} {4: :27:1/1 :40A:IRREVOCABLE :20:DCI2607240002 :31C:260415 :40E:UCP LATEST VERSION :31D:261231SINGAPORE :51D:SUMMIT EMBER :50N:SUMMIT EMBER :50S:12 NGUYEN HUE STREET :50T:HO CHI MINH CITY :50R:IR :59N:SUMMIT EMBER :59S:18 MARINA BOULEVARD :59T:SINGAPORE :59R:IR :32B:USD50000, :41D:SUMMIT EMBER BY PAYMENT :42C:AT SIGHT :42D:SUMMIT EMBER :49:WITHOUT :58D:SUMMIT EMBER :53D:SUMMIT EMBER :57D:SUMMIT EMBER -}{5:{MAC:00000000}{CHK:1A2B3C4D5E6F}} | G17: 2. Hệ thống trả kết quả: HIT với Webservice Name and Address loại chủ thể Entity và không HIT với chủ thể Individual, Vessel, Aircraft Và tag 50N, 59N HIT với rule [E001C] Part-standardized name exact, country Câu query kiểm tra kết quả (KET_QUA = HIT): SELECT CASE WHEN COUNT(*) = 8 THEN 'HIT' ELSE 'NO HIT' END AS KET_QUA FROM ( SELECT T.V_TAG_NAME FROM FSI_RT_AL_WLS_RESPONSE T WHERE T.N_GRP_MSG_ID = :N_GRP_MSG_ID AND T.N_WEBSERVICE_ID = 1 AND T.V_TAG_NAME IN ('51D', '50N(Sequence A)', '59N(Sequence B)', '41D', '42D', '58D', '53D', '57D') GROUP BY T.V_TAG_NAME HAVING COUNT(CASE WHEN UPPER(T.V_MATCHED_TYPE) = 'ENTITY' THEN 1 END) > 0 AND COUNT(CASE WHEN UPPER(T.V_MATCHED_TYPE) = 'INDIVIDUAL' THEN 1 END) = 0 AND COUNT(CASE WHEN UPPER(T.V_MATCHED_TYPE) = 'VESSEL' THEN 1 END) = 0 AND COUNT(CASE WHEN UPPER(T.V_MATCHED_TYPE) = 'AIRCRAFT' THEN 1 END) = 0 AND COUNT(CASEWHEN T.V_TAG_NAME = '50N(Sequence A)' AND UPPER(TRIM(T.V_RULE_NAME)) LIKE '%E001C%' THEN END ) > 0 AND COUNT( CASE WHEN T.V_TAG_NAME = '59N(Sequence B)' AND UPPER(TRIM(T.V_RULE_NAME)) LIKE '%E001C%' THEN 1 END) > 0 ); | I17: High | J17: Manual | K17: Untested | L17: Untested | M17: Untested | O17: Nhóm tag quét giống nhau (Name and Address - Entity): 51D, 50N, 59N, 41D, 42D, 58D, 53D, 57D | P17: Update testdata các tag có đuôi R thành IR và Expected result thêm tag 50N, 59N HIT với rule [E001C] Part-standardized name exact, country sau đó thêm điều kiện cho câu query
A18: MT700 | B18: MT700.04 | C18: Sàng lọc giao dịch MT 700 - Identifier - Entity | E18: 1. Đẩy giao dịch vào API Post Message với trường thông tin 51A, 42A, 58A, 53A, 57A có dữ liệu nằm trong các danh sách theo dõi <Link URL hệ thống AML ở môi trường SIT> Path: transaction-screening/v1/transaction-screening Method: POST Request Header: Authorization: Basic Auth (Username and password to login to application) Content-Type: text/plain Accept: */* Request Body: cột Test Datas 2. Kiểm tra thông tin Event của giao dịch theo đường dẫn Financial Services Analytical Applications Transactions Filtering > Financial services Sanctions Pack > Transaction Filtering Alert List Chọn Filter, nhập thông tin tìm kiếm theo AlertID, nhấn <Search> Click mã AlertID và kiểm tra các thông tin Hoặc kiểm tra các thông tin trong file kết quả truy vấn Database | F18: {1:F01SCBLSGSGAXXX0000000000} {2:I700MCOBVNVXXXXXN} {3:{108:MT700TEST0003}} {4: :27:1/1 :40A:IRREVOCABLE :20:DCI2607240003 :31C:260415 :40E:UCP LATEST VERSION :31D:261231SINGAPORE :51A:/BFICCUHH SCBLSGSG :50N:MEKONG TRADING JOINT STOCK CO :50S:12 NGUYEN HUE STREET :50T:HO CHI MINH CITY :50R:VN :59N:SUNRISE IMPORT EXPORT PTE LTD :59S:18 MARINA BOULEVARD :59T:SINGAPORE :59R:SG :32B:USD50000, :41A:SCBLSGSG BY PAYMENT :42C:AT SIGHT :42A:/BFICCUHH SCBLSGSG :49:WITHOUT :58A:/BFICCUHH SCBLSGSG :53A:/BFICCUHH SCBLSGSG :57A:/BFICCUHH SCBLSGSG -}{5:{MAC:00000000}{CHK:1A2B3C4D5E6F}} | G18: 2. Hệ thống trả kết quả: HIT với Webservice Identifier loại chủ thể Entity và không HIT với chủ thể Individual, Vessel, Aircraft, Port Câu query kiểm tra kết quả (KET_QUA = HIT): SELECT CASE WHEN COUNT(*) = 5 THEN 'HIT' ELSE 'NO HIT' END AS KET_QUA FROM ( SELECT T.V_TAG_NAME FROM FSI_RT_AL_WLS_RESPONSE T WHERE T.N_GRP_MSG_ID = :N_GRP_MSG_ID AND T.N_WEBSERVICE_ID = 2 AND T.V_TAG_NAME IN ('51A', '42A', '58A', '53A', '57A') GROUP BY T.V_TAG_NAME HAVING COUNT(CASE WHEN UPPER(T.V_MATCHED_TYPE) = 'ENTITY' THEN 1 END) > 0 AND COUNT(CASE WHEN UPPER(T.V_MATCHED_TYPE) = 'INDIVIDUAL' THEN 1 END) = 0 AND COUNT(CASE WHEN UPPER(T.V_MATCHED_TYPE) = 'VESSEL' THEN 1 END) = 0 AND COUNT(CASE WHEN UPPER(T.V_MATCHED_TYPE) = 'AIRCRAFT' THEN 1 END) = 0 AND COUNT(CASE WHEN UPPER(T.V_MATCHED_TYPE) = 'PORT' THEN 1 END) = 0 ); | I18: High | J18: Manual | K18: Untested | L18: Untested | M18: Untested | O18: Nhóm tag quét giống nhau (Identifier - Entity): 51A, 42A, 58A, 53A, 57A
A19: MT700 | B19: MT700.05 | C19: Sàng lọc giao dịch MT 700 - Identifier - Entity | E19: 1. Đẩy giao dịch vào API Post Message với trường thông tin 51D, 42D, 58D, 53D, 57D có dữ liệu nằm trong các danh sách theo dõi <Link URL hệ thống AML ở môi trường SIT> Path: transaction-screening/v1/transaction-screening Method: POST Request Header: Authorization: Basic Auth (Username and password to login to application) Content-Type: text/plain Accept: */* Request Body: cột Test Datas 2. Kiểm tra thông tin Event của giao dịch theo đường dẫn Financial Services Analytical Applications Transactions Filtering > Financial services Sanctions Pack > Transaction Filtering Alert List Chọn Filter, nhập thông tin tìm kiếm theo AlertID, nhấn <Search> Click mã AlertID và kiểm tra các thông tin Hoặc kiểm tra các thông tin trong file kết quả truy vấn Database | F19: {1:F01SCBLSGSGAXXX0000000000} {2:I700MCOBVNVXXXXXN} {3:{108:MT700TEST0003}} {4: :27:1/1 :40A:IRREVOCABLE :20:DCI2607240003 :31C:260415 :40E:UCP LATEST VERSION :31D:261231SINGAPORE :51D:/BFICCUHH SCBLSGSG :50N:MEKONG TRADING JOINT STOCK CO :50S:12 NGUYEN HUE STREET :50T:HO CHI MINH CITY :50R:VN :59N:SUNRISE IMPORT EXPORT PTE LTD :59S:18 MARINA BOULEVARD :59T:SINGAPORE :59R:SG :32B:USD50000, :41A:SCBLSGSG BY PAYMENT :42C:AT SIGHT :42D:/BFICCUHH SCBLSGSG :49:WITHOUT :58D:/BFICCUHH SCBLSGSG :53D:/BFICCUHH SCBLSGSG :57D:/BFICCUHH SCBLSGSG -}{5:{MAC:00000000}{CHK:1A2B3C4D5E6F}} | G19: 2. Hệ thống trả kết quả: HIT với Webservice Identifier loại chủ thể Entity và không HIT với chủ thể Individual, Vessel, Aircraft, Port Câu query kiểm tra kết quả (KET_QUA = HIT): SELECT CASE WHEN COUNT(*) = 5 THEN 'HIT' ELSE 'NO HIT' END AS KET_QUA FROM ( SELECT T.V_TAG_NAME FROM FSI_RT_AL_WLS_RESPONSE T WHERE T.N_GRP_MSG_ID = :N_GRP_MSG_ID AND T.N_WEBSERVICE_ID = 2 AND T.V_TAG_NAME IN ('51D', '42D', '58D', '53D', '57D') GROUP BY T.V_TAG_NAME HAVING COUNT(CASE WHEN UPPER(T.V_MATCHED_TYPE) = 'ENTITY' THEN 1 END) > 0 AND COUNT(CASE WHEN UPPER(T.V_MATCHED_TYPE) = 'INDIVIDUAL' THEN 1 END) = 0 AND COUNT(CASE WHEN UPPER(T.V_MATCHED_TYPE) = 'VESSEL' THEN 1 END) = 0 AND COUNT(CASE WHEN UPPER(T.V_MATCHED_TYPE) = 'AIRCRAFT' THEN 1 END) = 0 AND COUNT(CASE WHEN UPPER(T.V_MATCHED_TYPE) = 'PORT' THEN 1 END) = 0 ); | I19: High | J19: Manual | K19: Untested | L19: Untested | M19: Untested | O19: Nhóm tag quét giống nhau (Identifier - Entity): 51D, 42D, 58D, 53D, 57D | P19: Bổ sung
A20: MT700 | B20: MT700.06 | C20: Sàng lọc giao dịch MT 700 - Identifier - Entity | E20: 1. Đẩy giao dịch vào API Post Message với trường thông tin 57B có dữ liệu nằm trong các danh sách theo dõi <Link URL hệ thống AML ở môi trường SIT> Path: transaction-screening/v1/transaction-screening Method: POST Request Header: Authorization: Basic Auth (Username and password to login to application) Content-Type: text/plain Accept: */* Request Body: cột Test Datas 2. Kiểm tra thông tin Event của giao dịch theo đường dẫn Financial Services Analytical Applications Transactions Filtering > Financial services Sanctions Pack > Transaction Filtering Alert List Chọn Filter, nhập thông tin tìm kiếm theo AlertID, nhấn <Search> Click mã AlertID và kiểm tra các thông tin Hoặc kiểm tra các thông tin trong file kết quả truy vấn Database | F20: {1:F01SCBLSGSGAXXX0000000000} {2:I700MCOBVNVXXXXXN} {3:{108:MT700TEST0003}} {4: :27:1/1 :40A:IRREVOCABLE :20:DCI2607240003 :31C:260415 :40E:UCP LATEST VERSION :31D:261231SINGAPORE :51A:/BFICCUHH SCBLSGSG :50N:MEKONG TRADING JOINT STOCK CO :50S:12 NGUYEN HUE STREET :50T:HO CHI MINH CITY :50R:VN :59N:SUNRISE IMPORT EXPORT PTE LTD :59S:18 MARINA BOULEVARD :59T:SINGAPORE :59R:SG :32B:USD50000, :41A:SCBLSGSG BY PAYMENT :42C:AT SIGHT :42A:/BFICCUHH SCBLSGSG :49:WITHOUT :58A:/BFICCUHH SCBLSGSG :53A:/BFICCUHH SCBLSGSG :57B:/BFICCUHH SCBLSGSG -}{5:{MAC:00000000}{CHK:1A2B3C4D5E6F}} | G20: 2. Hệ thống trả kết quả: HIT với Webservice Identifier loại chủ thể Entity và không HIT với chủ thể Individual, Vessel, Aircraft, Port Câu query kiểm tra kết quả (KET_QUA = HIT): SELECT CASE WHEN COUNT(*) = 1 THEN 'HIT' ELSE 'NO HIT' END AS KET_QUA FROM ( SELECT T.V_TAG_NAME FROM FSI_RT_AL_WLS_RESPONSE T WHERE T.N_GRP_MSG_ID = :N_GRP_MSG_ID AND T.N_WEBSERVICE_ID = 2 AND T.V_TAG_NAME IN ('57B') GROUP BY T.V_TAG_NAME HAVING COUNT(CASE WHEN UPPER(T.V_MATCHED_TYPE) = 'ENTITY' THEN 1 END) > 0 AND COUNT(CASE WHEN UPPER(T.V_MATCHED_TYPE) = 'INDIVIDUAL' THEN 1 END) = 0 AND COUNT(CASE WHEN UPPER(T.V_MATCHED_TYPE) = 'VESSEL' THEN 1 END) = 0 AND COUNT(CASE WHEN UPPER(T.V_MATCHED_TYPE) = 'AIRCRAFT' THEN 1 END) = 0 AND COUNT(CASE WHEN UPPER(T.V_MATCHED_TYPE) = 'PORT' THEN 1 END) = 0 ); | I20: High | J20: Manual | K20: Untested | L20: Untested | M20: Untested | P20: Bổ sung
A21: MT700 | B21: MT700.07 | C21: Sàng lọc giao dịch MT 700 - Country and City | E21: 1. Đẩy giao dịch vào API Post Message với trường thông tin 50R, 59R có dữ liệu nằm trong các danh sách theo dõi <Link URL hệ thống AML ở môi trường SIT> Path: transaction-screening/v1/transaction-screening Method: POST Request Header: Authorization: Basic Auth (Username and password to login to application) Content-Type: text/plain Accept: */* Request Body: cột Test Datas 2. Kiểm tra thông tin Event của giao dịch theo đường dẫn Financial Services Analytical Applications Transactions Filtering > Financial services Sanctions Pack > Transaction Filtering Alert List Chọn Filter, nhập thông tin tìm kiếm theo AlertID, nhấn <Search> Click mã AlertID và kiểm tra các thông tin Hoặc kiểm tra các thông tin trong file kết quả truy vấn Database | F21: {1:F01SCBLSGSGAXXX0000000000} {2:I700MCOBVNVXXXXXN} {3:{108:MT700TEST0004}} {4: :27:1/1 :40A:IRREVOCABLE :20:DCI2607240004 :31C:260415 :40E:UCP LATEST VERSION :31D:261231SINGAPORE :50N:MEKONG TRADING JOINT STOCK CO :50S:12 NGUYEN HUE STREET :50T:HO CHI MINH CITY :50R:IR :59N:SUNRISE IMPORT EXPORT PTE LTD :59S:18 MARINA BOULEVARD :59T:SINGAPORE :59R:IR :32B:USD50000, :41A:SCBLSGSG BY PAYMENT :49:WITHOUT -}{5:{MAC:00000000}{CHK:1A2B3C4D5E6F}} | G21: 2. Hệ thống trả kết quả: HIT với Webservice Country and City Câu query kiểm tra kết quả (KET_QUA = HIT): SELECT CASE WHEN COUNT(*) = 2 THEN 'HIT' ELSE 'NO HIT' END AS KET_QUA FROM ( SELECT T.V_TAG_NAME FROM FSI_RT_AL_WLS_RESPONSE T WHERE T.N_GRP_MSG_ID = :N_GRP_MSG_ID AND T.N_WEBSERVICE_ID = 3 AND T.V_TAG_NAME IN ('50R', '59R') GROUP BY T.V_TAG_NAME HAVING COUNT(CASE WHEN T.V_MATCHED_LIST_NAME = 'Blacklisted Country' THEN 1 END) > 0 ); | I21: High | J21: Manual | K21: Untested | L21: Untested | M21: Untested | O21: Nhóm tag quét giống nhau (Country and city - Danh sách Quốc gia Knock-out): 50R, 59R
A22: MT700 | B22: MT700.08 | C22: Sàng lọc giao dịch MT 700 - Port, Narrative - Port | E22: 1. Đẩy giao dịch vào API Post Message với trường thông tin 44A, 44E, 44F, 44B có dữ liệu nằm trong các danh sách theo dõi <Link URL hệ thống AML ở môi trường SIT> Path: transaction-screening/v1/transaction-screening Method: POST Request Header: Authorization: Basic Auth (Username and password to login to application) Content-Type: text/plain Accept: */* Request Body: cột Test Datas 2. Kiểm tra thông tin Event của giao dịch theo đường dẫn Financial Services Analytical Applications Transactions Filtering > Financial services Sanctions Pack > Transaction Filtering Alert List Chọn Filter, nhập thông tin tìm kiếm theo AlertID, nhấn <Search> Click mã AlertID và kiểm tra các thông tin Hoặc kiểm tra các thông tin trong file kết quả truy vấn Database | F22: {1:F01SCBLSGSGAXXX0000000000} {2:I700MCOBVNVXXXXXN} {3:{108:MT700TEST0005}} {4: :27:1/1 :40A:IRREVOCABLE :20:DCI2607240005 :31C:260415 :40E:UCP LATEST VERSION :31D:261231SINGAPORE :50N:MEKONG TRADING JOINT STOCK CO :50S:12 NGUYEN HUE STREET :50T:HO CHI MINH CITY :50R:VN :59N:SUNRISE IMPORT EXPORT PTE LTD :59S:18 MARINA BOULEVARD :59T:SINGAPORE :59R:SG :32B:USD50000, :41A:SCBLSGSG BY PAYMENT :44A:EMBER SUMMIT :44E:EMBER SUMMIT :44F:EMBER SUMMIT :44B:EMBER SUMMIT :49:WITHOUT -}{5:{MAC:00000000}{CHK:1A2B3C4D5E6F}} | G22: 2. Hệ thống trả kết quả: HIT với Webservice Port và Narrative loại chủ thể Port và không HIT với chủ thể Individual, Entity, Vessel, Aircraft Câu query kiểm tra kết quả (KET_QUA = HIT): SELECT CASE WHEN COUNT(*) = 2 THEN 'HIT' ELSE 'NO HIT' END AS KET_QUA FROM ( SELECT T.N_WEBSERVICE_ID FROM FSI_RT_AL_WLS_RESPONSE T WHERE T.N_GRP_MSG_ID = :N_GRP_MSG_ID AND T.N_WEBSERVICE_ID IN (4, 5) AND T.V_TAG_NAME IN ('44A', '44E', '44F', '44B') GROUP BY T.N_WEBSERVICE_ID HAVING COUNT(DISTINCT T.V_TAG_NAME) = 4 AND COUNT(CASE WHEN UPPER(T.V_MATCHED_TYPE) = 'PORT' THEN 1 END) > 0 AND COUNT(CASE WHEN UPPER(T.V_MATCHED_TYPE) = 'ENTITY' THEN 1 END) = 0 AND COUNT(CASE WHEN UPPER(T.V_MATCHED_TYPE) = 'INDIVIDUAL' THEN 1 END) = 0 AND COUNT(CASE WHEN UPPER(T.V_MATCHED_TYPE) = 'VESSEL' THEN 1 END) = 0 AND COUNT(CASE WHEN UPPER(T.V_MATCHED_TYPE) = 'AIRCRAFT' THEN 1 END) = 0 ); | I22: High | J22: Manual | K22: Untested | L22: Untested | M22: Untested | O22: Nhóm tag quét giống nhau (Port, Narrative or Free Text Information - Port): 44A, 44E, 44F, 44B
A23: MT700 | B23: MT700.09 | C23: Sàng lọc giao dịch MT 700 - Narrative - All | E23: 1. Đẩy giao dịch vào API Post Message với trường thông tin 45A, 42M, 42P, 46A, 47A, 49G, 49H, 71D, 78K, 72Z có dữ liệu nằm trong các danh sách theo dõi <Link URL hệ thống AML ở môi trường SIT> Path: transaction-screening/v1/transaction-screening Method: POST Request Header: Authorization: Basic Auth (Username and password to login to application) Content-Type: text/plain Accept: */* Request Body: cột Test Datas 2. Kiểm tra thông tin Event của giao dịch theo đường dẫn Financial Services Analytical Applications Transactions Filtering > Financial services Sanctions Pack > Transaction Filtering Alert List Chọn Filter, nhập thông tin tìm kiếm theo AlertID, nhấn <Search> Click mã AlertID và kiểm tra các thông tin Hoặc kiểm tra các thông tin trong file kết quả truy vấn Database | F23: {1:F01SCBLSGSGAXXX0000000000} {2:I700MCOBVNVXXXXXN} {3:{108:MT700TEST0006}} {4: :27:1/1 :40A:IRREVOCABLE :20:DCI2607240006 :31C:260415 :40E:UCP LATEST VERSION :31D:261231SINGAPORE :50N:MEKONG TRADING JOINT STOCK CO :50S:12 NGUYEN HUE STREET :50T:HO CHI MINH CITY :50R:VN :59N:SUNRISE IMPORT EXPORT PTE LTD :59S:18 MARINA BOULEVARD :59T:SINGAPORE :59R:SG :32B:USD50000, :41A:SCBLSGSG BY PAYMENT :42M:0099887766 :42P:0099887766 :45A:0099887766 :46A:0099887766 :47A:0099887766 :49G:0099887766 :49H:0099887766 :71D:0099887766 :49:WITHOUT :78K:0099887766 :72Z:0099887766 -}{5:{MAC:00000000}{CHK:1A2B3C4D5E6F}} | G23: 2. Hệ thống trả kết quả: HIT với Webservice Narrative loại chủ thể Individual, Entity, Port, Vessel, Aircraft Câu query kiểm tra kết quả (KET_QUA = HIT): SELECT CASE WHEN COUNT(*) = 10 THEN 'HIT' ELSE 'NO HIT' END AS KET_QUA FROM ( SELECT T.V_TAG_NAME FROM FSI_RT_AL_WLS_RESPONSE T WHERE T.N_GRP_MSG_ID = :N_GRP_MSG_ID AND T.N_WEBSERVICE_ID = 4 AND T.V_TAG_NAME IN ('42M','42P', '45A', 46A', '47A', '49G', '49H', '71D', '78K', '72Z') GROUP BY T.V_TAG_NAME HAVING COUNT(CASE WHEN UPPER(T.V_MATCHED_TYPE) = 'ENTITY' THEN 1 END) > 0 AND COUNT(CASE WHEN UPPER(T.V_MATCHED_TYPE) = 'INDIVIDUAL' THEN 1 END) > 0 AND COUNT(CASE WHEN UPPER(T.V_MATCHED_TYPE) = 'VESSEL' THEN 1 END) > 0 AND COUNT(CASE WHEN UPPER(T.V_MATCHED_TYPE) = 'AIRCRAFT' THEN 1 END) > 0 AND COUNT(CASE WHEN UPPER(T.V_MATCHED_TYPE) = 'PORT' THEN 1 END) > 0 AND COUNT(CASE WHEN UPPER(T.V_MATCHED_TYPE) = 'STK' THEN 1 END) > 0 ); | I23: High | J23: Manual | K23: Untested | L23: Untested | M23: Untested | O23: Nhóm tag quét giống nhau (Narrative or Free Text Information - All): 42M, 46A, 47A, 49G, 49H, 71D, 78K, 72Z,45A | P23: Update thêm tag 45A và bỏ testcase 45A - stopkeywords
A24: Sàng lọc giao dịch MT 707 | P24: [Review] MT707 THIẾU 1 TC: Identifier - Entity cho 57B (mapping MT707 có 57B - Party Identifier, tương ứng MT700.06). Sau khi bổ sung TC 57B + gán ID dòng option D + gộp 45B vào Narrative thì cần đánh lại ID theo thứ tự MT700 (.01 → .09).
A25: MT707 | B25: MT707.01 | C25: Sàng lọc giao dịch MT 707 - Identifier, Name and Address, Country and City - Entity | E25: 1. Đẩy giao dịch vào API Post Message với trường thông tin Basic Header Block, Application Header - Input 52A, 41A, 42A, 58A, 53A, 57A có dữ liệu nằm trong các danh sách theo dõi <Link URL hệ thống AML ở môi trường SIT> Path: transaction-screening/v1/transaction-screening Method: POST Request Header: Authorization: Basic Auth (Username and password to login to application) Content-Type: text/plain Accept: */* Request Body: cột Test Datas 2. Kiểm tra thông tin Event của giao dịch theo đường dẫn Financial Services Analytical Applications Transactions Filtering > Financial services Sanctions Pack > Transaction Filtering Alert List Chọn Filter, nhập thông tin tìm kiếm theo AlertID, nhấn <Search> Click mã AlertID và kiểm tra các thông tin Hoặc kiểm tra các thông tin trong file kết quả truy vấn Database | F25: {1:F01BFICCUHHAXXX0000000000} {2:I707BFICCUHHXXXXN} {3:{108:MT707TEST0001}} {4: :27:1/1 :20:AMD2607240001 :21:LC26001234567890 :23:ADVREF26001 :52A:BFICCUHH :31C:260415 :26E:1 :30:260415 :22A:ISSU :41A:BFICCUHH BY PAYMENT :42C:AT SIGHT :42A:BFICCUHH :58A:BFICCUHH :53A:BFICCUHH :57A:BFICCUHH -}{5:{MAC:00000000}{CHK:1A2B3C4D5E6F}} | G25: 2. Hệ thống trả kết quả: HIT với Webservice Identifier, Name and Address, Country and City loại chủ thể Entity; đồng thời HIT danh sách Quốc gia Knock-out (quốc gia cấm vận) và không HIT với chủ thể Individual, Vessel, Aircraft Câu query kiểm tra kết quả (KET_QUA = HIT): SELECT CASE WHEN COUNT(*) = 3 THEN 'HIT' ELSE 'NO HIT' END AS KET_QUA FROM ( SELECT T.N_WEBSERVICE_ID FROM FSI_RT_AL_WLS_RESPONSE T WHERE T.N_GRP_MSG_ID = :N_GRP_MSG_ID AND T.N_WEBSERVICE_ID IN (1, 2, 3) AND T.V_TAG_NAME IN ('Basic Header Block', 'Application Header - Input', '52A', '41A', '42A', '58A', '53A', '57A') GROUP BY T.N_WEBSERVICE_ID HAVING COUNT(DISTINCT T.V_TAG_NAME) = 8 AND COUNT(CASE WHEN UPPER(NVL(T.V_MATCHED_TYPE,DECODE(T.V_MATCHED_LIST_NAME,'Blacklisted Country','ENTITY','N/A'))) = 'ENTITY' THEN 1 END) > 0 AND COUNT(CASE WHEN UPPER(T.V_MATCHED_TYPE) = 'INDIVIDUAL' THEN 1 END) = 0 AND COUNT(CASE WHEN UPPER(T.V_MATCHED_TYPE) = 'VESSEL' THEN 1 END) = 0 AND COUNT(CASE WHEN UPPER(T.V_MATCHED_TYPE) = 'AIRCRAFT' THEN 1 END) = 0 ); | I25: High | J25: Manual | K25: Untested | L25: Untested | M25: Untested | O25: Nhóm tag quét giống nhau (Identifier, Name and Address, Country and City - Entity): Basic Header Block, Application Header - Input, 52A, 41A, 42A, 58A, 53A, 57A | P25: [Review] Test Step thiếu dấu phẩy giữa 'Application Header - Input' và '52A'.
A26: MT707 | B26: MT707.02 | C26: Sàng lọc giao dịch MT 707 - Identifier, Name and Address, Country and City - Entity | E26: 1. Đẩy giao dịch vào API Post Message với trường thông tin Application Header - Output có dữ liệu nằm trong các danh sách theo dõi <Link URL hệ thống AML ở môi trường SIT> Path: transaction-screening/v1/transaction-screening Method: POST Request Header: Authorization: Basic Auth (Username and password to login to application) Content-Type: text/plain Accept: */* Request Body: cột Test Datas 2. Kiểm tra thông tin Event của giao dịch theo đường dẫn Financial Services Analytical Applications Transactions Filtering > Financial services Sanctions Pack > Transaction Filtering Alert List Chọn Filter, nhập thông tin tìm kiếm theo AlertID, nhấn <Search> Click mã AlertID và kiểm tra các thông tin Hoặc kiểm tra các thông tin trong file kết quả truy vấn Database | F26: {1:F01MCOBVNVXAXXX0000000000} {2:O7071201260724BFICCUHHAXXX00010000012607241201N} {3:{108:MT707TEST0008}} {4: :27:1/1 :20:AMD2607240008 :21:LC26001234567890 :23:ADVREF26001 :52A:SCBLSGSG :31C:260415 :26E:1 :30:260415 :22A:ISSU :41A:SCBLSGSG BY PAYMENT :42C:AT SIGHT :42A:SCBLSGSG :58A:SCBLSGSG :53A:SCBLSGSG :57A:SCBLSGSG -}{5:{MAC:00000000}{CHK:1A2B3C4D5E6F}} | G26: 2. Hệ thống trả kết quả: HIT với Webservice Identifier, Name and Address, Country and City loại chủ thể Entity; đồng thời HIT danh sách Quốc gia Knock-out (quốc gia cấm vận) và không HIT với chủ thể Individual, Vessel, Aircraft Câu query kiểm tra kết quả (KET_QUA = HIT): SELECT CASE WHEN COUNT(*) = 3 THEN 'HIT' ELSE 'NO HIT' END AS KET_QUA FROM ( SELECT T.N_WEBSERVICE_ID FROM FSI_RT_AL_WLS_RESPONSE T WHERE T.N_GRP_MSG_ID = :N_GRP_MSG_ID AND T.N_WEBSERVICE_ID IN (1, 2, 3) AND T.V_TAG_NAME IN ('Application Header - Output') GROUP BY T.N_WEBSERVICE_ID HAVING COUNT(DISTINCT T.V_TAG_NAME) = 1 AND COUNT(CASE WHEN UPPER(NVL(T.V_MATCHED_TYPE,DECODE(T.V_MATCHED_LIST_NAME,'Blacklisted Country','ENTITY','N/A'))) = 'ENTITY' THEN 1 END) > 0 AND COUNT(CASE WHEN UPPER(T.V_MATCHED_TYPE) = 'INDIVIDUAL' THEN 1 END) = 0 AND COUNT(CASE WHEN UPPER(T.V_MATCHED_TYPE) = 'VESSEL' THEN 1 END) = 0 AND COUNT(CASE WHEN UPPER(T.V_MATCHED_TYPE) = 'AIRCRAFT' THEN 1 END) = 0 ); | I26: High | J26: Manual | K26: Untested | L26: Untested | M26: Untested | O26: Nhóm tag quét giống nhau (Identifier, Name and Address, Country and City - Entity): Application Header - Output
A27: MT707 | B27: MT707.03 | C27: Sàng lọc giao dịch MT 707 - Name and Address - Entity | E27: 1. Đẩy giao dịch vào API Post Message với trường thông tin 52D, 50E, 50N, 59N, 41D, 42D, 58D, 53D, 57D có dữ liệu nằm trong các danh sách theo dõi <Link URL hệ thống AML ở môi trường SIT> Path: transaction-screening/v1/transaction-screening Method: POST Request Header: Authorization: Basic Auth (Username and password to login to application) Content-Type: text/plain Accept: */* Request Body: cột Test Datas 2. Kiểm tra thông tin Event của giao dịch theo đường dẫn Financial Services Analytical Applications Transactions Filtering > Financial services Sanctions Pack > Transaction Filtering Alert List Chọn Filter, nhập thông tin tìm kiếm theo AlertID, nhấn <Search> Click mã AlertID và kiểm tra các thông tin Hoặc kiểm tra các thông tin trong file kết quả truy vấn Database | F27: {1:F01SCBLSGSGAXXX0000000000} {2:I707MCOBVNVXXXXXN} {3:{108:MT707TEST0002}} {4: :27:1/1 :20:AMD2607240002 :21:LC26001234567890 :23:ADVREF26001 :52D:SUMMIT EMBER :50E:SUMMIT EMBER :50I:88 TRAN HUNG DAO STREET :50M:DA NANG :50W:VN :31C:260415 :26E:1 :30:260415 :22A:ISSU :50N:SUMMIT EMBER :50S:12 NGUYEN HUE STREET :50T:HO CHI MINH CITY :50R:IR :59N:SUMMIT EMBER :59S:18 MARINA BOULEVARD :59T:SINGAPORE :59R:IR :41D:SUMMIT EMBER BY PAYMENT :42C:AT SIGHT :42D:SUMMIT EMBER :58D:SUMMIT EMBER :53D:SUMMIT EMBER :57D:SUMMIT EMBER -}{5:{MAC:00000000}{CHK:1A2B3C4D5E6F}} | G27: 2. Hệ thống trả kết quả: HIT với Webservice Name and Address loại chủ thể Entity và không HIT với chủ thể Individual, Vessel, Aircraft Câu query kiểm tra kết quả (KET_QUA = HIT): SELECT CASE WHEN COUNT(*) = 9 THEN 'HIT' ELSE 'NO HIT' END AS KET_QUA FROM ( SELECT T.V_TAG_NAME FROM FSI_RT_AL_WLS_RESPONSE T WHERE T.N_GRP_MSG_ID = :N_GRP_MSG_ID AND T.N_WEBSERVICE_ID = 1 AND T.V_TAG_NAME IN ('52D', '50E', '50N', '59N', '41D', '42D', '58D', '53D', '57D') GROUP BY T.V_TAG_NAME HAVING COUNT(CASE WHEN UPPER(T.V_MATCHED_TYPE) = 'ENTITY' THEN 1 END) > 0 AND COUNT(CASE WHEN UPPER(T.V_MATCHED_TYPE) = 'INDIVIDUAL' THEN 1 END) = 0 AND COUNT(CASE WHEN UPPER(T.V_MATCHED_TYPE) = 'VESSEL' THEN 1 END) = 0 AND COUNT(CASE WHEN UPPER(T.V_MATCHED_TYPE) = 'AIRCRAFT' THEN 1 END) = 0 AND COUNT(CASEWHEN T.V_TAG_NAME = '50N(Sequence B)' AND UPPER(TRIM(T.V_RULE_NAME)) LIKE '%E001C%' THEN END ) > 0 AND COUNT( CASE WHEN T.V_TAG_NAME = '59N(Sequence C)' AND UPPER(TRIM(T.V_RULE_NAME)) LIKE '%E001C%' THEN 1 END) > 0 ); | I27: High | J27: Manual | K27: Untested | L27: Untested | M27: Untested | O27: Nhóm tag quét giống nhau (Name and Address - Entity): 52D, 50E, 50N, 59N, 41D, 42D, 58D, 53D, 57D | P27: [Review] So với chuẩn MT700.03 (đã update): (1) Test data 50W vẫn là VN → 50E không thỏa rule E001C, cần IR như 50R/59R; (2) Expected result thiếu dòng 'Và tag 50E, 50N, 59N HIT với rule [E001C] Part-standardized name exact, country'; (3) Query: IN list ghi '50N','59N' không có (Sequence) trong khi điều kiện E001C ghi '50N(Sequence B)','59N(Sequence C)' → lệch; thiếu điều kiện E001C cho '50E(Sequence A)'; còn lỗi cú pháp CASEWHEN / THEN END (kế thừa MT700.03).
A28: MT707 | B28: MT707.04 | C28: Sàng lọc giao dịch MT 707 - Identifier - Entity | E28: 1. Đẩy giao dịch vào API Post Message với trường thông tin 52A, 42A, 58A, 53A, 57A có dữ liệu nằm trong các danh sách theo dõi <Link URL hệ thống AML ở môi trường SIT> Path: transaction-screening/v1/transaction-screening Method: POST Request Header: Authorization: Basic Auth (Username and password to login to application) Content-Type: text/plain Accept: */* Request Body: cột Test Datas 2. Kiểm tra thông tin Event của giao dịch theo đường dẫn Financial Services Analytical Applications Transactions Filtering > Financial services Sanctions Pack > Transaction Filtering Alert List Chọn Filter, nhập thông tin tìm kiếm theo AlertID, nhấn <Search> Click mã AlertID và kiểm tra các thông tin Hoặc kiểm tra các thông tin trong file kết quả truy vấn Database | F28: {1:F01SCBLSGSGAXXX0000000000} {2:I707MCOBVNVXXXXXN} {3:{108:MT707TEST0003}} {4: :27:1/1 :20:AMD2607240003 :21:LC26001234567890 :23:ADVREF26001 :52A:/BFICCUHH SCBLSGSG :31C:260415 :26E:1 :30:260415 :22A:ISSU :42C:AT SIGHT :42A:/BFICCUHH SCBLSGSG :58A:/BFICCUHH SCBLSGSG :53A:/BFICCUHH SCBLSGSG :57A:/BFICCUHH SCBLSGSG -}{5:{MAC:00000000}{CHK:1A2B3C4D5E6F}} | G28: 2. Hệ thống trả kết quả: HIT với Webservice Identifier loại chủ thể Entity và không HIT với chủ thể Individual, Vessel, Aircraft, Port Câu query kiểm tra kết quả (KET_QUA = HIT): SELECT CASE WHEN COUNT(*) = 5 THEN 'HIT' ELSE 'NO HIT' END AS KET_QUA FROM ( SELECT T.V_TAG_NAME FROM FSI_RT_AL_WLS_RESPONSE T WHERE T.N_GRP_MSG_ID = :N_GRP_MSG_ID AND T.N_WEBSERVICE_ID = 2 AND T.V_TAG_NAME IN ('52A', '42A', '58A', '53A', '57A') GROUP BY T.V_TAG_NAME HAVING COUNT(CASE WHEN UPPER(T.V_MATCHED_TYPE) = 'ENTITY' THEN 1 END) > 0 AND COUNT(CASE WHEN UPPER(T.V_MATCHED_TYPE) = 'INDIVIDUAL' THEN 1 END) = 0 AND COUNT(CASE WHEN UPPER(T.V_MATCHED_TYPE) = 'VESSEL' THEN 1 END) = 0 AND COUNT(CASE WHEN UPPER(T.V_MATCHED_TYPE) = 'AIRCRAFT' THEN 1 END) = 0 AND COUNT(CASE WHEN UPPER(T.V_MATCHED_TYPE) = 'PORT' THEN 1 END) = 0 ); | I28: High | J28: Manual | K28: Untested | L28: Untested | M28: Untested | O28: Nhóm tag quét giống nhau (Identifier - Entity): 52A, 42A, 58A, 53A, 57A
A29: MT707 | C29: Sàng lọc giao dịch MT 707 - Identifier - Entity | E29: 1. Đẩy giao dịch vào API Post Message với trường thông tin 52D, 42D, 58D, 53D, 57D có dữ liệu nằm trong các danh sách theo dõi <Link URL hệ thống AML ở môi trường SIT> Path: transaction-screening/v1/transaction-screening Method: POST Request Header: Authorization: Basic Auth (Username and password to login to application) Content-Type: text/plain Accept: */* Request Body: cột Test Datas 2. Kiểm tra thông tin Event của giao dịch theo đường dẫn Financial Services Analytical Applications Transactions Filtering > Financial services Sanctions Pack > Transaction Filtering Alert List Chọn Filter, nhập thông tin tìm kiếm theo AlertID, nhấn <Search> Click mã AlertID và kiểm tra các thông tin Hoặc kiểm tra các thông tin trong file kết quả truy vấn Database | F29: {1:F01SCBLSGSGAXXX0000000000} {2:I707MCOBVNVXXXXXN} {3:{108:MT707TEST0003}} {4: :27:1/1 :20:AMD2607240003 :21:LC26001234567890 :23:ADVREF26001 :52D:/BFICCUHH SCBLSGSG :31C:260415 :26E:1 :30:260415 :22A:ISSU :42C:AT SIGHT :42D:/BFICCUHH SCBLSGSG :58D:/BFICCUHH SCBLSGSG :53D:/BFICCUHH SCBLSGSG :57D:/BFICCUHH SCBLSGSG -}{5:{MAC:00000000}{CHK:1A2B3C4D5E6F}} | G29: 2. Hệ thống trả kết quả: HIT với Webservice Identifier loại chủ thể Entity và không HIT với chủ thể Individual, Vessel, Aircraft, Port Câu query kiểm tra kết quả (KET_QUA = HIT): SELECT CASE WHEN COUNT(*) = 5 THEN 'HIT' ELSE 'NO HIT' END AS KET_QUA FROM ( SELECT T.V_TAG_NAME FROM FSI_RT_AL_WLS_RESPONSE T WHERE T.N_GRP_MSG_ID = :N_GRP_MSG_ID AND T.N_WEBSERVICE_ID = 2 AND T.V_TAG_NAME IN ('52A', '42A', '58A', '53A', '57A') GROUP BY T.V_TAG_NAME HAVING COUNT(CASE WHEN UPPER(T.V_MATCHED_TYPE) = 'ENTITY' THEN 1 END) > 0 AND COUNT(CASE WHEN UPPER(T.V_MATCHED_TYPE) = 'INDIVIDUAL' THEN 1 END) = 0 AND COUNT(CASE WHEN UPPER(T.V_MATCHED_TYPE) = 'VESSEL' THEN 1 END) = 0 AND COUNT(CASE WHEN UPPER(T.V_MATCHED_TYPE) = 'AIRCRAFT' THEN 1 END) = 0 AND COUNT(CASE WHEN UPPER(T.V_MATCHED_TYPE) = 'PORT' THEN 1 END) = 0 ); | I29: High | J29: Manual | K29: Untested | L29: Untested | M29: Untested | O29: Nhóm tag quét giống nhau (Identifier - Entity): 52A, 42A, 58A, 53A, 57A | P29: [Review] TC Identifier option D: (1) chưa có Test case ID (theo MT700 là MT707.05); (2) Notes vẫn ghi 52A, 42A, 58A, 53A, 57A → phải là 52D, 42D, 58D, 53D, 57D; (3) Query IN list vẫn là tag option A → phải là '52D','42D','58D','53D','57D'.
A30: MT707 | B30: MT707.05 | C30: Sàng lọc giao dịch MT 707 - Country and City | E30: 1. Đẩy giao dịch vào API Post Message với trường thông tin 50W, 50R, 59R có dữ liệu nằm trong các danh sách theo dõi <Link URL hệ thống AML ở môi trường SIT> Path: transaction-screening/v1/transaction-screening Method: POST Request Header: Authorization: Basic Auth (Username and password to login to application) Content-Type: text/plain Accept: */* Request Body: cột Test Datas 2. Kiểm tra thông tin Event của giao dịch theo đường dẫn Financial Services Analytical Applications Transactions Filtering > Financial services Sanctions Pack > Transaction Filtering Alert List Chọn Filter, nhập thông tin tìm kiếm theo AlertID, nhấn <Search> Click mã AlertID và kiểm tra các thông tin Hoặc kiểm tra các thông tin trong file kết quả truy vấn Database | F30: {1:F01SCBLSGSGAXXX0000000000} {2:I707MCOBVNVXXXXXN} {3:{108:MT707TEST0004}} {4: :27:1/1 :20:AMD2607240004 :21:LC26001234567890 :23:ADVREF26001 :50E:ORIENT CAPITAL COMPANY LIMITED :50I:88 TRAN HUNG DAO STREET :50M:DA NANG :50W:IR :31C:260415 :26E:1 :30:260415 :22A:ISSU :50N:MEKONG TRADING JOINT STOCK CO :50S:12 NGUYEN HUE STREET :50T:HO CHI MINH CITY :50R:IR :59N:SUNRISE IMPORT EXPORT PTE LTD :59S:18 MARINA BOULEVARD :59T:SINGAPORE :59R:IR -}{5:{MAC:00000000}{CHK:1A2B3C4D5E6F}} | G30: 2. Hệ thống trả kết quả: HIT với Webservice Country and City Câu query kiểm tra kết quả (KET_QUA = HIT): SELECT CASE WHEN COUNT(*) = 3 THEN 'HIT' ELSE 'NO HIT' END AS KET_QUA FROM ( SELECT T.V_TAG_NAME FROM FSI_RT_AL_WLS_RESPONSE T WHERE T.N_GRP_MSG_ID = :N_GRP_MSG_ID AND T.N_WEBSERVICE_ID = 3 AND T.V_TAG_NAME IN ('50W', '50R', '59R') GROUP BY T.V_TAG_NAME HAVING COUNT(CASE WHEN T.V_MATCHED_LIST_NAME = 'Blacklisted Country' THEN 1 END) > 0 ); | I30: High | J30: Manual | K30: Untested | L30: Untested | M30: Untested | O30: Nhóm tag quét giống nhau (Country and city - Danh sách Quốc gia Knock-out): 50W, 50R, 59R
A31: MT707 | B31: MT707.06 | C31: Sàng lọc giao dịch MT 707 - Port, Narrative - Port | E31: 1. Đẩy giao dịch vào API Post Message với trường thông tin 44A, 44E, 44F, 44B có dữ liệu nằm trong các danh sách theo dõi <Link URL hệ thống AML ở môi trường SIT> Path: transaction-screening/v1/transaction-screening Method: POST Request Header: Authorization: Basic Auth (Username and password to login to application) Content-Type: text/plain Accept: */* Request Body: cột Test Datas 2. Kiểm tra thông tin Event của giao dịch theo đường dẫn Financial Services Analytical Applications Transactions Filtering > Financial services Sanctions Pack > Transaction Filtering Alert List Chọn Filter, nhập thông tin tìm kiếm theo AlertID, nhấn <Search> Click mã AlertID và kiểm tra các thông tin Hoặc kiểm tra các thông tin trong file kết quả truy vấn Database | F31: {1:F01SCBLSGSGAXXX0000000000} {2:I707MCOBVNVXXXXXN} {3:{108:MT707TEST0005}} {4: :27:1/1 :20:AMD2607240005 :21:LC26001234567890 :23:ADVREF26001 :31C:260415 :26E:1 :30:260415 :22A:ISSU :44A:EMBER SUMMIT :44E:EMBER SUMMIT :44F:EMBER SUMMIT :44B:EMBER SUMMIT -}{5:{MAC:00000000}{CHK:1A2B3C4D5E6F}} | G31: 2. Hệ thống trả kết quả: HIT với Webservice Port và Narrative loại chủ thể Port và không HIT với chủ thể Individual, Entity, Vessel, Aircraft Câu query kiểm tra kết quả (KET_QUA = HIT): SELECT CASE WHEN COUNT(*) = 2 THEN 'HIT' ELSE 'NO HIT' END AS KET_QUA FROM ( SELECT T.N_WEBSERVICE_ID FROM FSI_RT_AL_WLS_RESPONSE T WHERE T.N_GRP_MSG_ID = :N_GRP_MSG_ID AND T.N_WEBSERVICE_ID IN (4, 5) AND T.V_TAG_NAME IN ('44A', '44E', '44F', '44B') GROUP BY T.N_WEBSERVICE_ID HAVING COUNT(DISTINCT T.V_TAG_NAME) = 4 AND COUNT(CASE WHEN UPPER(T.V_MATCHED_TYPE) = 'PORT' THEN 1 END) > 0 AND COUNT(CASE WHEN UPPER(T.V_MATCHED_TYPE) = 'ENTITY' THEN 1 END) = 0 AND COUNT(CASE WHEN UPPER(T.V_MATCHED_TYPE) = 'INDIVIDUAL' THEN 1 END) = 0 AND COUNT(CASE WHEN UPPER(T.V_MATCHED_TYPE) = 'VESSEL' THEN 1 END) = 0 AND COUNT(CASE WHEN UPPER(T.V_MATCHED_TYPE) = 'AIRCRAFT' THEN 1 END) = 0 ); | I31: High | J31: Manual | K31: Untested | L31: Untested | M31: Untested | O31: Nhóm tag quét giống nhau (Port, Narrative or Free Text Information - Port): 44A, 44E, 44F, 44B
A32: MT707 | B32: MT707.07 | C32: Sàng lọc giao dịch MT 707 - Narrative - All | E32: 1. Đẩy giao dịch vào API Post Message với trường thông tin 42M, 46B, 47B, 49M, 49N, 71D, 71N, 78K, 72Z có dữ liệu nằm trong các danh sách theo dõi <Link URL hệ thống AML ở môi trường SIT> Path: transaction-screening/v1/transaction-screening Method: POST Request Header: Authorization: Basic Auth (Username and password to login to application) Content-Type: text/plain Accept: */* Request Body: cột Test Datas 2. Kiểm tra thông tin Event của giao dịch theo đường dẫn Financial Services Analytical Applications Transactions Filtering > Financial services Sanctions Pack > Transaction Filtering Alert List Chọn Filter, nhập thông tin tìm kiếm theo AlertID, nhấn <Search> Click mã AlertID và kiểm tra các thông tin Hoặc kiểm tra các thông tin trong file kết quả truy vấn Database | F32: {1:F01SCBLSGSGAXXX0000000000} {2:I707MCOBVNVXXXXXN} {3:{108:MT707TEST0006}} {4: :27:1/1 :20:AMD2607240006 :21:LC26001234567890 :23:ADVREF26001 :31C:260415 :26E:1 :30:260415 :22A:ISSU :42M:0099887766 :46B:0099887766 :47B:0099887766 :49M:0099887766 :49N:0099887766 :71D:0099887766 :71N:0099887766 :78K:0099887766 :72Z:0099887766 -}{5:{MAC:00000000}{CHK:1A2B3C4D5E6F}} | G32: 2. Hệ thống trả kết quả: HIT với Webservice Narrative loại chủ thể Individual, Entity, Port, Vessel, Aircraft Câu query kiểm tra kết quả (KET_QUA = HIT): SELECT CASE WHEN COUNT(*) = 9 THEN 'HIT' ELSE 'NO HIT' END AS KET_QUA FROM ( SELECT T.V_TAG_NAME FROM FSI_RT_AL_WLS_RESPONSE T WHERE T.N_GRP_MSG_ID = :N_GRP_MSG_ID AND T.N_WEBSERVICE_ID = 4 AND T.V_TAG_NAME IN ('42M', '46B', '47B', '49M', '49N', '71D', '71N', '78K', '72Z') GROUP BY T.V_TAG_NAME HAVING COUNT(CASE WHEN UPPER(T.V_MATCHED_TYPE) = 'ENTITY' THEN 1 END) > 0 AND COUNT(CASE WHEN UPPER(T.V_MATCHED_TYPE) = 'INDIVIDUAL' THEN 1 END) > 0 AND COUNT(CASE WHEN UPPER(T.V_MATCHED_TYPE) = 'VESSEL' THEN 1 END) > 0 AND COUNT(CASE WHEN UPPER(T.V_MATCHED_TYPE) = 'AIRCRAFT' THEN 1 END) > 0 AND COUNT(CASE WHEN UPPER(T.V_MATCHED_TYPE) = 'PORT' THEN 1 END) > 0 AND COUNT(CASE WHEN UPPER(T.V_MATCHED_TYPE) = 'STK' THEN 1 END) > 0 ); | I32: High | J32: Manual | K32: Untested | L32: Untested | M32: Untested | O32: Nhóm tag quét giống nhau (Narrative or Free Text Information - All): 42M, 46B, 47B, 49M, 49N, 71D, 71N, 78K, 72Z | P32: [Review] Narrative - All thiếu 42P (mapping MT707 tick Narrative) và 45B (chuẩn MT700.09 đã gộp 45A vào Narrative, bỏ TC Stop Keywords) ở Test Step, Test Datas, Query (COUNT phải = 11) và Notes.
A33: MT707 | B33: MT707.08 | C33: Sàng lọc giao dịch MT 707 - Narrative - All | E33: 1. Đẩy giao dịch vào API Post Message với trường thông tin 45B có dữ liệu nằm trong các danh sách Stopkeywords <Link URL hệ thống AML ở môi trường SIT> Path: transaction-screening/v1/transaction-screening Method: POST Request Header: Authorization: Basic Auth (Username and password to login to application) Content-Type: text/plain Accept: */* Request Body: cột Test Datas 2. Kiểm tra thông tin Event của giao dịch theo đường dẫn Financial Services Analytical Applications Transactions Filtering > Financial services Sanctions Pack > Transaction Filtering Alert List Chọn Filter, nhập thông tin tìm kiếm theo AlertID, nhấn <Search> Click mã AlertID và kiểm tra các thông tin Hoặc kiểm tra các thông tin trong file kết quả truy vấn Database | F33: {1:F01SCBLSGSGAXXX0000000000} {2:I707MCOBVNVXXXXXN} {3:{108:MT707TEST0007}} {4: :27:1/1 :20:AMD2607240007 :21:LC26001234567890 :23:ADVREF26001 :31C:260415 :26E:1 :30:260415 :22A:ISSU :45B:0099887766 -}{5:{MAC:00000000}{CHK:1A2B3C4D5E6F}} | G33: 2. Hệ thống trả kết quả: HIT với Webservice Narrative với Matched List = Stop Keywords và không HIT với các chủ thể Individual, Entity, Port, Vessel, Aircraft Câu query kiểm tra kết quả (KET_QUA = HIT): SELECT CASE WHEN COUNT(*) = 1 THEN 'HIT' ELSE 'NO HIT' END AS KET_QUA FROM ( SELECT T.V_TAG_NAME FROM FSI_RT_AL_WLS_RESPONSE T WHERE T.N_GRP_MSG_ID = :N_GRP_MSG_ID AND T.N_WEBSERVICE_ID = 4 AND T.V_TAG_NAME = '45B' GROUP BY T.V_TAG_NAME HAVING COUNT(CASE WHEN UPPER(T.V_MATCHED_TYPE) = 'STK' THEN 1 END) > 0 AND COUNT(CASE WHEN UPPER(T.V_MATCHED_TYPE) = 'INDIVIDUAL' THEN 1 END) = 0 AND COUNT(CASE WHEN UPPER(T.V_MATCHED_TYPE) = 'VESSEL' THEN 1 END) = 0 AND COUNT(CASE WHEN UPPER(T.V_MATCHED_TYPE) = 'AIRCRAFT' THEN 1 END) = 0 AND COUNT(CASE WHEN UPPER(T.V_MATCHED_TYPE) = 'PORT' THEN 1 END) = 0 AND COUNT(CASE WHEN UPPER(T.V_MATCHED_TYPE) = 'ENTITY' THEN 1 END) = 0 ); | I33: High | J33: Manual | K33: Untested | L33: Untested | M33: Untested | O33: Nhóm tag quét giống nhau (Narrative or Free Text Information - Stop Keywords): 45B | P33: [Review] TC 45B - Stop Keywords: theo chuẩn MT700 đã bỏ TC riêng này, gộp 45B vào TC Narrative - All (dòng 32). Title 'Narrative - All' cũng không khớp nội dung Stop Keywords.
A34: Sàng lọc giao dịch MT 710 | P34: [Review] MT710 không thiếu TC. Cần: gán ID cho 2 dòng option D (dòng 39) và 57B (dòng 40), gộp 45A vào Narrative (bỏ dòng 44) rồi đánh lại ID theo thứ tự MT700 (.01 → .09).
A35: MT710 | B35: MT710.01 | C35: Sàng lọc giao dịch MT 710 - Identifier, Name and Address, Country and City - Entity | E35: 1. Đẩy giao dịch vào API Post Message với trường thông tin Basic Header Block, Application Header - Input, 52A, 51A, 41A, 42A, 58A, 53A, 57A có dữ liệu nằm trong các danh sách theo dõi <Link URL hệ thống AML ở môi trường SIT> Path: transaction-screening/v1/transaction-screening Method: POST Request Header: Authorization: Basic Auth (Username and password to login to application) Content-Type: text/plain Accept: */* Request Body: cột Test Datas 2. Kiểm tra thông tin Event của giao dịch theo đường dẫn Financial Services Analytical Applications Transactions Filtering > Financial services Sanctions Pack > Transaction Filtering Alert List Chọn Filter, nhập thông tin tìm kiếm theo AlertID, nhấn <Search> Click mã AlertID và kiểm tra các thông tin Hoặc kiểm tra các thông tin trong file kết quả truy vấn Database | F35: {1:F01BFICCUHHAXXX0000000000} {2:I710BFICCUHHXXXXN} {3:{108:MT710TEST0001}} {4: :27:1/1 :40B:IRREVOCABLE WITHOUT :20:ADV2607240001 :21:LC26001234567890 :31C:260415 :40E:UCP LATEST VERSION :31D:261231SINGAPORE :52A:BFICCUHH :51A:BFICCUHH :50N:MEKONG TRADING JOINT STOCK CO :50S:12 NGUYEN HUE STREET :50T:HO CHI MINH CITY :50R:VN :59N:SUNRISE IMPORT EXPORT PTE LTD :59S:18 MARINA BOULEVARD :59T:SINGAPORE :59R:SG :32B:USD50000, :41A:BFICCUHH BY PAYMENT :42C:AT SIGHT :42A:BFICCUHH :49:WITHOUT :58A:BFICCUHH :53A:BFICCUHH :57A:BFICCUHH -}{5:{MAC:00000000}{CHK:1A2B3C4D5E6F}} | G35: 2. Hệ thống trả kết quả: HIT với Webservice Identifier, Name and Address, Country and City loại chủ thể Entity; đồng thời HIT danh sách Quốc gia Knock-out (quốc gia cấm vận) và không HIT với chủ thể Individual, Vessel, Aircraft Câu query kiểm tra kết quả (KET_QUA = HIT): SELECT CASE WHEN COUNT(*) = 3 THEN 'HIT' ELSE 'NO HIT' END AS KET_QUA FROM ( SELECT T.N_WEBSERVICE_ID FROM FSI_RT_AL_WLS_RESPONSE T WHERE T.N_GRP_MSG_ID = :N_GRP_MSG_ID AND T.N_WEBSERVICE_ID IN (1, 2, 3) AND T.V_TAG_NAME IN ('Basic Header Block', 'Application Header - Input', '52A', '51A', '41A', '42A', '58A', '53A', '57A') GROUP BY T.N_WEBSERVICE_ID HAVING COUNT(DISTINCT T.V_TAG_NAME) = 9 AND COUNT(CASE WHEN UPPER(NVL(T.V_MATCHED_TYPE,DECODE(T.V_MATCHED_LIST_NAME,'Blacklisted Country','ENTITY','N/A'))) = 'ENTITY' THEN 1 END) > 0 AND COUNT(CASE WHEN UPPER(T.V_MATCHED_TYPE) = 'INDIVIDUAL' THEN 1 END) = 0 AND COUNT(CASE WHEN UPPER(T.V_MATCHED_TYPE) = 'VESSEL' THEN 1 END) = 0 AND COUNT(CASE WHEN UPPER(T.V_MATCHED_TYPE) = 'AIRCRAFT' THEN 1 END) = 0 ); | I35: High | J35: Manual | K35: Untested | L35: Untested | M35: Untested | O35: Nhóm tag quét giống nhau (Identifier, Name and Address, Country and City - Entity): Basic Header Block, Application Header - Input, 52A, 51A, 41A, 42A, 58A, 53A, 57A
A36: MT710 | B36: MT710.02 | C36: Sàng lọc giao dịch MT 710 - Identifier, Name and Address, Country and City - Entity | E36: 1. Đẩy giao dịch vào API Post Message với trường thông tin Application Header - Output có dữ liệu nằm trong các danh sách theo dõi <Link URL hệ thống AML ở môi trường SIT> Path: transaction-screening/v1/transaction-screening Method: POST Request Header: Authorization: Basic Auth (Username and password to login to application) Content-Type: text/plain Accept: */* Request Body: cột Test Datas 2. Kiểm tra thông tin Event của giao dịch theo đường dẫn Financial Services Analytical Applications Transactions Filtering > Financial services Sanctions Pack > Transaction Filtering Alert List Chọn Filter, nhập thông tin tìm kiếm theo AlertID, nhấn <Search> Click mã AlertID và kiểm tra các thông tin Hoặc kiểm tra các thông tin trong file kết quả truy vấn Database | F36: {1:F01MCOBVNVXAXXX0000000000} {2:O7101201260724BFICCUHHAXXX00010000012607241201N} {3:{108:MT710TEST0008}} {4: :27:1/1 :40B:IRREVOCABLE WITHOUT :20:ADV2607240008 :21:LC26001234567890 :31C:260415 :40E:UCP LATEST VERSION :31D:261231SINGAPORE :52A:SCBLSGSG :51A:SCBLSGSG :50N:MEKONG TRADING JOINT STOCK CO :50S:12 NGUYEN HUE STREET :50T:HO CHI MINH CITY :50R:VN :59N:SUNRISE IMPORT EXPORT PTE LTD :59S:18 MARINA BOULEVARD :59T:SINGAPORE :59R:SG :32B:USD50000, :41A:SCBLSGSG BY PAYMENT :42C:AT SIGHT :42A:SCBLSGSG :49:WITHOUT :58A:SCBLSGSG :53A:SCBLSGSG :57A:SCBLSGSG -}{5:{MAC:00000000}{CHK:1A2B3C4D5E6F}} | G36: 2. Hệ thống trả kết quả: HIT với Webservice Identifier, Name and Address, Country and City loại chủ thể Entity; đồng thời HIT danh sách Quốc gia Knock-out (quốc gia cấm vận) và không HIT với chủ thể Individual, Vessel, Aircraft Câu query kiểm tra kết quả (KET_QUA = HIT): SELECT CASE WHEN COUNT(*) = 3 THEN 'HIT' ELSE 'NO HIT' END AS KET_QUA FROM ( SELECT T.N_WEBSERVICE_ID FROM FSI_RT_AL_WLS_RESPONSE T WHERE T.N_GRP_MSG_ID = :N_GRP_MSG_ID AND T.N_WEBSERVICE_ID IN (1, 2, 3) AND T.V_TAG_NAME IN ('Application Header - Output') GROUP BY T.N_WEBSERVICE_ID HAVING COUNT(DISTINCT T.V_TAG_NAME) = 1 AND COUNT(CASE WHEN UPPER(NVL(T.V_MATCHED_TYPE,DECODE(T.V_MATCHED_LIST_NAME,'Blacklisted Country','ENTITY','N/A'))) = 'ENTITY' THEN 1 END) > 0 AND COUNT(CASE WHEN UPPER(T.V_MATCHED_TYPE) = 'INDIVIDUAL' THEN 1 END) = 0 AND COUNT(CASE WHEN UPPER(T.V_MATCHED_TYPE) = 'VESSEL' THEN 1 END) = 0 AND COUNT(CASE WHEN UPPER(T.V_MATCHED_TYPE) = 'AIRCRAFT' THEN 1 END) = 0 ); | I36: High | J36: Manual | K36: Untested | L36: Untested | M36: Untested | O36: Nhóm tag quét giống nhau (Identifier, Name and Address, Country and City - Entity): Application Header - Output
A37: MT710 | B37: MT710.03 | C37: Sàng lọc giao dịch MT 710 - Name and Address - Entity | E37: 1. Đẩy giao dịch vào API Post Message với trường thông tin 52D, 50E, 51D, 50N, 59N, 41D, 42D, 58D, 53D, 57D có dữ liệu nằm trong các danh sách theo dõi <Link URL hệ thống AML ở môi trường SIT> Path: transaction-screening/v1/transaction-screening Method: POST Request Header: Authorization: Basic Auth (Username and password to login to application) Content-Type: text/plain Accept: */* Request Body: cột Test Datas 2. Kiểm tra thông tin Event của giao dịch theo đường dẫn Financial Services Analytical Applications Transactions Filtering > Financial services Sanctions Pack > Transaction Filtering Alert List Chọn Filter, nhập thông tin tìm kiếm theo AlertID, nhấn <Search> Click mã AlertID và kiểm tra các thông tin Hoặc kiểm tra các thông tin trong file kết quả truy vấn Database | F37: {1:F01SCBLSGSGAXXX0000000000} {2:I710MCOBVNVXXXXXN} {3:{108:MT710TEST0002}} {4: :27:1/1 :40B:IRREVOCABLE WITHOUT :20:ADV2607240002 :21:LC26001234567890 :31C:260415 :40E:UCP LATEST VERSION :31D:261231SINGAPORE :52D:SUMMIT EMBER :50E:SUMMIT EMBER :50I:88 TRAN HUNG DAO STREET :50M:DA NANG :50W:VN :51D:SUMMIT EMBER :50N:SUMMIT EMBER :50S:12 NGUYEN HUE STREET :50T:HO CHI MINH CITY :50R:VN :59N:SUMMIT EMBER :59S:18 MARINA BOULEVARD :59T:SINGAPORE :59R:SG :32B:USD50000, :41D:SUMMIT EMBER BY PAYMENT :42C:AT SIGHT :42D:SUMMIT EMBER :49:WITHOUT :58D:SUMMIT EMBER :53D:SUMMIT EMBER :57D:SUMMIT EMBER -}{5:{MAC:00000000}{CHK:1A2B3C4D5E6F}} | G37: 2. Hệ thống trả kết quả: HIT với Webservice Name and Address loại chủ thể Entity và không HIT với chủ thể Individual, Vessel, Aircraft Câu query kiểm tra kết quả (KET_QUA = HIT): SELECT CASE WHEN COUNT(*) = 10 THEN 'HIT' ELSE 'NO HIT' END AS KET_QUA FROM ( SELECT T.V_TAG_NAME FROM FSI_RT_AL_WLS_RESPONSE T WHERE T.N_GRP_MSG_ID = :N_GRP_MSG_ID AND T.N_WEBSERVICE_ID = 1 AND T.V_TAG_NAME IN ('52D', '50E', '51D', '50N', '59N', '41D', '42D', '58D', '53D', '57D') GROUP BY T.V_TAG_NAME HAVING COUNT(CASE WHEN UPPER(T.V_MATCHED_TYPE) = 'ENTITY' THEN 1 END) > 0 AND COUNT(CASE WHEN UPPER(T.V_MATCHED_TYPE) = 'INDIVIDUAL' THEN 1 END) = 0 AND COUNT(CASE WHEN UPPER(T.V_MATCHED_TYPE) = 'VESSEL' THEN 1 END) = 0 AND COUNT(CASE WHEN UPPER(T.V_MATCHED_TYPE) = 'AIRCRAFT' THEN 1 END) = 0 ); | I37: High | J37: Manual | K37: Untested | L37: Untested | M37: Untested | O37: Nhóm tag quét giống nhau (Name and Address - Entity): 52D, 50E, 51D, 50N, 59N, 41D, 42D, 58D, 53D, 57D | P37: [Review] So với chuẩn MT700.03: (1) Test data 50W:VN, 50R:VN, 59R:SG → cần đổi thành IR để thỏa rule E001C; (2) Expected result thiếu dòng 'Và tag 50E, 50N, 59N HIT với rule [E001C] Part-standardized name exact, country'; (3) Query thiếu điều kiện E001C cho 50E(Sequence A), 50N(Sequence B), 59N(Sequence C).
A38: MT710 | B38: MT710.04 | C38: Sàng lọc giao dịch MT 710 - Identifier - Entity | E38: 1. Đẩy giao dịch vào API Post Message với trường thông tin 52A, 51A, 42A, 58A, 53A, 57A có dữ liệu nằm trong các danh sách theo dõi <Link URL hệ thống AML ở môi trường SIT> Path: transaction-screening/v1/transaction-screening Method: POST Request Header: Authorization: Basic Auth (Username and password to login to application) Content-Type: text/plain Accept: */* Request Body: cột Test Datas 2. Kiểm tra thông tin Event của giao dịch theo đường dẫn Financial Services Analytical Applications Transactions Filtering > Financial services Sanctions Pack > Transaction Filtering Alert List Chọn Filter, nhập thông tin tìm kiếm theo AlertID, nhấn <Search> Click mã AlertID và kiểm tra các thông tin Hoặc kiểm tra các thông tin trong file kết quả truy vấn Database | F38: {1:F01SCBLSGSGAXXX0000000000} {2:I710MCOBVNVXXXXXN} {3:{108:MT710TEST0003}} {4: :27:1/1 :40B:IRREVOCABLE WITHOUT :20:ADV2607240003 :21:LC26001234567890 :31C:260415 :40E:UCP LATEST VERSION :31D:261231SINGAPORE :52A:/BFICCUHH SCBLSGSG :51A:/BFICCUHH SCBLSGSG :50N:MEKONG TRADING JOINT STOCK CO :50S:12 NGUYEN HUE STREET :50T:HO CHI MINH CITY :50R:VN :59N:SUNRISE IMPORT EXPORT PTE LTD :59S:18 MARINA BOULEVARD :59T:SINGAPORE :59R:SG :32B:USD50000, :41A:SCBLSGSG BY PAYMENT :42C:AT SIGHT :42A:/BFICCUHH SCBLSGSG :49:WITHOUT :58A:/BFICCUHH SCBLSGSG :53A:/BFICCUHH SCBLSGSG :57A:/BFICCUHH SCBLSGSG -}{5:{MAC:00000000}{CHK:1A2B3C4D5E6F}} | G38: 2. Hệ thống trả kết quả: HIT với Webservice Identifier loại chủ thể Entity và không HIT với chủ thể Individual, Vessel, Aircraft, Port Câu query kiểm tra kết quả (KET_QUA = HIT): SELECT CASE WHEN COUNT(*) = 6 THEN 'HIT' ELSE 'NO HIT' END AS KET_QUA FROM ( SELECT T.V_TAG_NAME FROM FSI_RT_AL_WLS_RESPONSE T WHERE T.N_GRP_MSG_ID = :N_GRP_MSG_ID AND T.N_WEBSERVICE_ID = 2 AND T.V_TAG_NAME IN ('52A', '51A', '42A', '58A', '53A', '57A') GROUP BY T.V_TAG_NAME HAVING COUNT(CASE WHEN UPPER(T.V_MATCHED_TYPE) = 'ENTITY' THEN 1 END) > 0 AND COUNT(CASE WHEN UPPER(T.V_MATCHED_TYPE) = 'INDIVIDUAL' THEN 1 END) = 0 AND COUNT(CASE WHEN UPPER(T.V_MATCHED_TYPE) = 'VESSEL' THEN 1 END) = 0 AND COUNT(CASE WHEN UPPER(T.V_MATCHED_TYPE) = 'AIRCRAFT' THEN 1 END) = 0 AND COUNT(CASE WHEN UPPER(T.V_MATCHED_TYPE) = 'PORT' THEN 1 END) = 0 ); | I38: High | J38: Manual | K38: Untested | L38: Untested | M38: Untested | O38: Nhóm tag quét giống nhau (Identifier - Entity): 52A, 51A, 42A, 58A, 53A, 57A
A39: MT710 | C39: Sàng lọc giao dịch MT 710 - Identifier - Entity | E39: 1. Đẩy giao dịch vào API Post Message với trường thông tin 52D, 51D, 42D, 58D, 53D, 57D có dữ liệu nằm trong các danh sách theo dõi <Link URL hệ thống AML ở môi trường SIT> Path: transaction-screening/v1/transaction-screening Method: POST Request Header: Authorization: Basic Auth (Username and password to login to application) Content-Type: text/plain Accept: */* Request Body: cột Test Datas 2. Kiểm tra thông tin Event của giao dịch theo đường dẫn Financial Services Analytical Applications Transactions Filtering > Financial services Sanctions Pack > Transaction Filtering Alert List Chọn Filter, nhập thông tin tìm kiếm theo AlertID, nhấn <Search> Click mã AlertID và kiểm tra các thông tin Hoặc kiểm tra các thông tin trong file kết quả truy vấn Database | F39: {1:F01SCBLSGSGAXXX0000000000} {2:I710MCOBVNVXXXXXN} {3:{108:MT710TEST0003}} {4: :27:1/1 :40B:IRREVOCABLE WITHOUT :20:ADV2607240003 :21:LC26001234567890 :31C:260415 :40E:UCP LATEST VERSION :31D:261231SINGAPORE :52D:/BFICCUHH SCBLSGSG :51D:/BFICCUHH SCBLSGSG :50N:MEKONG TRADING JOINT STOCK CO :50S:12 NGUYEN HUE STREET :50T:HO CHI MINH CITY :50R:VN :59N:SUNRISE IMPORT EXPORT PTE LTD :59S:18 MARINA BOULEVARD :59T:SINGAPORE :59R:SG :32B:USD50000, :41A:SCBLSGSG BY PAYMENT :42D:AT SIGHT :42A:/BFICCUHH SCBLSGSG :49:WITHOUT :58D:/BFICCUHH SCBLSGSG :53D:/BFICCUHH SCBLSGSG :57D:/BFICCUHH SCBLSGSG -}{5:{MAC:00000000}{CHK:1A2B3C4D5E6F}} | G39: 2. Hệ thống trả kết quả: HIT với Webservice Identifier loại chủ thể Entity và không HIT với chủ thể Individual, Vessel, Aircraft, Port Câu query kiểm tra kết quả (KET_QUA = HIT): SELECT CASE WHEN COUNT(*) = 6 THEN 'HIT' ELSE 'NO HIT' END AS KET_QUA FROM ( SELECT T.V_TAG_NAME FROM FSI_RT_AL_WLS_RESPONSE T WHERE T.N_GRP_MSG_ID = :N_GRP_MSG_ID AND T.N_WEBSERVICE_ID = 2 AND T.V_TAG_NAME IN ('52A', '51A', '42A', '58A', '53A', '57A') GROUP BY T.V_TAG_NAME HAVING COUNT(CASE WHEN UPPER(T.V_MATCHED_TYPE) = 'ENTITY' THEN 1 END) > 0 AND COUNT(CASE WHEN UPPER(T.V_MATCHED_TYPE) = 'INDIVIDUAL' THEN 1 END) = 0 AND COUNT(CASE WHEN UPPER(T.V_MATCHED_TYPE) = 'VESSEL' THEN 1 END) = 0 AND COUNT(CASE WHEN UPPER(T.V_MATCHED_TYPE) = 'AIRCRAFT' THEN 1 END) = 0 AND COUNT(CASE WHEN UPPER(T.V_MATCHED_TYPE) = 'PORT' THEN 1 END) = 0 ); | I39: High | J39: Manual | K39: Untested | L39: Untested | M39: Untested | O39: Nhóm tag quét giống nhau (Identifier - Entity): 52A, 51A, 42A, 58A, 53A, 57A | P39: [Review] TC Identifier option D: (1) chưa có ID (theo MT700 là MT710.05); (2) Notes vẫn ghi 52A, 51A, 42A, 58A, 53A, 57A → phải là 52D, 51D, 42D, 58D, 53D, 57D; (3) Query IN list vẫn là tag option A → đổi sang option D; (4) Test data sai tag: ':42D:AT SIGHT' phải là ':42C:AT SIGHT', và ':42A:/BFICCUHH SCBLSGSG' phải là ':42D:'.
A40: MT710 | C40: Sàng lọc giao dịch MT 710 - Identifier - Entity | E40: 1. Đẩy giao dịch vào API Post Message với trường thông tin 57B có dữ liệu nằm trong các danh sách theo dõi <Link URL hệ thống AML ở môi trường SIT> Path: transaction-screening/v1/transaction-screening Method: POST Request Header: Authorization: Basic Auth (Username and password to login to application) Content-Type: text/plain Accept: */* Request Body: cột Test Datas 2. Kiểm tra thông tin Event của giao dịch theo đường dẫn Financial Services Analytical Applications Transactions Filtering > Financial services Sanctions Pack > Transaction Filtering Alert List Chọn Filter, nhập thông tin tìm kiếm theo AlertID, nhấn <Search> Click mã AlertID và kiểm tra các thông tin Hoặc kiểm tra các thông tin trong file kết quả truy vấn Database | F40: {1:F01SCBLSGSGAXXX0000000000} {2:I710MCOBVNVXXXXXN} {3:{108:MT710TEST0003}} {4: :27:1/1 :40B:IRREVOCABLE WITHOUT :20:ADV2607240003 :21:LC26001234567890 :31C:260415 :40E:UCP LATEST VERSION :31D:261231SINGAPORE :52D:/BFICCUHH SCBLSGSG :51D:/BFICCUHH SCBLSGSG :50N:MEKONG TRADING JOINT STOCK CO :50S:12 NGUYEN HUE STREET :50T:HO CHI MINH CITY :50R:VN :59N:SUNRISE IMPORT EXPORT PTE LTD :59S:18 MARINA BOULEVARD :59T:SINGAPORE :59R:SG :32B:USD50000, :41A:SCBLSGSG BY PAYMENT :42D:AT SIGHT :42A:/BFICCUHH SCBLSGSG :49:WITHOUT :58D:/BFICCUHH SCBLSGSG :53D:/BFICCUHH SCBLSGSG :57B:/BFICCUHH SCBLSGSG -}{5:{MAC:00000000}{CHK:1A2B3C4D5E6F}} | G40: 2. Hệ thống trả kết quả: HIT với Webservice Identifier loại chủ thể Entity và không HIT với chủ thể Individual, Vessel, Aircraft, Port Câu query kiểm tra kết quả (KET_QUA = HIT): SELECT CASE WHEN COUNT(*) = 6 THEN 'HIT' ELSE 'NO HIT' END AS KET_QUA FROM ( SELECT T.V_TAG_NAME FROM FSI_RT_AL_WLS_RESPONSE T WHERE T.N_GRP_MSG_ID = :N_GRP_MSG_ID AND T.N_WEBSERVICE_ID = 2 AND T.V_TAG_NAME IN ('52A', '51A', '42A', '58A', '53A', '57A') GROUP BY T.V_TAG_NAME HAVING COUNT(CASE WHEN UPPER(T.V_MATCHED_TYPE) = 'ENTITY' THEN 1 END) > 0 AND COUNT(CASE WHEN UPPER(T.V_MATCHED_TYPE) = 'INDIVIDUAL' THEN 1 END) = 0 AND COUNT(CASE WHEN UPPER(T.V_MATCHED_TYPE) = 'VESSEL' THEN 1 END) = 0 AND COUNT(CASE WHEN UPPER(T.V_MATCHED_TYPE) = 'AIRCRAFT' THEN 1 END) = 0 AND COUNT(CASE WHEN UPPER(T.V_MATCHED_TYPE) = 'PORT' THEN 1 END) = 0 ); | I40: High | J40: Manual | K40: Untested | L40: Untested | M40: Untested | O40: Nhóm tag quét giống nhau (Identifier - Entity): 52A, 51A, 42A, 58A, 53A, 57A | P40: [Review] TC 57B: (1) chưa có ID (theo MT700 là MT710.06); (2) Notes ghi nhóm 52A, 51A... không đúng với TC 57B; (3) Query sai → phải là IN ('57B') và COUNT(*) = 1; (4) Test data cùng lỗi ':42D:AT SIGHT' / ':42A:' như dòng 39.
A41: MT710 | B41: MT710.05 | C41: Sàng lọc giao dịch MT 710 - Country and City | E41: 1. Đẩy giao dịch vào API Post Message với trường thông tin 50W, 50R, 59R có dữ liệu nằm trong các danh sách theo dõi <Link URL hệ thống AML ở môi trường SIT> Path: transaction-screening/v1/transaction-screening Method: POST Request Header: Authorization: Basic Auth (Username and password to login to application) Content-Type: text/plain Accept: */* Request Body: cột Test Datas 2. Kiểm tra thông tin Event của giao dịch theo đường dẫn Financial Services Analytical Applications Transactions Filtering > Financial services Sanctions Pack > Transaction Filtering Alert List Chọn Filter, nhập thông tin tìm kiếm theo AlertID, nhấn <Search> Click mã AlertID và kiểm tra các thông tin Hoặc kiểm tra các thông tin trong file kết quả truy vấn Database | F41: {1:F01SCBLSGSGAXXX0000000000} {2:I710MCOBVNVXXXXXN} {3:{108:MT710TEST0004}} {4: :27:1/1 :40B:IRREVOCABLE WITHOUT :20:ADV2607240004 :21:LC26001234567890 :31C:260415 :40E:UCP LATEST VERSION :31D:261231SINGAPORE :50E:ORIENT CAPITAL COMPANY LIMITED :50I:88 TRAN HUNG DAO STREET :50M:DA NANG :50W:IR :50N:MEKONG TRADING JOINT STOCK CO :50S:12 NGUYEN HUE STREET :50T:HO CHI MINH CITY :50R:IR :59N:SUNRISE IMPORT EXPORT PTE LTD :59S:18 MARINA BOULEVARD :59T:SINGAPORE :59R:IR :32B:USD50000, :41A:SCBLSGSG BY PAYMENT :49:WITHOUT -}{5:{MAC:00000000}{CHK:1A2B3C4D5E6F}} | G41: 2. Hệ thống trả kết quả: HIT với Webservice Country and City Câu query kiểm tra kết quả (KET_QUA = HIT): SELECT CASE WHEN COUNT(*) = 3 THEN 'HIT' ELSE 'NO HIT' END AS KET_QUA FROM ( SELECT T.V_TAG_NAME FROM FSI_RT_AL_WLS_RESPONSE T WHERE T.N_GRP_MSG_ID = :N_GRP_MSG_ID AND T.N_WEBSERVICE_ID = 3 AND T.V_TAG_NAME IN ('50W', '50R', '59R') GROUP BY T.V_TAG_NAME HAVING COUNT(CASE WHEN T.V_MATCHED_LIST_NAME = 'Blacklisted Country' THEN 1 END) > 0 ); | I41: High | J41: Manual | K41: Untested | L41: Untested | M41: Untested | O41: Nhóm tag quét giống nhau (Country and city - Danh sách Quốc gia Knock-out): 50W, 50R, 59R
A42: MT710 | B42: MT710.06 | C42: Sàng lọc giao dịch MT 710 - Port, Narrative - Port | E42: 1. Đẩy giao dịch vào API Post Message với trường thông tin 44A, 44E, 44F, 44B có dữ liệu nằm trong các danh sách theo dõi <Link URL hệ thống AML ở môi trường SIT> Path: transaction-screening/v1/transaction-screening Method: POST Request Header: Authorization: Basic Auth (Username and password to login to application) Content-Type: text/plain Accept: */* Request Body: cột Test Datas 2. Kiểm tra thông tin Event của giao dịch theo đường dẫn Financial Services Analytical Applications Transactions Filtering > Financial services Sanctions Pack > Transaction Filtering Alert List Chọn Filter, nhập thông tin tìm kiếm theo AlertID, nhấn <Search> Click mã AlertID và kiểm tra các thông tin Hoặc kiểm tra các thông tin trong file kết quả truy vấn Database | F42: {1:F01SCBLSGSGAXXX0000000000} {2:I710MCOBVNVXXXXXN} {3:{108:MT710TEST0005}} {4: :27:1/1 :40B:IRREVOCABLE WITHOUT :20:ADV2607240005 :21:LC26001234567890 :31C:260415 :40E:UCP LATEST VERSION :31D:261231SINGAPORE :50N:MEKONG TRADING JOINT STOCK CO :50S:12 NGUYEN HUE STREET :50T:HO CHI MINH CITY :50R:VN :59N:SUNRISE IMPORT EXPORT PTE LTD :59S:18 MARINA BOULEVARD :59T:SINGAPORE :59R:SG :32B:USD50000, :41A:SCBLSGSG BY PAYMENT :44A:EMBER SUMMIT :44E:EMBER SUMMIT :44F:EMBER SUMMIT :44B:EMBER SUMMIT :49:WITHOUT -}{5:{MAC:00000000}{CHK:1A2B3C4D5E6F}} | G42: 2. Hệ thống trả kết quả: HIT với Webservice Port và Narrative loại chủ thể Port và không HIT với chủ thể Individual, Entity, Vessel, Aircraft Câu query kiểm tra kết quả (KET_QUA = HIT): SELECT CASE WHEN COUNT(*) = 2 THEN 'HIT' ELSE 'NO HIT' END AS KET_QUA FROM ( SELECT T.N_WEBSERVICE_ID FROM FSI_RT_AL_WLS_RESPONSE T WHERE T.N_GRP_MSG_ID = :N_GRP_MSG_ID AND T.N_WEBSERVICE_ID IN (4, 5) AND T.V_TAG_NAME IN ('44A', '44E', '44F', '44B') GROUP BY T.N_WEBSERVICE_ID HAVING COUNT(DISTINCT T.V_TAG_NAME) = 4 AND COUNT(CASE WHEN UPPER(T.V_MATCHED_TYPE) = 'PORT' THEN 1 END) > 0 AND COUNT(CASE WHEN UPPER(T.V_MATCHED_TYPE) = 'ENTITY' THEN 1 END) = 0 AND COUNT(CASE WHEN UPPER(T.V_MATCHED_TYPE) = 'INDIVIDUAL' THEN 1 END) = 0 AND COUNT(CASE WHEN UPPER(T.V_MATCHED_TYPE) = 'VESSEL' THEN 1 END) = 0 AND COUNT(CASE WHEN UPPER(T.V_MATCHED_TYPE) = 'AIRCRAFT' THEN 1 END) = 0 ); | I42: High | J42: Manual | K42: Untested | L42: Untested | M42: Untested | O42: Nhóm tag quét giống nhau (Port, Narrative or Free Text Information - Port): 44A, 44E, 44F, 44B
A43: MT710 | B43: MT710.07 | C43: Sàng lọc giao dịch MT 710 - Narrative - All | E43: 1. Đẩy giao dịch vào API Post Message với trường thông tin 42M, 46A, 47A, 49G, 49H, 71D, 78K, 78D, 72Z có dữ liệu nằm trong các danh sách theo dõi <Link URL hệ thống AML ở môi trường SIT> Path: transaction-screening/v1/transaction-screening Method: POST Request Header: Authorization: Basic Auth (Username and password to login to application) Content-Type: text/plain Accept: */* Request Body: cột Test Datas 2. Kiểm tra thông tin Event của giao dịch theo đường dẫn Financial Services Analytical Applications Transactions Filtering > Financial services Sanctions Pack > Transaction Filtering Alert List Chọn Filter, nhập thông tin tìm kiếm theo AlertID, nhấn <Search> Click mã AlertID và kiểm tra các thông tin Hoặc kiểm tra các thông tin trong file kết quả truy vấn Database | F43: {1:F01SCBLSGSGAXXX0000000000} {2:I710MCOBVNVXXXXXN} {3:{108:MT710TEST0006}} {4: :27:1/1 :40B:IRREVOCABLE WITHOUT :20:ADV2607240006 :21:LC26001234567890 :31C:260415 :40E:UCP LATEST VERSION :31D:261231SINGAPORE :50N:MEKONG TRADING JOINT STOCK CO :50S:12 NGUYEN HUE STREET :50T:HO CHI MINH CITY :50R:VN :59N:SUNRISE IMPORT EXPORT PTE LTD :59S:18 MARINA BOULEVARD :59T:SINGAPORE :59R:SG :32B:USD50000, :41A:SCBLSGSG BY PAYMENT :42M:0099887766 :46A:0099887766 :47A:0099887766 :49G:0099887766 :49H:0099887766 :71D:0099887766 :49:WITHOUT :78K:0099887766 :78D:0099887766 :72Z:0099887766 -}{5:{MAC:00000000}{CHK:1A2B3C4D5E6F}} | G43: 2. Hệ thống trả kết quả: HIT với Webservice Narrative loại chủ thể Individual, Entity, Port, Vessel, Aircraft Câu query kiểm tra kết quả (KET_QUA = HIT): SELECT CASE WHEN COUNT(*) = 9 THEN 'HIT' ELSE 'NO HIT' END AS KET_QUA FROM ( SELECT T.V_TAG_NAME FROM FSI_RT_AL_WLS_RESPONSE T WHERE T.N_GRP_MSG_ID = :N_GRP_MSG_ID AND T.N_WEBSERVICE_ID = 4 AND T.V_TAG_NAME IN ('42M', '46A', '47A', '49G', '49H', '71D', '78K', '78D', '72Z') GROUP BY T.V_TAG_NAME HAVING COUNT(CASE WHEN UPPER(T.V_MATCHED_TYPE) = 'ENTITY' THEN 1 END) > 0 AND COUNT(CASE WHEN UPPER(T.V_MATCHED_TYPE) = 'INDIVIDUAL' THEN 1 END) > 0 AND COUNT(CASE WHEN UPPER(T.V_MATCHED_TYPE) = 'VESSEL' THEN 1 END) > 0 AND COUNT(CASE WHEN UPPER(T.V_MATCHED_TYPE) = 'AIRCRAFT' THEN 1 END) > 0 AND COUNT(CASE WHEN UPPER(T.V_MATCHED_TYPE) = 'PORT' THEN 1 END) > 0 AND COUNT(CASE WHEN UPPER(T.V_MATCHED_TYPE) = 'STK' THEN 1 END) > 0 ); | I43: High | J43: Manual | K43: Untested | L43: Untested | M43: Untested | O43: Nhóm tag quét giống nhau (Narrative or Free Text Information - All): 42M, 46A, 47A, 49G, 49H, 71D, 78K, 78D, 72Z | P43: [Review] Narrative - All: (1) có 78D nhưng mapping MT710 không có trường 78D (78D chỉ có ở MT720) → thừa ở Test Step, Test Datas, Query, Notes; (2) thiếu 42P và 45A (chuẩn MT700.09 gộp 45A, bỏ TC Stop Keywords).
A44: MT710 | B44: MT710.08 | C44: Sàng lọc giao dịch MT 710 - Narrative - All | E44: 1. Đẩy giao dịch vào API Post Message với trường thông tin 45A có dữ liệu nằm trong các danh sách Stopkeywords <Link URL hệ thống AML ở môi trường SIT> Path: transaction-screening/v1/transaction-screening Method: POST Request Header: Authorization: Basic Auth (Username and password to login to application) Content-Type: text/plain Accept: */* Request Body: cột Test Datas 2. Kiểm tra thông tin Event của giao dịch theo đường dẫn Financial Services Analytical Applications Transactions Filtering > Financial services Sanctions Pack > Transaction Filtering Alert List Chọn Filter, nhập thông tin tìm kiếm theo AlertID, nhấn <Search> Click mã AlertID và kiểm tra các thông tin Hoặc kiểm tra các thông tin trong file kết quả truy vấn Database | F44: {1:F01SCBLSGSGAXXX0000000000} {2:I710MCOBVNVXXXXXN} {3:{108:MT710TEST0007}} {4: :27:1/1 :40B:IRREVOCABLE WITHOUT :20:ADV2607240007 :21:LC26001234567890 :31C:260415 :40E:UCP LATEST VERSION :31D:261231SINGAPORE :50N:MEKONG TRADING JOINT STOCK CO :50S:12 NGUYEN HUE STREET :50T:HO CHI MINH CITY :50R:VN :59N:SUNRISE IMPORT EXPORT PTE LTD :59S:18 MARINA BOULEVARD :59T:SINGAPORE :59R:SG :32B:USD50000, :41A:SCBLSGSG BY PAYMENT :45A:0099887766 :49:WITHOUT -}{5:{MAC:00000000}{CHK:1A2B3C4D5E6F}} | G44: 2. Hệ thống trả kết quả: HIT với Webservice Narrative với Matched List = Stop Keywords và không HIT với các chủ thể Individual, Entity, Port, Vessel, Aircraft Câu query kiểm tra kết quả (KET_QUA = HIT): SELECT CASE WHEN COUNT(*) = 1 THEN 'HIT' ELSE 'NO HIT' END AS KET_QUA FROM ( SELECT T.V_TAG_NAME FROM FSI_RT_AL_WLS_RESPONSE T WHERE T.N_GRP_MSG_ID = :N_GRP_MSG_ID AND T.N_WEBSERVICE_ID = 4 AND T.V_TAG_NAME = '45A' GROUP BY T.V_TAG_NAME HAVING COUNT(CASE WHEN UPPER(T.V_MATCHED_TYPE) = 'STK' THEN 1 END) > 0 AND COUNT(CASE WHEN UPPER(T.V_MATCHED_TYPE) = 'INDIVIDUAL' THEN 1 END) = 0 AND COUNT(CASE WHEN UPPER(T.V_MATCHED_TYPE) = 'VESSEL' THEN 1 END) = 0 AND COUNT(CASE WHEN UPPER(T.V_MATCHED_TYPE) = 'AIRCRAFT' THEN 1 END) = 0 AND COUNT(CASE WHEN UPPER(T.V_MATCHED_TYPE) = 'PORT' THEN 1 END) = 0 AND COUNT(CASE WHEN UPPER(T.V_MATCHED_TYPE) = 'ENTITY' THEN 1 END) = 0 ); | I44: High | J44: Manual | K44: Untested | L44: Untested | M44: Untested | O44: Nhóm tag quét giống nhau (Narrative or Free Text Information - Stop Keywords): 45A | P44: [Review] TC 45A - Stop Keywords: theo chuẩn MT700 đã bỏ TC riêng này, gộp 45A vào TC Narrative - All (dòng 43). Title 'Narrative - All' cũng không khớp nội dung Stop Keywords.
A45: Sàng lọc giao dịch MT 720 | P45: [Review] MT720 không thiếu TC. ID MT720.04 đang bị trùng ở 3 dòng (49, 50, 51) → đánh lại .04 / .05 / .06, các TC sau lùi thành .07 Country, .08 Port, .09 Narrative.
A46: MT720 | B46: MT720.01 | C46: Sàng lọc giao dịch MT 720 - Identifier, Name and Address, Country and City - Entity | E46: 1. Đẩy giao dịch vào API Post Message với trường thông tin Basic Header Block, Application Header - Input, 52A, 41A, 42A, 58A, 57A có dữ liệu nằm trong các danh sách theo dõi <Link URL hệ thống AML ở môi trường SIT> Path: transaction-screening/v1/transaction-screening Method: POST Request Header: Authorization: Basic Auth (Username and password to login to application) Content-Type: text/plain Accept: */* Request Body: cột Test Datas 2. Kiểm tra thông tin Event của giao dịch theo đường dẫn Financial Services Analytical Applications Transactions Filtering > Financial services Sanctions Pack > Transaction Filtering Alert List Chọn Filter, nhập thông tin tìm kiếm theo AlertID, nhấn <Search> Click mã AlertID và kiểm tra các thông tin Hoặc kiểm tra các thông tin trong file kết quả truy vấn Database | F46: {1:F01BFICCUHHAXXX0000000000} {2:I720BFICCUHHXXXXN} {3:{108:MT720TEST0001}} {4: :27:1/1 :40B:IRREVOCABLE WITHOUT :20:TRF2607240001 :21:LC26001234567890 :31C:260415 :40E:UCP LATEST VERSION :31D:261231SINGAPORE :52A:BFICCUHH :50N:MEKONG TRADING JOINT STOCK CO :50S:12 NGUYEN HUE STREET :50T:HO CHI MINH CITY :50R:VN :59N:SUNRISE IMPORT EXPORT PTE LTD :59S:18 MARINA BOULEVARD :59T:SINGAPORE :59R:SG :32B:USD50000, :41A:BFICCUHH BY PAYMENT :42C:AT SIGHT :42A:BFICCUHH :49:WITHOUT :58A:BFICCUHH :57A:BFICCUHH -}{5:{MAC:00000000}{CHK:1A2B3C4D5E6F}} | G46: 2. Hệ thống trả kết quả: HIT với Webservice Identifier, Name and Address, Country and City loại chủ thể Entity; đồng thời HIT danh sách Quốc gia Knock-out (quốc gia cấm vận) và không HIT với chủ thể Individual, Vessel, Aircraft Câu query kiểm tra kết quả (KET_QUA = HIT): SELECT CASE WHEN COUNT(*) = 3 THEN 'HIT' ELSE 'NO HIT' END AS KET_QUA FROM ( SELECT T.N_WEBSERVICE_ID FROM FSI_RT_AL_WLS_RESPONSE T WHERE T.N_GRP_MSG_ID = :N_GRP_MSG_ID AND T.N_WEBSERVICE_ID IN (1, 2, 3) AND T.V_TAG_NAME IN ('Basic Header Block', 'Application Header - Input', '52A', '41A', '42A', '58A', '57A') GROUP BY T.N_WEBSERVICE_ID HAVING COUNT(DISTINCT T.V_TAG_NAME) = 7 AND COUNT(CASE WHEN UPPER(NVL(T.V_MATCHED_TYPE,DECODE(T.V_MATCHED_LIST_NAME,'Blacklisted Country','ENTITY','N/A'))) = 'ENTITY' THEN 1 END) > 0 AND COUNT(CASE WHEN UPPER(T.V_MATCHED_TYPE) = 'INDIVIDUAL' THEN 1 END) = 0 AND COUNT(CASE WHEN UPPER(T.V_MATCHED_TYPE) = 'VESSEL' THEN 1 END) = 0 AND COUNT(CASE WHEN UPPER(T.V_MATCHED_TYPE) = 'AIRCRAFT' THEN 1 END) = 0 ); | I46: High | J46: Manual | K46: Untested | L46: Untested | M46: Untested | O46: Nhóm tag quét giống nhau (Identifier, Name and Address, Country and City - Entity): Basic Header Block, Application Header - Input, 52A, 41A, 42A, 58A, 57A
A47: MT720 | B47: MT720.02 | C47: Sàng lọc giao dịch MT 720 - Identifier, Name and Address, Country and City - Entity | E47: 1. Đẩy giao dịch vào API Post Message với trường thông tin Application Header - Output có dữ liệu nằm trong các danh sách theo dõi <Link URL hệ thống AML ở môi trường SIT> Path: transaction-screening/v1/transaction-screening Method: POST Request Header: Authorization: Basic Auth (Username and password to login to application) Content-Type: text/plain Accept: */* Request Body: cột Test Datas 2. Kiểm tra thông tin Event của giao dịch theo đường dẫn Financial Services Analytical Applications Transactions Filtering > Financial services Sanctions Pack > Transaction Filtering Alert List Chọn Filter, nhập thông tin tìm kiếm theo AlertID, nhấn <Search> Click mã AlertID và kiểm tra các thông tin Hoặc kiểm tra các thông tin trong file kết quả truy vấn Database | F47: {1:F01MCOBVNVXAXXX0000000000} {2:O7201201260724BFICCUHHAXXX00010000012607241201N} {3:{108:MT720TEST0008}} {4: :27:1/1 :40B:IRREVOCABLE WITHOUT :20:TRF2607240008 :21:LC26001234567890 :31C:260415 :40E:UCP LATEST VERSION :31D:261231SINGAPORE :52A:SCBLSGSG :50N:MEKONG TRADING JOINT STOCK CO :50S:12 NGUYEN HUE STREET :50T:HO CHI MINH CITY :50R:VN :59N:SUNRISE IMPORT EXPORT PTE LTD :59S:18 MARINA BOULEVARD :59T:SINGAPORE :59R:SG :32B:USD50000, :41A:SCBLSGSG BY PAYMENT :42C:AT SIGHT :42A:SCBLSGSG :49:WITHOUT :58A:SCBLSGSG :57A:SCBLSGSG -}{5:{MAC:00000000}{CHK:1A2B3C4D5E6F}} | G47: 2. Hệ thống trả kết quả: HIT với Webservice Name and Address loại chủ thể Entity và không HIT với chủ thể Individual, Vessel, Aircraft Câu query kiểm tra kết quả (KET_QUA = HIT): SELECT CASE WHEN COUNT(*) = 8 THEN 'HIT' ELSE 'NO HIT' END AS KET_QUA FROM ( SELECT T.V_TAG_NAME FROM FSI_RT_AL_WLS_RESPONSE T WHERE T.N_GRP_MSG_ID = :N_GRP_MSG_ID AND T.N_WEBSERVICE_ID = 1 AND T.V_TAG_NAME IN ('52D', '50E', '50N', '59N', '41D', '42D', '58D', '57D') GROUP BY T.V_TAG_NAME HAVING COUNT(CASE WHEN UPPER(T.V_MATCHED_TYPE) = 'ENTITY' THEN 1 END) > 0 AND COUNT(CASE WHEN UPPER(T.V_MATCHED_TYPE) = 'INDIVIDUAL' THEN 1 END) = 0 AND COUNT(CASE WHEN UPPER(T.V_MATCHED_TYPE) = 'VESSEL' THEN 1 END) = 0 AND COUNT(CASE WHEN UPPER(T.V_MATCHED_TYPE) = 'AIRCRAFT' THEN 1 END) = 0 ); | I47: High | J47: Manual | K47: Untested | L47: Untested | M47: Untested | O47: Nhóm tag quét giống nhau (Identifier, Name and Address, Country and City - Entity): Application Header - Output | P47: [Review] Expected result + Query copy nhầm từ TC Name and Address (Webservice = 1, tag 52D, 50E...). Theo MT700.02 phải là: HIT Identifier, Name and Address, Country and City; N_WEBSERVICE_ID IN (1, 2, 3); V_TAG_NAME = 'Application Header - Output'; COUNT(*) = 3; COUNT(DISTINCT) = 1.
A48: MT720 | B48: MT720.03 | C48: Sàng lọc giao dịch MT 720 - Name and Address - Entity | E48: 1. Đẩy giao dịch vào API Post Message với trường thông tin 52D, 50E, 50N, 59N, 41D, 42D, 58D, 57D có dữ liệu nằm trong các danh sách theo dõi <Link URL hệ thống AML ở môi trường SIT> Path: transaction-screening/v1/transaction-screening Method: POST Request Header: Authorization: Basic Auth (Username and password to login to application) Content-Type: text/plain Accept: */* Request Body: cột Test Datas 2. Kiểm tra thông tin Event của giao dịch theo đường dẫn Financial Services Analytical Applications Transactions Filtering > Financial services Sanctions Pack > Transaction Filtering Alert List Chọn Filter, nhập thông tin tìm kiếm theo AlertID, nhấn <Search> Click mã AlertID và kiểm tra các thông tin Hoặc kiểm tra các thông tin trong file kết quả truy vấn Database | F48: {1:F01SCBLSGSGAXXX0000000000} {2:I720MCOBVNVXXXXXN} {3:{108:MT720TEST0002}} {4: :27:1/1 :40B:IRREVOCABLE WITHOUT :20:TRF2607240002 :21:LC26001234567890 :31C:260415 :40E:UCP LATEST VERSION :31D:261231SINGAPORE :52D:SUMMIT EMBER :50E:SUMMIT EMBER :50I:88 TRAN HUNG DAO STREET :50M:DA NANG :50W:IR :50N:SUMMIT EMBER :50S:12 NGUYEN HUE STREET :50T:HO CHI MINH CITY :50R:IR :59N:SUMMIT EMBER :59S:18 MARINA BOULEVARD :59T:SINGAPORE :59R:IR :32B:USD50000, :41D:SUMMIT EMBER BY PAYMENT :42C:AT SIGHT :42D:SUMMIT EMBER :49:WITHOUT :58D:SUMMIT EMBER :57D:SUMMIT EMBER -}{5:{MAC:00000000}{CHK:1A2B3C4D5E6F}} | G48: 2. Hệ thống trả kết quả: HIT với Webservice Name and Address loại chủ thể Entity và không HIT với chủ thể Individual, Vessel, Aircraft Và tag 50E, 50N, 59N HIT với rule [E001C] Part-standardized name exact, country Câu query kiểm tra kết quả (KET_QUA = HIT): SELECT CASE WHEN COUNT(*) = 8 THEN 'HIT' ELSE 'NO HIT' END AS KET_QUA FROM ( SELECT T.V_TAG_NAME FROM FSI_RT_AL_WLS_RESPONSE T WHERE T.N_GRP_MSG_ID = :N_GRP_MSG_ID AND T.N_WEBSERVICE_ID = 1 AND T.V_TAG_NAME IN ('52D', '50E', '50N', '59N', '41D', '42D', '58D', '57D') GROUP BY T.V_TAG_NAME HAVING COUNT(CASE WHEN UPPER(T.V_MATCHED_TYPE) = 'ENTITY' THEN 1 END) > 0 AND COUNT(CASE WHEN UPPER(T.V_MATCHED_TYPE) = 'INDIVIDUAL' THEN 1 END) = 0 AND COUNT(CASE WHEN UPPER(T.V_MATCHED_TYPE) = 'VESSEL' THEN 1 END) = 0 AND COUNT(CASE WHEN UPPER(T.V_MATCHED_TYPE) = 'AIRCRAFT' THEN 1 END) = 0 AND COUNT(CASEWHEN T.V_TAG_NAME = '50E(Sequence A)' AND UPPER(TRIM(T.V_RULE_NAME)) LIKE '%E001C%' THEN END ) > 0 AND COUNT( CASE WHEN T.V_TAG_NAME = '50N(Sequence B)' AND UPPER(TRIM(T.V_RULE_NAME)) LIKE '%E001C%' THEN 1 END) > 0 ) AND COUNT( CASE WHEN T.V_TAG_NAME = '59N(Sequence C)' AND UPPER(TRIM(T.V_RULE_NAME)) LIKE '%E001C%' THEN 1 END) > 0 ); | I48: High | J48: Manual | K48: Untested | L48: Untested | M48: Untested | O48: Nhóm tag quét giống nhau (Name and Address - Entity): 52D, 50E, 50N, 59N, 41D, 42D, 58D, 57D | P48: [Review] Query: (1) thừa dấu ')' sau điều kiện 50N(Sequence B) → đóng subquery sớm, SQL lỗi; (2) IN list ghi '50E','50N','59N' không có (Sequence), lệch với điều kiện E001C; (3) lỗi cú pháp CASEWHEN / THEN END (kế thừa MT700.03).
A49: MT720 | B49: MT720.04 | C49: Sàng lọc giao dịch MT 720 - Identifier - Entity | E49: 1. Đẩy giao dịch vào API Post Message với trường thông tin 52A, 42A, 58A, 57A có dữ liệu nằm trong các danh sách theo dõi <Link URL hệ thống AML ở môi trường SIT> Path: transaction-screening/v1/transaction-screening Method: POST Request Header: Authorization: Basic Auth (Username and password to login to application) Content-Type: text/plain Accept: */* Request Body: cột Test Datas 2. Kiểm tra thông tin Event của giao dịch theo đường dẫn Financial Services Analytical Applications Transactions Filtering > Financial services Sanctions Pack > Transaction Filtering Alert List Chọn Filter, nhập thông tin tìm kiếm theo AlertID, nhấn <Search> Click mã AlertID và kiểm tra các thông tin Hoặc kiểm tra các thông tin trong file kết quả truy vấn Database | F49: {1:F01SCBLSGSGAXXX0000000000} {2:I720MCOBVNVXXXXXN} {3:{108:MT720TEST0003}} {4: :27:1/1 :40B:IRREVOCABLE WITHOUT :20:TRF2607240003 :21:LC26001234567890 :31C:260415 :40E:UCP LATEST VERSION :31D:261231SINGAPORE :52A:/BFICCUHH SCBLSGSG :50N:MEKONG TRADING JOINT STOCK CO :50S:12 NGUYEN HUE STREET :50T:HO CHI MINH CITY :50R:VN :59N:SUNRISE IMPORT EXPORT PTE LTD :59S:18 MARINA BOULEVARD :59T:SINGAPORE :59R:SG :32B:USD50000, :41A:SCBLSGSG BY PAYMENT :42C:AT SIGHT :42A:/BFICCUHH SCBLSGSG :49:WITHOUT :58A:/BFICCUHH SCBLSGSG :57A:/BFICCUHH SCBLSGSG -}{5:{MAC:00000000}{CHK:1A2B3C4D5E6F}} | G49: 2. Hệ thống trả kết quả: HIT với Webservice Identifier loại chủ thể Entity và không HIT với chủ thể Individual, Vessel, Aircraft, Port Câu query kiểm tra kết quả (KET_QUA = HIT): SELECT CASE WHEN COUNT(*) = 4 THEN 'HIT' ELSE 'NO HIT' END AS KET_QUA FROM ( SELECT T.V_TAG_NAME FROM FSI_RT_AL_WLS_RESPONSE T WHERE T.N_GRP_MSG_ID = :N_GRP_MSG_ID AND T.N_WEBSERVICE_ID = 2 AND T.V_TAG_NAME IN ('52A', '42A', '58A', '57A') GROUP BY T.V_TAG_NAME HAVING COUNT(CASE WHEN UPPER(T.V_MATCHED_TYPE) = 'ENTITY' THEN 1 END) > 0 AND COUNT(CASE WHEN UPPER(T.V_MATCHED_TYPE) = 'INDIVIDUAL' THEN 1 END) = 0 AND COUNT(CASE WHEN UPPER(T.V_MATCHED_TYPE) = 'VESSEL' THEN 1 END) = 0 AND COUNT(CASE WHEN UPPER(T.V_MATCHED_TYPE) = 'AIRCRAFT' THEN 1 END) = 0 AND COUNT(CASE WHEN UPPER(T.V_MATCHED_TYPE) = 'PORT' THEN 1 END) = 0 ); | I49: High | J49: Manual | K49: Untested | L49: Untested | M49: Untested | O49: Nhóm tag quét giống nhau (Identifier - Entity): 52A, 42A, 58A, 57A
A50: MT720 | B50: MT720.04 | C50: Sàng lọc giao dịch MT 720 - Identifier - Entity | E50: 1. Đẩy giao dịch vào API Post Message với trường thông tin 52D, 42D, 58D, 57D có dữ liệu nằm trong các danh sách theo dõi <Link URL hệ thống AML ở môi trường SIT> Path: transaction-screening/v1/transaction-screening Method: POST Request Header: Authorization: Basic Auth (Username and password to login to application) Content-Type: text/plain Accept: */* Request Body: cột Test Datas 2. Kiểm tra thông tin Event của giao dịch theo đường dẫn Financial Services Analytical Applications Transactions Filtering > Financial services Sanctions Pack > Transaction Filtering Alert List Chọn Filter, nhập thông tin tìm kiếm theo AlertID, nhấn <Search> Click mã AlertID và kiểm tra các thông tin Hoặc kiểm tra các thông tin trong file kết quả truy vấn Database | F50: {1:F01SCBLSGSGAXXX0000000000} {2:I720MCOBVNVXXXXXN} {3:{108:MT720TEST0003}} {4: :27:1/1 :40B:IRREVOCABLE WITHOUT :20:TRF2607240003 :21:LC26001234567890 :31C:260415 :40E:UCP LATEST VERSION :31D:261231SINGAPORE :52D:/BFICCUHH SCBLSGSG :50N:MEKONG TRADING JOINT STOCK CO :50S:12 NGUYEN HUE STREET :50T:HO CHI MINH CITY :50R:VN :59N:SUNRISE IMPORT EXPORT PTE LTD :59S:18 MARINA BOULEVARD :59T:SINGAPORE :59R:SG :32B:USD50000, :41A:SCBLSGSG BY PAYMENT :42C:AT SIGHT :42D:/BFICCUHH SCBLSGSG :49:WITHOUT :58D:/BFICCUHH SCBLSGSG :57D:/BFICCUHH SCBLSGSG -}{5:{MAC:00000000}{CHK:1A2B3C4D5E6F}} | G50: 2. Hệ thống trả kết quả: HIT với Webservice Identifier loại chủ thể Entity và không HIT với chủ thể Individual, Vessel, Aircraft, Port Câu query kiểm tra kết quả (KET_QUA = HIT): SELECT CASE WHEN COUNT(*) = 4 THEN 'HIT' ELSE 'NO HIT' END AS KET_QUA FROM ( SELECT T.V_TAG_NAME FROM FSI_RT_AL_WLS_RESPONSE T WHERE T.N_GRP_MSG_ID = :N_GRP_MSG_ID AND T.N_WEBSERVICE_ID = 2 AND T.V_TAG_NAME IN ('52D', '42D', '58D', '57D') GROUP BY T.V_TAG_NAME HAVING COUNT(CASE WHEN UPPER(T.V_MATCHED_TYPE) = 'ENTITY' THEN 1 END) > 0 AND COUNT(CASE WHEN UPPER(T.V_MATCHED_TYPE) = 'INDIVIDUAL' THEN 1 END) = 0 AND COUNT(CASE WHEN UPPER(T.V_MATCHED_TYPE) = 'VESSEL' THEN 1 END) = 0 AND COUNT(CASE WHEN UPPER(T.V_MATCHED_TYPE) = 'AIRCRAFT' THEN 1 END) = 0 AND COUNT(CASE WHEN UPPER(T.V_MATCHED_TYPE) = 'PORT' THEN 1 END) = 0 ); | I50: High | J50: Manual | K50: Untested | L50: Untested | M50: Untested | O50: Nhóm tag quét giống nhau (Identifier - Entity): 52A, 42A, 58A, 57A | P50: [Review] ID trùng MT720.04 (theo MT700 là MT720.05); Notes vẫn ghi 52A, 42A, 58A, 57A → phải là 52D, 42D, 58D, 57D.
A51: MT720 | B51: MT720.04 | C51: Sàng lọc giao dịch MT 720 - Identifier - Entity | E51: 1. Đẩy giao dịch vào API Post Message với trường thông tin 57B có dữ liệu nằm trong các danh sách theo dõi <Link URL hệ thống AML ở môi trường SIT> Path: transaction-screening/v1/transaction-screening Method: POST Request Header: Authorization: Basic Auth (Username and password to login to application) Content-Type: text/plain Accept: */* Request Body: cột Test Datas 2. Kiểm tra thông tin Event của giao dịch theo đường dẫn Financial Services Analytical Applications Transactions Filtering > Financial services Sanctions Pack > Transaction Filtering Alert List Chọn Filter, nhập thông tin tìm kiếm theo AlertID, nhấn <Search> Click mã AlertID và kiểm tra các thông tin Hoặc kiểm tra các thông tin trong file kết quả truy vấn Database | F51: {1:F01SCBLSGSGAXXX0000000000} {2:I720MCOBVNVXXXXXN} {3:{108:MT720TEST0003}} {4: :27:1/1 :40B:IRREVOCABLE WITHOUT :20:TRF2607240003 :21:LC26001234567890 :31C:260415 :40E:UCP LATEST VERSION :31D:261231SINGAPORE :52D:/BFICCUHH SCBLSGSG :50N:MEKONG TRADING JOINT STOCK CO :50S:12 NGUYEN HUE STREET :50T:HO CHI MINH CITY :50R:VN :59N:SUNRISE IMPORT EXPORT PTE LTD :59S:18 MARINA BOULEVARD :59T:SINGAPORE :59R:SG :32B:USD50000, :41A:SCBLSGSG BY PAYMENT :42C:AT SIGHT :42D:/BFICCUHH SCBLSGSG :49:WITHOUT :58D:/BFICCUHH SCBLSGSG :57B:/BFICCUHH SCBLSGSG -}{5:{MAC:00000000}{CHK:1A2B3C4D5E6F}} | G51: 2. Hệ thống trả kết quả: HIT với Webservice Identifier loại chủ thể Entity và không HIT với chủ thể Individual, Vessel, Aircraft, Port Câu query kiểm tra kết quả (KET_QUA = HIT): SELECT CASE WHEN COUNT(*) = 1 THEN 'HIT' ELSE 'NO HIT' END AS KET_QUA FROM ( SELECT T.V_TAG_NAME FROM FSI_RT_AL_WLS_RESPONSE T WHERE T.N_GRP_MSG_ID = :N_GRP_MSG_ID AND T.N_WEBSERVICE_ID = 2 AND T.V_TAG_NAME IN ('52B') GROUP BY T.V_TAG_NAME HAVING COUNT(CASE WHEN UPPER(T.V_MATCHED_TYPE) = 'ENTITY' THEN 1 END) > 0 AND COUNT(CASE WHEN UPPER(T.V_MATCHED_TYPE) = 'INDIVIDUAL' THEN 1 END) = 0 AND COUNT(CASE WHEN UPPER(T.V_MATCHED_TYPE) = 'VESSEL' THEN 1 END) = 0 AND COUNT(CASE WHEN UPPER(T.V_MATCHED_TYPE) = 'AIRCRAFT' THEN 1 END) = 0 AND COUNT(CASE WHEN UPPER(T.V_MATCHED_TYPE) = 'PORT' THEN 1 END) = 0 ); | I51: High | J51: Manual | K51: Untested | L51: Untested | M51: Untested | P51: [Review] ID trùng MT720.04 (theo MT700 là MT720.06); Query IN ('52B') sai → phải là '57B'.
A52: MT720 | B52: MT720.05 | C52: Sàng lọc giao dịch MT 720 - Country and City | E52: 1. Đẩy giao dịch vào API Post Message với trường thông tin 50W, 50R, 59R có dữ liệu nằm trong các danh sách theo dõi <Link URL hệ thống AML ở môi trường SIT> Path: transaction-screening/v1/transaction-screening Method: POST Request Header: Authorization: Basic Auth (Username and password to login to application) Content-Type: text/plain Accept: */* Request Body: cột Test Datas 2. Kiểm tra thông tin Event của giao dịch theo đường dẫn Financial Services Analytical Applications Transactions Filtering > Financial services Sanctions Pack > Transaction Filtering Alert List Chọn Filter, nhập thông tin tìm kiếm theo AlertID, nhấn <Search> Click mã AlertID và kiểm tra các thông tin Hoặc kiểm tra các thông tin trong file kết quả truy vấn Database | F52: {1:F01SCBLSGSGAXXX0000000000} {2:I720MCOBVNVXXXXXN} {3:{108:MT720TEST0004}} {4: :27:1/1 :40B:IRREVOCABLE WITHOUT :20:TRF2607240004 :21:LC26001234567890 :31C:260415 :40E:UCP LATEST VERSION :31D:261231SINGAPORE :50E:ORIENT CAPITAL COMPANY LIMITED :50I:88 TRAN HUNG DAO STREET :50M:DA NANG :50W:IR :50N:MEKONG TRADING JOINT STOCK CO :50S:12 NGUYEN HUE STREET :50T:HO CHI MINH CITY :50R:IR :59N:SUNRISE IMPORT EXPORT PTE LTD :59S:18 MARINA BOULEVARD :59T:SINGAPORE :59R:IR :32B:USD50000, :41A:SCBLSGSG BY PAYMENT :49:WITHOUT -}{5:{MAC:00000000}{CHK:1A2B3C4D5E6F}} | G52: 2. Hệ thống trả kết quả: HIT với Webservice Country and City Câu query kiểm tra kết quả (KET_QUA = HIT): SELECT CASE WHEN COUNT(*) = 3 THEN 'HIT' ELSE 'NO HIT' END AS KET_QUA FROM ( SELECT T.V_TAG_NAME FROM FSI_RT_AL_WLS_RESPONSE T WHERE T.N_GRP_MSG_ID = :N_GRP_MSG_ID AND T.N_WEBSERVICE_ID = 3 AND T.V_TAG_NAME IN ('50W', '50R', '59R') GROUP BY T.V_TAG_NAME HAVING COUNT(CASE WHEN T.V_MATCHED_LIST_NAME = 'Blacklisted Country' THEN 1 END) > 0 ); | I52: High | J52: Manual | K52: Untested | L52: Untested | M52: Untested | O52: Nhóm tag quét giống nhau (Country and city - Danh sách Quốc gia Knock-out): 50W, 50R, 59R
A53: MT720 | B53: MT720.06 | C53: Sàng lọc giao dịch MT 720 - Port, Narrative - Port | E53: 1. Đẩy giao dịch vào API Post Message với trường thông tin 44A, 44E, 44F, 44B có dữ liệu nằm trong các danh sách theo dõi <Link URL hệ thống AML ở môi trường SIT> Path: transaction-screening/v1/transaction-screening Method: POST Request Header: Authorization: Basic Auth (Username and password to login to application) Content-Type: text/plain Accept: */* Request Body: cột Test Datas 2. Kiểm tra thông tin Event của giao dịch theo đường dẫn Financial Services Analytical Applications Transactions Filtering > Financial services Sanctions Pack > Transaction Filtering Alert List Chọn Filter, nhập thông tin tìm kiếm theo AlertID, nhấn <Search> Click mã AlertID và kiểm tra các thông tin Hoặc kiểm tra các thông tin trong file kết quả truy vấn Database | F53: {1:F01SCBLSGSGAXXX0000000000} {2:I720MCOBVNVXXXXXN} {3:{108:MT720TEST0005}} {4: :27:1/1 :40B:IRREVOCABLE WITHOUT :20:TRF2607240005 :21:LC26001234567890 :31C:260415 :40E:UCP LATEST VERSION :31D:261231SINGAPORE :50N:MEKONG TRADING JOINT STOCK CO :50S:12 NGUYEN HUE STREET :50T:HO CHI MINH CITY :50R:VN :59N:SUNRISE IMPORT EXPORT PTE LTD :59S:18 MARINA BOULEVARD :59T:SINGAPORE :59R:SG :32B:USD50000, :41A:SCBLSGSG BY PAYMENT :44A:EMBER SUMMIT :44E:EMBER SUMMIT :44F:EMBER SUMMIT :44B:EMBER SUMMIT :49:WITHOUT -}{5:{MAC:00000000}{CHK:1A2B3C4D5E6F}} | G53: 2. Hệ thống trả kết quả: HIT với Webservice Port và Narrative loại chủ thể Port và không HIT với chủ thể Individual, Entity, Vessel, Aircraft Câu query kiểm tra kết quả (KET_QUA = HIT): SELECT CASE WHEN COUNT(*) = 2 THEN 'HIT' ELSE 'NO HIT' END AS KET_QUA FROM ( SELECT T.N_WEBSERVICE_ID FROM FSI_RT_AL_WLS_RESPONSE T WHERE T.N_GRP_MSG_ID = :N_GRP_MSG_ID AND T.N_WEBSERVICE_ID IN (4, 5) AND T.V_TAG_NAME IN ('44A', '44E', '44F', '44B') GROUP BY T.N_WEBSERVICE_ID HAVING COUNT(DISTINCT T.V_TAG_NAME) = 4 AND COUNT(CASE WHEN UPPER(T.V_MATCHED_TYPE) = 'PORT' THEN 1 END) > 0 AND COUNT(CASE WHEN UPPER(T.V_MATCHED_TYPE) = 'ENTITY' THEN 1 END) = 0 AND COUNT(CASE WHEN UPPER(T.V_MATCHED_TYPE) = 'INDIVIDUAL' THEN 1 END) = 0 AND COUNT(CASE WHEN UPPER(T.V_MATCHED_TYPE) = 'VESSEL' THEN 1 END) = 0 AND COUNT(CASE WHEN UPPER(T.V_MATCHED_TYPE) = 'AIRCRAFT' THEN 1 END) = 0 ); | I53: High | J53: Manual | K53: Untested | L53: Untested | M53: Untested | O53: Nhóm tag quét giống nhau (Port, Narrative or Free Text Information - Port): 44A, 44E, 44F, 44B
A54: MT720 | B54: MT720.07 | C54: Sàng lọc giao dịch MT 720 - Narrative - All | E54: 1. Đẩy giao dịch vào API Post Message với trường thông tin 45A, 42M, 46A, 47A, 49G, 49H, 71D, 78K, 78D, 72Z có dữ liệu nằm trong các danh sách theo dõi <Link URL hệ thống AML ở môi trường SIT> Path: transaction-screening/v1/transaction-screening Method: POST Request Header: Authorization: Basic Auth (Username and password to login to application) Content-Type: text/plain Accept: */* Request Body: cột Test Datas 2. Kiểm tra thông tin Event của giao dịch theo đường dẫn Financial Services Analytical Applications Transactions Filtering > Financial services Sanctions Pack > Transaction Filtering Alert List Chọn Filter, nhập thông tin tìm kiếm theo AlertID, nhấn <Search> Click mã AlertID và kiểm tra các thông tin Hoặc kiểm tra các thông tin trong file kết quả truy vấn Database | F54: {1:F01SCBLSGSGAXXX0000000000} {2:I720MCOBVNVXXXXXN} {3:{108:MT720TEST0006}} {4: :27:1/1 :40B:IRREVOCABLE WITHOUT :20:TRF2607240006 :21:LC26001234567890 :31C:260415 :40E:UCP LATEST VERSION :31D:261231SINGAPORE :50N:MEKONG TRADING JOINT STOCK CO :50S:12 NGUYEN HUE STREET :50T:HO CHI MINH CITY :50R:VN :59N:SUNRISE IMPORT EXPORT PTE LTD :59S:18 MARINA BOULEVARD :59T:SINGAPORE :59R:SG :32B:USD50000, :41A:SCBLSGSG BY PAYMENT :42M:0099887766 :45A:EMBER SUMMIT :46A:0099887766 :47A:0099887766 :49G:0099887766 :49H:0099887766 :71D:0099887766 :49:WITHOUT :78K:0099887766 :78D:0099887766 :72Z:0099887766 -}{5:{MAC:00000000}{CHK:1A2B3C4D5E6F}} | G54: 2. Hệ thống trả kết quả: HIT với Webservice Narrative loại chủ thể Individual, Entity, Port, Vessel, Aircraft Câu query kiểm tra kết quả (KET_QUA = HIT): SELECT CASE WHEN COUNT(*) = 9 THEN 'HIT' ELSE 'NO HIT' END AS KET_QUA FROM ( SELECT T.V_TAG_NAME FROM FSI_RT_AL_WLS_RESPONSE T WHERE T.N_GRP_MSG_ID = :N_GRP_MSG_ID AND T.N_WEBSERVICE_ID = 4 AND T.V_TAG_NAME IN ('45A','42M', '46A', '47A', '49G', '49H', '71D', '78K', '78D', '72Z') GROUP BY T.V_TAG_NAME HAVING COUNT(CASE WHEN UPPER(T.V_MATCHED_TYPE) = 'ENTITY' THEN 1 END) > 0 AND COUNT(CASE WHEN UPPER(T.V_MATCHED_TYPE) = 'INDIVIDUAL' THEN 1 END) > 0 AND COUNT(CASE WHEN UPPER(T.V_MATCHED_TYPE) = 'VESSEL' THEN 1 END) > 0 AND COUNT(CASE WHEN UPPER(T.V_MATCHED_TYPE) = 'AIRCRAFT' THEN 1 END) > 0 AND COUNT(CASE WHEN UPPER(T.V_MATCHED_TYPE) = 'PORT' THEN 1 END) > 0 AND COUNT(CASE WHEN UPPER(T.V_MATCHED_TYPE) = 'STK' THEN 1 END) > 0 ); | I54: High | J54: Manual | K54: Untested | L54: Untested | M54: Untested | O54: Nhóm tag quét giống nhau (Narrative or Free Text Information - All): 42M, 46A, 47A, 49G, 49H, 71D, 78K, 78D, 72Z | P54: [Review] (1) Thiếu 42P (mapping MT720 tick Narrative) ở Test Step, Test Datas, Query, Notes; (2) Notes thiếu 45A; (3) Query IN list có 10 tag nhưng COUNT(*) = 9 (bổ sung 42P thì phải = 11); (4) Test data 45A = 'EMBER SUMMIT' khác chuẩn MT700.09 (0099887766).
A55: Sàng lọc giao dịch MT 740 | P55: [Review] MT740 không thiếu TC (MT740 không có trường 57B và Port). ID MT740.04 trùng ở 2 dòng (59, 60) → đánh lại .04 / .05, Country .06, Narrative .07.
A56: MT740 | B56: MT740.01 | C56: Sàng lọc giao dịch MT 740 - Identifier, Name and Address, Country and City - Entity | E56: 1. Đẩy giao dịch vào API Post Message với trường thông tin Basic Header Block, Application Header - Input, 58A, 41A, 42A có dữ liệu nằm trong các danh sách theo dõi <Link URL hệ thống AML ở môi trường SIT> Path: transaction-screening/v1/transaction-screening Method: POST Request Header: Authorization: Basic Auth (Username and password to login to application) Content-Type: text/plain Accept: */* Request Body: cột Test Datas 2. Kiểm tra thông tin Event của giao dịch theo đường dẫn Financial Services Analytical Applications Transactions Filtering > Financial services Sanctions Pack > Transaction Filtering Alert List Chọn Filter, nhập thông tin tìm kiếm theo AlertID, nhấn <Search> Click mã AlertID và kiểm tra các thông tin Hoặc kiểm tra các thông tin trong file kết quả truy vấn Database | F56: {1:F01BFICCUHHAXXX0000000000} {2:I740BFICCUHHXXXXN} {3:{108:MT740TEST0001}} {4: :20:ATR2607240001 :40F:URR LATEST VERSION :58A:BFICCUHH :32B:USD50000, :41A:BFICCUHH BY PAYMENT :42C:AT SIGHT :42A:BFICCUHH -}{5:{MAC:00000000}{CHK:1A2B3C4D5E6F}} | G56: 2. Hệ thống trả kết quả: HIT với Webservice Identifier, Name and Address, Country and City loại chủ thể Entity; đồng thời HIT danh sách Quốc gia Knock-out (quốc gia cấm vận) và không HIT với chủ thể Individual, Vessel, Aircraft Câu query kiểm tra kết quả (KET_QUA = HIT): SELECT CASE WHEN COUNT(*) = 3 THEN 'HIT' ELSE 'NO HIT' END AS KET_QUA FROM ( SELECT T.N_WEBSERVICE_ID FROM FSI_RT_AL_WLS_RESPONSE T WHERE T.N_GRP_MSG_ID = :N_GRP_MSG_ID AND T.N_WEBSERVICE_ID IN (1, 2, 3) AND T.V_TAG_NAME IN ('Basic Header Block', 'Application Header - Input', '58A', '41A', '42A') GROUP BY T.N_WEBSERVICE_ID HAVING COUNT(DISTINCT T.V_TAG_NAME) = 5 AND COUNT(CASE WHEN UPPER(NVL(T.V_MATCHED_TYPE,DECODE(T.V_MATCHED_LIST_NAME,'Blacklisted Country','ENTITY','N/A'))) = 'ENTITY' THEN 1 END) > 0 AND COUNT(CASE WHEN UPPER(T.V_MATCHED_TYPE) = 'INDIVIDUAL' THEN 1 END) = 0 AND COUNT(CASE WHEN UPPER(T.V_MATCHED_TYPE) = 'VESSEL' THEN 1 END) = 0 AND COUNT(CASE WHEN UPPER(T.V_MATCHED_TYPE) = 'AIRCRAFT' THEN 1 END) = 0 ); | I56: High | J56: Manual | K56: Untested | L56: Untested | M56: Untested | O56: Nhóm tag quét giống nhau (Identifier, Name and Address, Country and City - Entity): Basic Header Block, Application Header - Input, 58A, 41A, 42A
A57: MT740 | B57: MT740.02 | C57: Sàng lọc giao dịch MT 740 - Identifier, Name and Address, Country and City - Entity | E57: 1. Đẩy giao dịch vào API Post Message với trường thông tin Application Header - Output có dữ liệu nằm trong các danh sách theo dõi <Link URL hệ thống AML ở môi trường SIT> Path: transaction-screening/v1/transaction-screening Method: POST Request Header: Authorization: Basic Auth (Username and password to login to application) Content-Type: text/plain Accept: */* Request Body: cột Test Datas 2. Kiểm tra thông tin Event của giao dịch theo đường dẫn Financial Services Analytical Applications Transactions Filtering > Financial services Sanctions Pack > Transaction Filtering Alert List Chọn Filter, nhập thông tin tìm kiếm theo AlertID, nhấn <Search> Click mã AlertID và kiểm tra các thông tin Hoặc kiểm tra các thông tin trong file kết quả truy vấn Database | F57: {1:F01MCOBVNVXAXXX0000000000} {2:O7401201260724BFICCUHHAXXX00010000012607241201N} {3:{108:MT740TEST0006}} {4: :20:ATR2607240006 :40F:URR LATEST VERSION :58A:SCBLSGSG :32B:USD50000, :41A:SCBLSGSG BY PAYMENT :42C:AT SIGHT :42A:SCBLSGSG -}{5:{MAC:00000000}{CHK:1A2B3C4D5E6F}} | G57: 2. Hệ thống trả kết quả: HIT với Webservice Identifier, Name and Address, Country and City loại chủ thể Entity; đồng thời HIT danh sách Quốc gia Knock-out (quốc gia cấm vận) và không HIT với chủ thể Individual, Vessel, Aircraft Câu query kiểm tra kết quả (KET_QUA = HIT): SELECT CASE WHEN COUNT(*) = 3 THEN 'HIT' ELSE 'NO HIT' END AS KET_QUA FROM ( SELECT T.N_WEBSERVICE_ID FROM FSI_RT_AL_WLS_RESPONSE T WHERE T.N_GRP_MSG_ID = :N_GRP_MSG_ID AND T.N_WEBSERVICE_ID IN (1, 2, 3) AND T.V_TAG_NAME IN ('Application Header - Output') GROUP BY T.N_WEBSERVICE_ID HAVING COUNT(DISTINCT T.V_TAG_NAME) = 1 AND COUNT(CASE WHEN UPPER(NVL(T.V_MATCHED_TYPE,DECODE(T.V_MATCHED_LIST_NAME,'Blacklisted Country','ENTITY','N/A'))) = 'ENTITY' THEN 1 END) > 0 AND COUNT(CASE WHEN UPPER(T.V_MATCHED_TYPE) = 'INDIVIDUAL' THEN 1 END) = 0 AND COUNT(CASE WHEN UPPER(T.V_MATCHED_TYPE) = 'VESSEL' THEN 1 END) = 0 AND COUNT(CASE WHEN UPPER(T.V_MATCHED_TYPE) = 'AIRCRAFT' THEN 1 END) = 0 ); | I57: High | J57: Manual | K57: Untested | L57: Untested | M57: Untested | O57: Nhóm tag quét giống nhau (Identifier, Name and Address, Country and City - Entity): Application Header - Output
A58: MT740 | B58: MT740.03 | C58: Sàng lọc giao dịch MT 740 - Name and Address - Entity | E58: 1. Đẩy giao dịch vào API Post Message với trường thông tin 58D, 59N, 41D, 42D có dữ liệu nằm trong các danh sách theo dõi <Link URL hệ thống AML ở môi trường SIT> Path: transaction-screening/v1/transaction-screening Method: POST Request Header: Authorization: Basic Auth (Username and password to login to application) Content-Type: text/plain Accept: */* Request Body: cột Test Datas 2. Kiểm tra thông tin Event của giao dịch theo đường dẫn Financial Services Analytical Applications Transactions Filtering > Financial services Sanctions Pack > Transaction Filtering Alert List Chọn Filter, nhập thông tin tìm kiếm theo AlertID, nhấn <Search> Click mã AlertID và kiểm tra các thông tin Hoặc kiểm tra các thông tin trong file kết quả truy vấn Database | F58: {1:F01SCBLSGSGAXXX0000000000} {2:I740MCOBVNVXXXXXN} {3:{108:MT740TEST0002}} {4: :20:ATR2607240002 :40F:URR LATEST VERSION :58D:SUMMIT EMBER :59N:SUMMIT EMBER :59S:18 MARINA BOULEVARD :59T:SINGAPORE :59R:IR :32B:USD50000, :41D:SUMMIT EMBER BY PAYMENT :42C:AT SIGHT :42D:SUMMIT EMBER -}{5:{MAC:00000000}{CHK:1A2B3C4D5E6F}} | G58: 2. Hệ thống trả kết quả: HIT với Webservice Name and Address loại chủ thể Entity và không HIT với chủ thể Individual, Vessel, Aircraft Và tag 59N HIT với rule [E001C] Part-standardized name exact, country Câu query kiểm tra kết quả (KET_QUA = HIT): SELECT CASE WHEN COUNT(*) = 4 THEN 'HIT' ELSE 'NO HIT' END AS KET_QUA FROM ( SELECT T.V_TAG_NAME FROM FSI_RT_AL_WLS_RESPONSE T WHERE T.N_GRP_MSG_ID = :N_GRP_MSG_ID AND T.N_WEBSERVICE_ID = 1 AND T.V_TAG_NAME IN ('58D', '59N', '41D', '42D') GROUP BY T.V_TAG_NAME HAVING COUNT(CASE WHEN UPPER(T.V_MATCHED_TYPE) = 'ENTITY' THEN 1 END) > 0 AND COUNT(CASE WHEN UPPER(T.V_MATCHED_TYPE) = 'INDIVIDUAL' THEN 1 END) = 0 AND COUNT(CASE WHEN UPPER(T.V_MATCHED_TYPE) = 'VESSEL' THEN 1 END) = 0 AND COUNT(CASE WHEN UPPER(T.V_MATCHED_TYPE) = 'AIRCRAFT' THEN 1 END) = 0 AND COUNT(CASEWHEN T.V_TAG_NAME = '59N(Sequence A)' AND UPPER(TRIM(T.V_RULE_NAME)) LIKE '%E001C%' THEN END ) > 0 ); | I58: High | J58: Manual | K58: Untested | L58: Untested | M58: Untested | O58: Nhóm tag quét giống nhau (Name and Address - Entity): 58D, 59N, 41D, 42D | P58: [Review] Query: IN list ghi '59N' nhưng điều kiện E001C ghi '59N(Sequence A)' → lệch (MT700.03 dùng tên có Sequence ở cả 2 chỗ); lỗi cú pháp CASEWHEN / THEN END (kế thừa MT700.03).
A59: MT740 | B59: MT740.04 | C59: Sàng lọc giao dịch MT 740 - Identifier - Entity | E59: 1. Đẩy giao dịch vào API Post Message với trường thông tin 58A, 42A có dữ liệu nằm trong các danh sách theo dõi <Link URL hệ thống AML ở môi trường SIT> Path: transaction-screening/v1/transaction-screening Method: POST Request Header: Authorization: Basic Auth (Username and password to login to application) Content-Type: text/plain Accept: */* Request Body: cột Test Datas 2. Kiểm tra thông tin Event của giao dịch theo đường dẫn Financial Services Analytical Applications Transactions Filtering > Financial services Sanctions Pack > Transaction Filtering Alert List Chọn Filter, nhập thông tin tìm kiếm theo AlertID, nhấn <Search> Click mã AlertID và kiểm tra các thông tin Hoặc kiểm tra các thông tin trong file kết quả truy vấn Database | F59: {1:F01SCBLSGSGAXXX0000000000} {2:I740MCOBVNVXXXXXN} {3:{108:MT740TEST0003}} {4: :20:ATR2607240003 :40F:URR LATEST VERSION :58A:/BFICCUHH SCBLSGSG :32B:USD50000, :41A:SCBLSGSG BY PAYMENT :42C:AT SIGHT :42A:/BFICCUHH SCBLSGSG -}{5:{MAC:00000000}{CHK:1A2B3C4D5E6F}} | G59: 2. Hệ thống trả kết quả: HIT với Webservice Identifier loại chủ thể Entity và không HIT với chủ thể Individual, Vessel, Aircraft, Port Câu query kiểm tra kết quả (KET_QUA = HIT): SELECT CASE WHEN COUNT(*) = 2 THEN 'HIT' ELSE 'NO HIT' END AS KET_QUA FROM ( SELECT T.V_TAG_NAME FROM FSI_RT_AL_WLS_RESPONSE T WHERE T.N_GRP_MSG_ID = :N_GRP_MSG_ID AND T.N_WEBSERVICE_ID = 2 AND T.V_TAG_NAME IN ('58A', '42A') GROUP BY T.V_TAG_NAME HAVING COUNT(CASE WHEN UPPER(T.V_MATCHED_TYPE) = 'ENTITY' THEN 1 END) > 0 AND COUNT(CASE WHEN UPPER(T.V_MATCHED_TYPE) = 'INDIVIDUAL' THEN 1 END) = 0 AND COUNT(CASE WHEN UPPER(T.V_MATCHED_TYPE) = 'VESSEL' THEN 1 END) = 0 AND COUNT(CASE WHEN UPPER(T.V_MATCHED_TYPE) = 'AIRCRAFT' THEN 1 END) = 0 AND COUNT(CASE WHEN UPPER(T.V_MATCHED_TYPE) = 'PORT' THEN 1 END) = 0 ); | I59: High | J59: Manual | K59: Untested | L59: Untested | M59: Untested | O59: Nhóm tag quét giống nhau (Identifier - Entity): 58A, 42A
A60: MT740 | B60: MT740.04 | C60: Sàng lọc giao dịch MT 740 - Identifier - Entity | E60: 1. Đẩy giao dịch vào API Post Message với trường thông tin 58D, 42D có dữ liệu nằm trong các danh sách theo dõi <Link URL hệ thống AML ở môi trường SIT> Path: transaction-screening/v1/transaction-screening Method: POST Request Header: Authorization: Basic Auth (Username and password to login to application) Content-Type: text/plain Accept: */* Request Body: cột Test Datas 2. Kiểm tra thông tin Event của giao dịch theo đường dẫn Financial Services Analytical Applications Transactions Filtering > Financial services Sanctions Pack > Transaction Filtering Alert List Chọn Filter, nhập thông tin tìm kiếm theo AlertID, nhấn <Search> Click mã AlertID và kiểm tra các thông tin Hoặc kiểm tra các thông tin trong file kết quả truy vấn Database | F60: {1:F01SCBLSGSGAXXX0000000000} {2:I740MCOBVNVXXXXXN} {3:{108:MT740TEST0003}} {4: :20:ATR2607240003 :40F:URR LATEST VERSION :58D:/BFICCUHH SCBLSGSG :32B:USD50000, :41A:SCBLSGSG BY PAYMENT :42C:AT SIGHT :42D:/BFICCUHH SCBLSGSG -}{5:{MAC:00000000}{CHK:1A2B3C4D5E6F}} | G60: 2. Hệ thống trả kết quả: HIT với Webservice Identifier loại chủ thể Entity và không HIT với chủ thể Individual, Vessel, Aircraft, Port Câu query kiểm tra kết quả (KET_QUA = HIT): SELECT CASE WHEN COUNT(*) = 2 THEN 'HIT' ELSE 'NO HIT' END AS KET_QUA FROM ( SELECT T.V_TAG_NAME FROM FSI_RT_AL_WLS_RESPONSE T WHERE T.N_GRP_MSG_ID = :N_GRP_MSG_ID AND T.N_WEBSERVICE_ID = 2 AND T.V_TAG_NAME IN ('58D', '42D') GROUP BY T.V_TAG_NAME HAVING COUNT(CASE WHEN UPPER(T.V_MATCHED_TYPE) = 'ENTITY' THEN 1 END) > 0 AND COUNT(CASE WHEN UPPER(T.V_MATCHED_TYPE) = 'INDIVIDUAL' THEN 1 END) = 0 AND COUNT(CASE WHEN UPPER(T.V_MATCHED_TYPE) = 'VESSEL' THEN 1 END) = 0 AND COUNT(CASE WHEN UPPER(T.V_MATCHED_TYPE) = 'AIRCRAFT' THEN 1 END) = 0 AND COUNT(CASE WHEN UPPER(T.V_MATCHED_TYPE) = 'PORT' THEN 1 END) = 0 ); | I60: High | J60: Manual | K60: Untested | L60: Untested | M60: Untested | O60: Nhóm tag quét giống nhau (Identifier - Entity): 58A, 42A | P60: [Review] ID trùng MT740.04 (theo MT700 là MT740.05); Notes vẫn ghi 58A, 42A → phải là 58D, 42D.
A61: MT740 | B61: MT740.05 | C61: Sàng lọc giao dịch MT 740 - Country and City | E61: 1. Đẩy giao dịch vào API Post Message với trường thông tin 59R có dữ liệu nằm trong các danh sách theo dõi <Link URL hệ thống AML ở môi trường SIT> Path: transaction-screening/v1/transaction-screening Method: POST Request Header: Authorization: Basic Auth (Username and password to login to application) Content-Type: text/plain Accept: */* Request Body: cột Test Datas 2. Kiểm tra thông tin Event của giao dịch theo đường dẫn Financial Services Analytical Applications Transactions Filtering > Financial services Sanctions Pack > Transaction Filtering Alert List Chọn Filter, nhập thông tin tìm kiếm theo AlertID, nhấn <Search> Click mã AlertID và kiểm tra các thông tin Hoặc kiểm tra các thông tin trong file kết quả truy vấn Database | F61: {1:F01SCBLSGSGAXXX0000000000} {2:I740MCOBVNVXXXXXN} {3:{108:MT740TEST0004}} {4: :20:ATR2607240004 :40F:URR LATEST VERSION :59N:SUNRISE IMPORT EXPORT PTE LTD :59S:18 MARINA BOULEVARD :59T:SINGAPORE :59R:IR :32B:USD50000, :41A:SCBLSGSG BY PAYMENT -}{5:{MAC:00000000}{CHK:1A2B3C4D5E6F}} | G61: 2. Hệ thống trả kết quả: HIT với Webservice Country and City Câu query kiểm tra kết quả (KET_QUA = HIT): SELECT CASE WHEN COUNT(*) = 1 THEN 'HIT' ELSE 'NO HIT' END AS KET_QUA FROM ( SELECT T.V_TAG_NAME FROM FSI_RT_AL_WLS_RESPONSE T WHERE T.N_GRP_MSG_ID = :N_GRP_MSG_ID AND T.N_WEBSERVICE_ID = 3 AND T.V_TAG_NAME = '59R' GROUP BY T.V_TAG_NAME HAVING COUNT(CASE WHEN T.V_MATCHED_LIST_NAME = 'Blacklisted Country' THEN 1 END) > 0 ); | I61: High | J61: Manual | K61: Untested | L61: Untested | M61: Untested | O61: Nhóm tag quét giống nhau (Country and city - Danh sách Quốc gia Knock-out): 59R
A62: MT740 | B62: MT740.06 | C62: Sàng lọc giao dịch MT 740 - Narrative - All | E62: 1. Đẩy giao dịch vào API Post Message với trường thông tin 42M, 71D, 72Z có dữ liệu nằm trong các danh sách theo dõi <Link URL hệ thống AML ở môi trường SIT> Path: transaction-screening/v1/transaction-screening Method: POST Request Header: Authorization: Basic Auth (Username and password to login to application) Content-Type: text/plain Accept: */* Request Body: cột Test Datas 2. Kiểm tra thông tin Event của giao dịch theo đường dẫn Financial Services Analytical Applications Transactions Filtering > Financial services Sanctions Pack > Transaction Filtering Alert List Chọn Filter, nhập thông tin tìm kiếm theo AlertID, nhấn <Search> Click mã AlertID và kiểm tra các thông tin Hoặc kiểm tra các thông tin trong file kết quả truy vấn Database | F62: {1:F01SCBLSGSGAXXX0000000000} {2:I740MCOBVNVXXXXXN} {3:{108:MT740TEST0005}} {4: :20:ATR2607240005 :40F:URR LATEST VERSION :32B:USD50000, :41A:SCBLSGSG BY PAYMENT :42M:0099887766 :71D:0099887766 :72Z:0099887766 -}{5:{MAC:00000000}{CHK:1A2B3C4D5E6F}} | G62: 2. Hệ thống trả kết quả: HIT với Webservice Narrative loại chủ thể Individual, Entity, Port, Vessel, Aircraft Câu query kiểm tra kết quả (KET_QUA = HIT): SELECT CASE WHEN COUNT(*) = 3 THEN 'HIT' ELSE 'NO HIT' END AS KET_QUA FROM ( SELECT T.V_TAG_NAME FROM FSI_RT_AL_WLS_RESPONSE T WHERE T.N_GRP_MSG_ID = :N_GRP_MSG_ID AND T.N_WEBSERVICE_ID = 4 AND T.V_TAG_NAME IN ('42M', '71D', '72Z') GROUP BY T.V_TAG_NAME HAVING COUNT(CASE WHEN UPPER(T.V_MATCHED_TYPE) = 'ENTITY' THEN 1 END) > 0 AND COUNT(CASE WHEN UPPER(T.V_MATCHED_TYPE) = 'INDIVIDUAL' THEN 1 END) > 0 AND COUNT(CASE WHEN UPPER(T.V_MATCHED_TYPE) = 'VESSEL' THEN 1 END) > 0 AND COUNT(CASE WHEN UPPER(T.V_MATCHED_TYPE) = 'AIRCRAFT' THEN 1 END) > 0 AND COUNT(CASE WHEN UPPER(T.V_MATCHED_TYPE) = 'PORT' THEN 1 END) > 0 AND COUNT(CASE WHEN UPPER(T.V_MATCHED_TYPE) = 'STK' THEN 1 END) > 0 ); | I62: High | J62: Manual | K62: Untested | L62: Untested | M62: Untested | O62: Nhóm tag quét giống nhau (Narrative or Free Text Information - All): 42M, 71D, 72Z | P62: [Review] Thiếu 42P (mapping MT740 tick Narrative) ở Test Step, Test Datas, Query (COUNT phải = 4) và Notes.
A63: Sàng lọc giao dịch MT 760 | P63: [Review] MT760 không thiếu TC (MT760 không có trường 57B và Port; có thêm TC 24G Individual, Entity). ID MT760.05 trùng ở 2 dòng (68, 69) → cần đánh lại ID các TC từ dòng 69.
A64: MT760 | B64: MT760.01 | C64: Sàng lọc giao dịch MT 760 - Identifier, Name and Address, Country and City - Entity | E64: 1. Đẩy giao dịch vào API Post Message với trường thông tin Basic Header Block, Application Header - Input, 52A(Sequence B), 59E(Sequence B), 56A(Sequence B), 57A(Sequence B), 41F(Sequence B), 58A(Sequence B), 52A(Sequence C), 57A(Sequence C), 41F(Sequence C) có dữ liệu nằm trong các danh sách theo dõi <Link URL hệ thống AML ở môi trường SIT> Path: transaction-screening/v1/transaction-screening Method: POST Request Header: Authorization: Basic Auth (Username and password to login to application) Content-Type: text/plain Accept: */* Request Body: cột Test Datas 2. Kiểm tra thông tin Event của giao dịch theo đường dẫn Financial Services Analytical Applications Transactions Filtering > Financial services Sanctions Pack > Transaction Filtering Alert List Chọn Filter, nhập thông tin tìm kiếm theo AlertID, nhấn <Search> Click mã AlertID và kiểm tra các thông tin Hoặc kiểm tra các thông tin trong file kết quả truy vấn Database | F64: {1:F01BFICCUHHAXXX0000000000} {2:I760BFICCUHHXXXXN} {3:{108:MT760TEST0001}} {4: :15A: :27:1/1 :22A:ISCO :15B: :20:GTE2607240001 :30:260415 :22D:DGAR :40C:URDG :23B:FIXD :52A:BFICCUHH :59E:BFICCUHH :56A:BFICCUHH :57A:BFICCUHH :32B:USD50000, :41F:BFICCUHH BY PAYMENT :77U:GUARANTEE TERMS AND CONDITIONS AS PER STANDARD FORM :58A:BFICCUHH :15C: :22D:DGAR :40C:URDG :23B:FIXD :52A:BFICCUHH :32B:USD50000, :57A:BFICCUHH :41F:BFICCUHH BY PAYMENT :45L:UNDERLYING TRADE CONTRACT NO 2026-001 -}{5:{MAC:00000000}{CHK:1A2B3C4D5E6F}} | G64: 2. Hệ thống trả kết quả: HIT với Webservice Identifier, Name and Address, Country and City loại chủ thể Entity; đồng thời HIT danh sách Quốc gia Knock-out (quốc gia cấm vận) và không HIT với chủ thể Individual, Vessel, Aircraft Câu query kiểm tra kết quả (KET_QUA = HIT): SELECT CASE WHEN COUNT(*) = 3 THEN 'HIT' ELSE 'NO HIT' END AS KET_QUA FROM ( SELECT T.N_WEBSERVICE_ID FROM FSI_RT_AL_WLS_RESPONSE T WHERE T.N_GRP_MSG_ID = :N_GRP_MSG_ID AND T.N_WEBSERVICE_ID IN (1, 2, 3) AND T.V_TAG_NAME IN ('Basic Header Block', 'Application Header - Input', '52A(Sequence B) GROUP BY T.N_WEBSERVICE_ID HAVING COUNT(DISTINCT T.V_TAG_NAME) = 2 AND COUNT(CASE WHEN UPPER(NVL(T.V_MATCHED_TYPE,DECODE(T.V_MATCHED_LIST_NAME,'Blacklisted Country','ENTITY','N/A'))) = 'ENTITY' THEN 1 END) > 0 AND COUNT(CASE WHEN UPPER(T.V_MATCHED_TYPE) = 'INDIVIDUAL' THEN 1 END) = 0 AND COUNT(CASE WHEN UPPER(T.V_MATCHED_TYPE) = 'VESSEL' THEN 1 END) = 0 AND COUNT(CASE WHEN UPPER(T.V_MATCHED_TYPE) = 'AIRCRAFT' THEN 1 END) = 0 ); | I64: High | J64: Manual | K64: Untested | L64: Untested | M64: Untested | O64: Nhóm tag quét giống nhau (Identifier, Name and Address, Country and City - Entity): Basic Header Block, Application Header - Input, 52A(Sequence B), 59E(Sequence B), 56A(Sequence B), 57A(Sequence B), 41F(Sequence B), 58A(Sequence B), 52A(Sequence C), 57A(Sequence C), 41F(Sequence C) | P64: [Review] Query bị cắt: IN list chỉ còn 'Basic Header Block', 'Application Header - Input', '52A(Sequence B) (thiếu nháy đóng và 8 tag còn lại); COUNT(DISTINCT) = 2 → phải = 11.
A65: MT760 | B65: MT760.02 | C65: Sàng lọc giao dịch MT 760 - Identifier, Name and Address, Country and City - Entity | E65: 1. Đẩy giao dịch vào API Post Message với trường thông tin Application Header - Output có dữ liệu nằm trong các danh sách theo dõi <Link URL hệ thống AML ở môi trường SIT> Path: transaction-screening/v1/transaction-screening Method: POST Request Header: Authorization: Basic Auth (Username and password to login to application) Content-Type: text/plain Accept: */* Request Body: cột Test Datas 2. Kiểm tra thông tin Event của giao dịch theo đường dẫn Financial Services Analytical Applications Transactions Filtering > Financial services Sanctions Pack > Transaction Filtering Alert List Chọn Filter, nhập thông tin tìm kiếm theo AlertID, nhấn <Search> Click mã AlertID và kiểm tra các thông tin Hoặc kiểm tra các thông tin trong file kết quả truy vấn Database | F65: {1:F01MCOBVNVXAXXX0000000000} {2:O7601201260724BFICCUHHAXXX00010000012607241201N} {3:{108:MT760TEST0007}} {4: :15A: :27:1/1 :22A:ISCO :15B: :20:GTE2607240007 :30:260415 :22D:DGAR :40C:URDG :23B:FIXD :52A:SCBLSGSG :59E:SCBLSGSG :56A:SCBLSGSG :57A:SCBLSGSG :32B:USD50000, :41F:SCBLSGSG BY PAYMENT :77U:GUARANTEE TERMS AND CONDITIONS AS PER STANDARD FORM :58A:SCBLSGSG :15C: :22D:DGAR :40C:URDG :23B:FIXD :52A:SCBLSGSG :32B:USD50000, :57A:SCBLSGSG :41F:SCBLSGSG BY PAYMENT :45L:UNDERLYING TRADE CONTRACT NO 2026-001 -}{5:{MAC:00000000}{CHK:1A2B3C4D5E6F}} | G65: 2. Hệ thống trả kết quả: HIT với Webservice Identifier, Name and Address, Country and City loại chủ thể Entity; đồng thời HIT danh sách Quốc gia Knock-out (quốc gia cấm vận) và không HIT với chủ thể Individual, Vessel, Aircraft Câu query kiểm tra kết quả (KET_QUA = HIT): SELECT CASE WHEN COUNT(*) = 3 THEN 'HIT' ELSE 'NO HIT' END AS KET_QUA FROM ( SELECT T.N_WEBSERVICE_ID FROM FSI_RT_AL_WLS_RESPONSE T WHERE T.N_GRP_MSG_ID = :N_GRP_MSG_ID AND T.N_WEBSERVICE_ID IN (1, 2, 3) AND T.V_TAG_NAME IN ('Application Header - Output') GROUP BY T.N_WEBSERVICE_ID HAVING COUNT(DISTINCT T.V_TAG_NAME) = 1 AND COUNT(CASE WHEN UPPER(NVL(T.V_MATCHED_TYPE,DECODE(T.V_MATCHED_LIST_NAME,'Blacklisted Country','ENTITY','N/A'))) = 'ENTITY' THEN 1 END) > 0 AND COUNT(CASE WHEN UPPER(T.V_MATCHED_TYPE) = 'INDIVIDUAL' THEN 1 END) = 0 AND COUNT(CASE WHEN UPPER(T.V_MATCHED_TYPE) = 'VESSEL' THEN 1 END) = 0 AND COUNT(CASE WHEN UPPER(T.V_MATCHED_TYPE) = 'AIRCRAFT' THEN 1 END) = 0 ); | I65: High | J65: Manual | K65: Untested | L65: Untested | M65: Untested | O65: Nhóm tag quét giống nhau (Identifier, Name and Address, Country and City - Entity): Application Header - Output
A66: MT760 | B66: MT760.03 | C66: Sàng lọc giao dịch MT 760 - Name and Address - Entity | E66: 1. Đẩy giao dịch vào API Post Message với trường thông tin 50N(Sequence B), 51N(Sequence B), 52D(Sequence B), 59N(Sequence B), 56D(Sequence B), 57D(Sequence B), 41G(Sequence B), 58D(Sequence B), 50N(Sequence C), 51N(Sequence C), 52D(Sequence C), 59N(Sequence C), 57D(Sequence C), 41G(Sequence C) có dữ liệu nằm trong các danh sách theo dõi <Link URL hệ thống AML ở môi trường SIT> Path: transaction-screening/v1/transaction-screening Method: POST Request Header: Authorization: Basic Auth (Username and password to login to application) Content-Type: text/plain Accept: */* Request Body: cột Test Datas 2. Kiểm tra thông tin Event của giao dịch theo đường dẫn Financial Services Analytical Applications Transactions Filtering > Financial services Sanctions Pack > Transaction Filtering Alert List Chọn Filter, nhập thông tin tìm kiếm theo AlertID, nhấn <Search> Click mã AlertID và kiểm tra các thông tin Hoặc kiểm tra các thông tin trong file kết quả truy vấn Database | F66: {1:F01SCBLSGSGAXXX0000000000} {2:I760MCOBVNVXXXXXN} {3:{108:MT760TEST0002}} {4: :15A: :27:1/1 :22A:ISCO :15B: :20:GTE2607240002 :30:260415 :22D:DGAR :40C:URDG :23B:FIXD :50N:SUMMIT EMBER :50S:12 NGUYEN HUE STREET :50T:HO CHI MINH CITY :50R:IR :51N:SUMMIT EMBER :51S:25 LE LOI STREET :51T:HANOI :51R:IR :52D:SUMMIT EMBER :59N:SUMMIT EMBER :59S:18 MARINA BOULEVARD :59T:SINGAPORE :59R:IR :56D:SUMMIT EMBER :57D:SUMMIT EMBER :32B:USD50000, :41G:SUMMIT EMBER BY PAYMENT :77U:GUARANTEE TERMS AND CONDITIONS AS PER STANDARD FORM :58D:SUMMIT EMBER :15C: :22D:DGAR :40C:URDG :23B:FIXD :50N:SUMMIT EMBER :50S:12 NGUYEN HUE STREET :50T:HO CHI MINH CITY :50R:IR :51N:SUMMIT EMBER :51S:25 LE LOI STREET :51T:HANOI :51R:IR :52D:SUMMIT EMBER :59N:SUMMIT EMBER :59S:18 MARINA BOULEVARD :59T:SINGAPORE :59R:IR :32B:USD50000, :57D:SUMMIT EMBER :41G:SUMMIT EMBER BY PAYMENT :45L:UNDERLYING TRADE CONTRACT NO 2026-001 -}{5:{MAC:00000000}{CHK:1A2B3C4D5E6F}} | G66: 2. Hệ thống trả kết quả: HIT với Webservice Name and Address loại chủ thể Entity và không HIT với chủ thể Individual, Vessel, Aircraft Câu query kiểm tra kết quả (KET_QUA = HIT): SELECT CASE WHEN COUNT(*) = 0 THEN 'HIT' ELSE 'NO HIT' END AS KET_QUA FROM ( SELECT T.V_TAG_NAME FROM FSI_RT_AL_WLS_RESPONSE T WHERE T.N_GRP_MSG_ID = :N_GRP_MSG_ID AND T.N_WEBSERVICE_ID = 1 AND T.V_TAG_NAME IN ('50N(Sequence B) GROUP BY T.V_TAG_NAME HAVING COUNT(CASE WHEN UPPER(T.V_MATCHED_TYPE) = 'ENTITY' THEN 1 END) > 0 AND COUNT(CASE WHEN UPPER(T.V_MATCHED_TYPE) = 'INDIVIDUAL' THEN 1 END) = 0 AND COUNT(CASE WHEN UPPER(T.V_MATCHED_TYPE) = 'VESSEL' THEN 1 END) = 0 AND COUNT(CASE WHEN UPPER(T.V_MATCHED_TYPE) = 'AIRCRAFT' THEN 1 END) = 0 AND COUNT(CASEWHEN T.V_TAG_NAME = '50N(Sequence B)' AND UPPER(TRIM(T.V_RULE_NAME)) LIKE '%E001C%' THEN END ) > 0 AND COUNT( CASE WHEN T.V_TAG_NAME = '51N(Sequence B)' AND UPPER(TRIM(T.V_RULE_NAME)) LIKE '%E001C%' THEN 1 END) > 0 ) AND COUNT(CASEWHEN T.V_TAG_NAME = '59N(Sequence B)' AND UPPER(TRIM(T.V_RULE_NAME)) LIKE '%E001C%' THEN END ) > 0 AND COUNT( CASE WHEN T.V_TAG_NAME = '50N(Sequence C)' AND UPPER(TRIM(T.V_RULE_NAME)) LIKE '%E001C%' THEN 1 END) > 0 ) AND COUNT(CASEWHEN T.V_TAG_NAME = '59N(Sequence C)' AND UPPER(TRIM(T.V_RULE_NAME)) LIKE '%E001C%' THEN END ) > 0 AND COUNT( CASE WHEN T.V_TAG_NAME = '51N(Sequence C)' AND UPPER(TRIM(T.V_RULE_NAME)) LIKE '%E001C%' THEN 1 END) > 0 ) ); | I66: High | J66: Manual | K66: Untested | L66: Untested | M66: Untested | O66: Nhóm tag quét giống nhau (Name and Address - Entity): 50N(Sequence B), 51N(Sequence B), 52D(Sequence B), 59N(Sequence B), 56D(Sequence B), 57D(Sequence B), 41G(Sequence B), 58D(Sequence B), 50N(Sequence C), 51N(Sequence C), 52D(Sequence C), 59N(Sequence C), 57D(Sequence C), 41G(Sequence C) | P66: [Review] (1) Expected result thiếu dòng 'Và tag 50N, 51N, 59N (Sequence B, C) HIT với rule [E001C]...' như MT700.03; (2) Query bị cắt: IN list chỉ còn '50N(Sequence B) (thiếu nháy đóng + 13 tag), COUNT(*) = 0 → phải = 14; thừa dấu ')' sau các điều kiện 51N(Sequence B), 50N(Sequence C), 51N(Sequence C); lỗi CASEWHEN / THEN END.
A67: MT760 | B67: MT760.04 | C67: Sàng lọc giao dịch MT 760 - Name and Address - Individual, Entity | E67: 1. Đẩy giao dịch vào API Post Message với trường thông tin 24G(Sequence B), 24G(Sequence C) có dữ liệu nằm trong các danh sách theo dõi <Link URL hệ thống AML ở môi trường SIT> Path: transaction-screening/v1/transaction-screening Method: POST Request Header: Authorization: Basic Auth (Username and password to login to application) Content-Type: text/plain Accept: */* Request Body: cột Test Datas 2. Kiểm tra thông tin Event của giao dịch theo đường dẫn Financial Services Analytical Applications Transactions Filtering > Financial services Sanctions Pack > Transaction Filtering Alert List Chọn Filter, nhập thông tin tìm kiếm theo AlertID, nhấn <Search> Click mã AlertID và kiểm tra các thông tin Hoặc kiểm tra các thông tin trong file kết quả truy vấn Database | F67: {1:F01SCBLSGSGAXXX0000000000} {2:I760MCOBVNVXXXXXN} {3:{108:MT760TEST0003}} {4: :15A: :27:1/1 :22A:ISCO :15B: :20:GTE2607240003 :30:260415 :22D:DGAR :40C:URDG :23B:FIXD :52A:SCBLSGSG :32B:USD50000, :77U:GUARANTEE TERMS AND CONDITIONS AS PER STANDARD FORM :24G:OTHR SUMMIT EMBER :15C: :22D:DGAR :40C:URDG :23B:FIXD :32B:USD50000, :45L:UNDERLYING TRADE CONTRACT NO 2026-001 :24G:OTHR SUMMIT EMBER -}{5:{MAC:00000000}{CHK:1A2B3C4D5E6F}} | G67: 2. Hệ thống trả kết quả: HIT với Webservice Name and Address loại chủ thể Individual, Entity và không HIT với chủ thể Vessel, Aircraft, Port Câu query kiểm tra kết quả (KET_QUA = HIT): SELECT CASE WHEN COUNT(*) = 1 THEN 'HIT' ELSE 'NO HIT' END AS KET_QUA FROM ( SELECT T.V_TAG_NAME FROM FSI_RT_AL_WLS_RESPONSE T WHERE T.N_GRP_MSG_ID = :N_GRP_MSG_ID AND T.N_WEBSERVICE_ID = 1 AND T.V_TAG_NAME IN ('24G(Sequence B) GROUP BY T.V_TAG_NAME HAVING COUNT(CASE WHEN UPPER(T.V_MATCHED_TYPE) = 'ENTITY' THEN 1 END) > 0 AND COUNT(CASE WHEN UPPER(T.V_MATCHED_TYPE) = 'INDIVIDUAL' THEN 1 END) > 0 AND COUNT(CASE WHEN UPPER(T.V_MATCHED_TYPE) = 'VESSEL' THEN 1 END) = 0 AND COUNT(CASE WHEN UPPER(T.V_MATCHED_TYPE) = 'AIRCRAFT' THEN 1 END) = 0 ); | I67: High | J67: Manual | K67: Untested | L67: Untested | M67: Untested | O67: Nhóm tag quét giống nhau (Name and Address - Individual, Entity): 24G(Sequence B), 24G(Sequence C) | P67: [Review] Query bị cắt: IN list chỉ còn '24G(Sequence B) (thiếu nháy đóng + 24G(Sequence C)); COUNT(*) = 1 → phải = 2; Expected ghi không HIT Port nhưng query không kiểm tra PORT.
A68: MT760 | B68: MT760.05 | C68: Sàng lọc giao dịch MT 760 - Identifier - Entity | E68: 1. Đẩy giao dịch vào API Post Message với trường thông tin 52A(Sequence B), 56A(Sequence B), 57A(Sequence B), 58A(Sequence B), 52A(Sequence C), 57A(Sequence C) có dữ liệu nằm trong các danh sách theo dõi <Link URL hệ thống AML ở môi trường SIT> Path: transaction-screening/v1/transaction-screening Method: POST Request Header: Authorization: Basic Auth (Username and password to login to application) Content-Type: text/plain Accept: */* Request Body: cột Test Datas 2. Kiểm tra thông tin Event của giao dịch theo đường dẫn Financial Services Analytical Applications Transactions Filtering > Financial services Sanctions Pack > Transaction Filtering Alert List Chọn Filter, nhập thông tin tìm kiếm theo AlertID, nhấn <Search> Click mã AlertID và kiểm tra các thông tin Hoặc kiểm tra các thông tin trong file kết quả truy vấn Database | F68: {1:F01SCBLSGSGAXXX0000000000} {2:I760MCOBVNVXXXXXN} {3:{108:MT760TEST0004}} {4: :15A: :27:1/1 :22A:ISCO :15B: :20:GTE2607240004 :30:260415 :22D:DGAR :40C:URDG :23B:FIXD :52A:/BFICCUHH SCBLSGSG :56A:/BFICCUHH SCBLSGSG :57A:/BFICCUHH SCBLSGSG :32B:USD50000, :77U:GUARANTEE TERMS AND CONDITIONS AS PER STANDARD FORM :58A:/BFICCUHH SCBLSGSG :15C: :22D:DGAR :40C:URDG :23B:FIXD :52A:/BFICCUHH SCBLSGSG :32B:USD50000, :57A:/BFICCUHH SCBLSGSG :45L:UNDERLYING TRADE CONTRACT NO 2026-001 -}{5:{MAC:00000000}{CHK:1A2B3C4D5E6F}} | G68: 2. Hệ thống trả kết quả: HIT với Webservice Identifier loại chủ thể Entity và không HIT với chủ thể Individual, Vessel, Aircraft, Port Câu query kiểm tra kết quả (KET_QUA = HIT): SELECT CASE WHEN COUNT(*) = 6 THEN 'HIT' ELSE 'NO HIT' END AS KET_QUA FROM ( SELECT T.V_TAG_NAME FROM FSI_RT_AL_WLS_RESPONSE T WHERE T.N_GRP_MSG_ID = :N_GRP_MSG_ID AND T.N_WEBSERVICE_ID = 2 AND T.V_TAG_NAME IN ( '52A(Sequence B)', '56A(Sequence B)', '57A(Sequence B)', '58A(Sequence B)', '52A(Sequence C)', '57A(Sequence C)') GROUP BY T.V_TAG_NAME HAVING COUNT(CASE WHEN UPPER(T.V_MATCHED_TYPE) = 'ENTITY' THEN 1 END) > 0 AND COUNT(CASE WHEN UPPER(T.V_MATCHED_TYPE) = 'INDIVIDUAL' THEN 1 END) = 0 AND COUNT(CASE WHEN UPPER(T.V_MATCHED_TYPE) = 'VESSEL' THEN 1 END) = 0 AND COUNT(CASE WHEN UPPER(T.V_MATCHED_TYPE) = 'AIRCRAFT' THEN 1 END) = 0 AND COUNT(CASE WHEN UPPER(T.V_MATCHED_TYPE) = 'PORT' THEN 1 END) = 0 );x` | I68: High | J68: Manual | K68: Untested | L68: Untested | M68: Untested | O68: Nhóm tag quét giống nhau (Identifier - Entity): 52A(Sequence B), 56A(Sequence B), 57A(Sequence B), 58A(Sequence B), 52A(Sequence C), 57A(Sequence C) | P68: [Review] Query có ký tự thừa 'x`' sau dấu ';' cuối câu.
A69: MT760 | B69: MT760.05 | C69: Sàng lọc giao dịch MT 760 - Identifier - Entity | E69: 1. Đẩy giao dịch vào API Post Message với trường thông tin 52D(Sequence B), 56D(Sequence B), 57D(Sequence B), 58D(Sequence B), 52D(Sequence C), 57D(Sequence C) có dữ liệu nằm trong các danh sách theo dõi <Link URL hệ thống AML ở môi trường SIT> Path: transaction-screening/v1/transaction-screening Method: POST Request Header: Authorization: Basic Auth (Username and password to login to application) Content-Type: text/plain Accept: */* Request Body: cột Test Datas 2. Kiểm tra thông tin Event của giao dịch theo đường dẫn Financial Services Analytical Applications Transactions Filtering > Financial services Sanctions Pack > Transaction Filtering Alert List Chọn Filter, nhập thông tin tìm kiếm theo AlertID, nhấn <Search> Click mã AlertID và kiểm tra các thông tin Hoặc kiểm tra các thông tin trong file kết quả truy vấn Database | F69: {1:F01SCBLSGSGAXXX0000000000} {2:I760MCOBVNVXXXXXN} {3:{108:MT760TEST0004}} {4: :15A: :27:1/1 :22A:ISCO :15B: :20:GTE2607240004 :30:260415 :22D:DGAR :40C:URDG :23B:FIXD :52D:/BFICCUHH SCBLSGSG :56D:/BFICCUHH SCBLSGSG :57D:/BFICCUHH SCBLSGSG :32B:USD50000, :77U:GUARANTEE TERMS AND CONDITIONS AS PER STANDARD FORM :58D:/BFICCUHH SCBLSGSG :15C: :22D:DGAR :40C:URDG :23B:FIXD :52D:/BFICCUHH SCBLSGSG :32B:USD50000, :57D:/BFICCUHH SCBLSGSG :45L:UNDERLYING TRADE CONTRACT NO 2026-001 -}{5:{MAC:00000000}{CHK:1A2B3C4D5E6F}} | G69: 2. Hệ thống trả kết quả: HIT với Webservice Identifier loại chủ thể Entity và không HIT với chủ thể Individual, Vessel, Aircraft, Port Câu query kiểm tra kết quả (KET_QUA = HIT): SELECT CASE WHEN COUNT(*) = 6 THEN 'HIT' ELSE 'NO HIT' END AS KET_QUA FROM ( SELECT T.V_TAG_NAME FROM FSI_RT_AL_WLS_RESPONSE T WHERE T.N_GRP_MSG_ID = :N_GRP_MSG_ID AND T.N_WEBSERVICE_ID = 2 AND T.V_TAG_NAME IN ('52D(Sequence B)', '56D(Sequence B)', '57D(Sequence B)', '58D(Sequence B)', '52D(Sequence C)', '57D(Sequence C)') GROUP BY T.V_TAG_NAME HAVING COUNT(CASE WHEN UPPER(T.V_MATCHED_TYPE) = 'ENTITY' THEN 1 END) > 0 AND COUNT(CASE WHEN UPPER(T.V_MATCHED_TYPE) = 'INDIVIDUAL' THEN 1 END) = 0 AND COUNT(CASE WHEN UPPER(T.V_MATCHED_TYPE) = 'VESSEL' THEN 1 END) = 0 AND COUNT(CASE WHEN UPPER(T.V_MATCHED_TYPE) = 'AIRCRAFT' THEN 1 END) = 0 AND COUNT(CASE WHEN UPPER(T.V_MATCHED_TYPE) = 'PORT' THEN 1 END) = 0 ); | I69: High | J69: Manual | K69: Untested | L69: Untested | M69: Untested | P69: [Review] ID trùng MT760.05 (theo MT700 là MT760.06); Notes trống → cần ghi 52D, 56D, 57D, 58D (Sequence B), 52D, 57D (Sequence C).
